day,direction,entry_time,entry_price,exit_time,exit_price,pnl,contracts,risk_dollars,outcome,exit_reason,pivot,flem,flem_saved_time,reentry_time,pivot_time,risk,target,stop_time,stop_price,retrace_at_entry,strong_count_recent3,very_strong,pwin_score
2025-10-01,short,2025-10-01 09:52:00-04:00,24755.25,2025-10-01 09:54:00-04:00,24774.5,-539.0,28,490.0,loss,direction_flip,24764.0,24726.0,2025-10-01 09:51:00-04:00,2025-10-01 09:51:00-04:00,2025-10-01 09:52:00-04:00,8.75,24744.75,2025-10-01 09:54:00-04:00,24764.0,0.2236842105263158,0,False,0.5482582569122314
2025-10-03,long,2025-10-03 09:35:00-04:00,25145.5,2025-10-03 09:38:30-04:00,25160.25,73.75,5,125.0,win,target_scale1,25133.0,25164.25,2025-10-03 09:34:00-04:00,2025-10-03 09:34:00-04:00,2025-10-03 09:34:00-04:00,12.5,25160.5,,,0.392,0,False,0.7735225915908813
2025-10-03,long,2025-10-03 09:35:00-04:00,25145.5,2025-10-03 09:42:00-04:00,25124.0,-107.5,5,125.0,loss,stop,25133.0,25164.25,2025-10-03 09:34:00-04:00,2025-10-03 09:34:00-04:00,2025-10-03 09:34:00-04:00,12.5,25176.75,2025-10-03 09:42:00-04:00,25133.0,0.392,0,False,0.7735225915908813
2025-10-03,long,2025-10-03 09:44:00-04:00,25130.25,2025-10-03 09:47:30-04:00,25149.8,58.64999999999782,3,99.0,win,target_scale1,25113.75,25164.25,2025-10-03 09:43:00-04:00,2025-10-03 09:43:00-04:00,2025-10-03 09:43:00-04:00,16.5,25150.05,,,0.3217821782178218,0,False,0.67709401845932
2025-10-03,long,2025-10-03 09:44:00-04:00,25130.25,2025-10-03 09:57:00-04:00,25107.25,-69.0,3,99.0,loss,direction_flip,25113.75,25164.25,2025-10-03 09:43:00-04:00,2025-10-03 09:43:00-04:00,2025-10-03 09:43:00-04:00,16.5,25171.5,2025-10-03 09:57:00-04:00,25113.75,0.3217821782178218,0,False,0.67709401845932
2025-10-03,short,2025-10-03 10:42:00-04:00,25122.0,2025-10-03 10:43:00-04:00,25114.45,67.94999999999345,9,117.0,win,target_scale1,25128.5,25051.0,2025-10-03 10:41:00-04:00,2025-10-03 10:41:00-04:00,2025-10-03 10:41:00-04:00,6.5,25114.2,,,0.08064516129032258,0,False,0.8824999928474426
2025-10-03,short,2025-10-03 10:42:00-04:00,25122.0,2025-10-03 10:44:00-04:00,25106.0,144.0,9,117.0,win,target_scale2,25128.5,25051.0,2025-10-03 10:41:00-04:00,2025-10-03 10:41:00-04:00,2025-10-03 10:41:00-04:00,6.5,25105.75,,,0.08064516129032258,0,False,0.8824999928474426
2025-10-03,short,2025-10-03 10:42:00-04:00,25122.0,2025-10-03 10:49:30-04:00,25096.25,231.75,9,117.0,win,target_scale3,25128.5,25051.0,2025-10-03 10:41:00-04:00,2025-10-03 10:41:00-04:00,2025-10-03 10:41:00-04:00,6.5,25096.0,,,0.08064516129032258,0,False,0.8824999928474426
2025-10-03,short,2025-10-03 10:42:00-04:00,25122.0,2025-10-03 11:18:00-04:00,25130.75,-96.25,11,143.0,loss,stop,25128.5,25051.0,2025-10-03 10:41:00-04:00,2025-10-03 10:41:00-04:00,2025-10-03 10:41:00-04:00,6.5,25079.75,2025-10-03 11:18:00-04:00,25128.5,0.08064516129032258,0,False,0.8824999928474426
2025-10-03,short,2025-10-03 11:21:00-04:00,25128.0,2025-10-03 11:21:30-04:00,25124.05,67.15000000001237,17,119.0,win,target_scale1,25131.5,25051.0,2025-10-03 11:20:00-04:00,2025-10-03 11:20:00-04:00,2025-10-03 11:20:00-04:00,3.5,25123.8,,,0.040372670807453416,0,False,0.6765359520912171
2025-10-03,short,2025-10-03 11:21:00-04:00,25128.0,2025-10-03 11:22:00-04:00,25137.75,-165.75,17,119.0,loss,stop,25131.5,25051.0,2025-10-03 11:20:00-04:00,2025-10-03 11:20:00-04:00,2025-10-03 11:20:00-04:00,3.5,25119.25,2025-10-03 11:22:00-04:00,25131.5,0.040372670807453416,0,False,0.6765359520912171
2025-10-03,short,2025-10-03 11:25:00-04:00,25141.25,2025-10-03 11:25:30-04:00,25140.0,62.5,50,125.0,win,target_scale1,25142.5,25051.0,2025-10-03 11:24:00-04:00,2025-10-03 11:24:00-04:00,2025-10-03 11:25:00-04:00,1.25,25139.75,,,0.01092896174863388,0,False,0.8911688327789307
2025-10-03,short,2025-10-03 11:25:00-04:00,25141.25,2025-10-03 11:26:00-04:00,25138.375,143.75,50,125.0,win,target_scale2,25142.5,25051.0,2025-10-03 11:24:00-04:00,2025-10-03 11:24:00-04:00,2025-10-03 11:25:00-04:00,1.25,25138.125,,,0.01092896174863388,0,False,0.8911688327789307
2025-10-03,short,2025-10-03 11:25:00-04:00,25141.25,2025-10-03 11:26:30-04:00,25136.5,237.5,50,125.0,win,target_scale3,25142.5,25051.0,2025-10-03 11:24:00-04:00,2025-10-03 11:24:00-04:00,2025-10-03 11:25:00-04:00,1.25,25136.25,,,0.01092896174863388,0,False,0.8911688327789307
2025-10-03,short,2025-10-03 11:25:00-04:00,25141.25,2025-10-03 11:27:00-04:00,25133.375,393.75,50,125.0,win,target,25142.5,25051.0,2025-10-03 11:24:00-04:00,2025-10-03 11:24:00-04:00,2025-10-03 11:25:00-04:00,1.25,25133.125,,,0.01092896174863388,0,False,0.8911688327789307
2025-10-03,short,2025-10-03 11:31:00-04:00,25131.5,2025-10-03 11:40:00-04:00,25122.45,72.39999999999418,8,124.0,win,target_scale1,25139.25,25051.0,2025-10-03 11:30:00-04:00,2025-10-03 11:30:00-04:00,2025-10-03 11:31:00-04:00,7.75,25122.2,,,0.08498583569405099,0,False,0.7785730957984924
2025-10-03,short,2025-10-03 11:31:00-04:00,25131.5,2025-10-03 11:40:30-04:00,25112.375,153.0,8,124.0,win,target_scale2,25139.25,25051.0,2025-10-03 11:30:00-04:00,2025-10-03 11:30:00-04:00,2025-10-03 11:31:00-04:00,7.75,25112.125,,,0.08498583569405099,0,False,0.7785730957984924
2025-10-03,short,2025-10-03 11:31:00-04:00,25131.5,2025-10-03 11:57:00-04:00,25146.75,-122.0,8,124.0,loss,stop,25139.25,25051.0,2025-10-03 11:30:00-04:00,2025-10-03 11:30:00-04:00,2025-10-03 11:31:00-04:00,7.75,25100.5,2025-10-03 11:57:00-04:00,25139.25,0.08498583569405099,0,False,0.7785730957984924
2025-10-03,long,2025-10-03 12:00:00-04:00,25145.5,2025-10-03 12:01:00-04:00,25143.5,-94.0,47,493.5,forced_close,forced_close,25140.25,25152.0,2025-10-03 11:59:00-04:00,2025-10-03 11:59:00-04:00,2025-10-03 12:00:00-04:00,5.25,25151.8,,,0.425531914893617,0,False,0.7520940184593201
2025-10-06,short,2025-10-06 09:39:00-04:00,25178.0,2025-10-06 09:39:30-04:00,25157.25,62.25,3,105.0,win,target_scale1,25195.5,25154.75,2025-10-06 09:38:00-04:00,2025-10-06 09:38:00-04:00,2025-10-06 09:39:00-04:00,17.5,25157.0,,,0.4233128834355828,0,False,0.6532026290893554
2025-10-06,short,2025-10-06 09:39:00-04:00,25178.0,2025-10-06 09:43:30-04:00,25134.5,130.5,3,105.0,win,target_scale2,25195.5,25154.75,2025-10-06 09:38:00-04:00,2025-10-06 09:38:00-04:00,2025-10-06 09:39:00-04:00,17.5,25134.25,,,0.4233128834355828,0,False,0.6532026290893554
2025-10-06,short,2025-10-06 09:39:00-04:00,25178.0,2025-10-06 11:48:00-04:00,25195.75,-53.25,3,105.0,loss,stop,25195.5,25154.75,2025-10-06 09:38:00-04:00,2025-10-06 09:38:00-04:00,2025-10-06 09:39:00-04:00,17.5,25108.0,2025-10-06 11:48:00-04:00,25195.5,0.4233128834355828,0,False,0.6532026290893554
2025-10-06,short,2025-10-06 11:51:00-04:00,25203.25,2025-10-06 11:52:00-04:00,25210.0,-270.0,40,500.0,loss,stop,25209.5,25154.75,2025-10-06 11:50:00-04:00,2025-10-06 11:50:00-04:00,2025-10-06 11:51:00-04:00,6.25,25195.75,2025-10-06 11:52:00-04:00,25209.5,0.1095890410958904,1,False,0.8377164602279663
2025-10-06,short,2025-10-06 11:56:00-04:00,25208.5,2025-10-06 12:01:00-04:00,25203.65,67.89999999997963,14,119.0,win,target_scale1,25212.75,25154.75,2025-10-06 11:55:00-04:00,2025-10-06 11:55:00-04:00,2025-10-06 11:56:00-04:00,4.25,25203.4,,,0.06896551724137931,0,False,0.9899999976158143
2025-10-06,short,2025-10-06 11:56:00-04:00,25208.5,2025-10-06 12:01:00-04:00,25209.0,-7.0,14,119.0,forced_close,forced_close,25212.75,25154.75,2025-10-06 11:55:00-04:00,2025-10-06 11:55:00-04:00,2025-10-06 11:56:00-04:00,4.25,25197.875,,,0.06896551724137931,0,False,0.9899999976158143
2025-10-07,long,2025-10-07 09:39:00-04:00,25250.25,2025-10-07 09:46:00-04:00,25234.5,-315.0,20,500.0,loss,stop,25237.75,25263.0,2025-10-07 09:38:00-04:00,2025-10-07 09:38:00-04:00,2025-10-07 09:38:00-04:00,12.5,25265.25,2025-10-07 09:46:00-04:00,25237.75,0.48514851485148514,0,False,0.6632026195526123
2025-10-07,long,2025-10-07 09:49:00-04:00,25239.0,2025-10-07 09:50:00-04:00,25247.75,70.0,8,120.0,win,target_scale1,25231.5,25263.0,2025-10-07 09:48:00-04:00,2025-10-07 09:48:00-04:00,2025-10-07 09:49:00-04:00,7.5,25248.0,,,0.23015873015873015,0,False,0.9899999976158143
2025-10-07,long,2025-10-07 09:49:00-04:00,25239.0,2025-10-07 09:56:00-04:00,25257.5,148.0,8,120.0,win,target_scale2,25231.5,25263.0,2025-10-07 09:48:00-04:00,2025-10-07 09:48:00-04:00,2025-10-07 09:49:00-04:00,7.5,25257.75,,,0.23015873015873015,0,False,0.9899999976158143
2025-10-07,long,2025-10-07 09:49:00-04:00,25239.0,2025-10-07 10:04:00-04:00,25225.25,-110.0,8,120.0,loss,stop,25231.5,25263.0,2025-10-07 09:48:00-04:00,2025-10-07 09:48:00-04:00,2025-10-07 09:49:00-04:00,7.5,25269.0,2025-10-07 10:04:00-04:00,25231.5,0.23015873015873015,0,False,0.9899999976158143
2025-10-07,long,2025-10-07 10:06:00-04:00,25231.5,2025-10-07 10:10:30-04:00,25251.65,60.450000000004366,3,102.0,win,target_scale1,25214.5,25263.0,2025-10-07 10:05:00-04:00,2025-10-07 10:05:00-04:00,2025-10-07 10:06:00-04:00,17.0,25251.9,,,0.34536082474226804,1,False,0.6947410821914672
2025-10-07,long,2025-10-07 10:06:00-04:00,25231.5,2025-10-07 10:28:00-04:00,25210.5,-63.0,3,102.0,loss,direction_flip,25214.5,25263.0,2025-10-07 10:05:00-04:00,2025-10-07 10:05:00-04:00,2025-10-07 10:06:00-04:00,17.0,25274.0,2025-10-07 10:28:00-04:00,25214.5,0.34536082474226804,1,False,0.6947410821914672
2025-10-07,short,2025-10-07 10:30:00-04:00,25213.0,2025-10-07 10:33:00-04:00,25221.5,-289.0,34,493.0,loss,stop,25220.25,25207.5,2025-10-07 10:29:00-04:00,2025-10-07 10:29:00-04:00,2025-10-07 10:29:00-04:00,7.25,25204.3,2025-10-07 10:33:00-04:00,25220.25,0.5490196078431373,0,False,0.6938889026641846
2025-10-07,short,2025-10-07 10:35:00-04:00,25222.25,2025-10-07 10:35:30-04:00,25214.1,65.20000000001164,8,112.0,win,target_scale1,25229.25,25207.5,2025-10-07 10:34:00-04:00,2025-10-07 10:34:00-04:00,2025-10-07 10:35:00-04:00,7.0,25213.85,,,0.3103448275862069,0,False,0.9660495519638062
2025-10-07,short,2025-10-07 10:35:00-04:00,25222.25,2025-10-07 10:36:00-04:00,25205.0,138.0,8,112.0,win,target_scale2,25229.25,25207.5,2025-10-07 10:34:00-04:00,2025-10-07 10:34:00-04:00,2025-10-07 10:35:00-04:00,7.0,25204.75,,,0.3103448275862069,0,False,0.9660495519638062
2025-10-07,short,2025-10-07 10:35:00-04:00,25222.25,2025-10-07 10:36:30-04:00,25194.5,222.0,8,112.0,win,target_scale3,25229.25,25207.5,2025-10-07 10:34:00-04:00,2025-10-07 10:34:00-04:00,2025-10-07 10:35:00-04:00,7.0,25194.25,,,0.3103448275862069,0,False,0.9660495519638062
2025-10-07,short,2025-10-07 10:35:00-04:00,25222.25,2025-10-07 10:57:00-04:00,25177.0,497.75,11,154.0,win,target,25229.25,25207.5,2025-10-07 10:34:00-04:00,2025-10-07 10:34:00-04:00,2025-10-07 10:35:00-04:00,7.0,25176.75,,,0.3103448275862069,0,False,0.9660495519638062
2025-10-09,short,2025-10-09 09:36:00-04:00,25308.75,2025-10-09 09:37:00-04:00,25304.5,68.0,16,120.0,win,target_scale1,25312.5,25296.75,2025-10-09 09:35:00-04:00,2025-10-09 09:35:00-04:00,2025-10-09 09:35:00-04:00,3.75,25304.25,,,0.2222222222222222,0,False,0.7926892518997193
2025-10-09,short,2025-10-09 09:36:00-04:00,25308.75,2025-10-09 09:38:00-04:00,25299.625,146.0,16,120.0,win,target_scale2,25312.5,25296.75,2025-10-09 09:35:00-04:00,2025-10-09 09:35:00-04:00,2025-10-09 09:35:00-04:00,3.75,25299.375,,,0.2222222222222222,0,False,0.7926892518997193
2025-10-09,short,2025-10-09 09:36:00-04:00,25308.75,2025-10-09 09:39:00-04:00,25294.0,236.0,16,120.0,win,target_scale3,25312.5,25296.75,2025-10-09 09:35:00-04:00,2025-10-09 09:35:00-04:00,2025-10-09 09:35:00-04:00,3.75,25293.75,,,0.2222222222222222,0,False,0.7926892518997193
2025-10-09,short,2025-10-09 09:36:00-04:00,25308.75,2025-10-09 09:41:00-04:00,25284.625,434.25,18,135.0,win,target,25312.5,25296.75,2025-10-09 09:35:00-04:00,2025-10-09 09:35:00-04:00,2025-10-09 09:35:00-04:00,3.75,25284.375,,,0.2222222222222222,0,False,0.7926892518997193
2025-10-09,short,2025-10-09 09:52:00-04:00,25281.25,2025-10-09 10:31:00-04:00,25238.6,42.650000000001455,1,71.5,win,target_scale1,25317.0,25253.75,2025-10-09 09:51:00-04:00,2025-10-09 09:51:00-04:00,2025-10-09 09:52:00-04:00,35.75,25238.35,,,0.5612648221343873,1,False,0.75206618309021
2025-10-09,short,2025-10-09 09:52:00-04:00,25281.25,2025-10-09 10:40:00-04:00,25210.0,142.5,2,143.0,win,target_scale2,25317.0,25253.75,2025-10-09 09:51:00-04:00,2025-10-09 09:51:00-04:00,2025-10-09 09:52:00-04:00,35.75,25209.75,,,0.5612648221343873,1,False,0.75206618309021
2025-10-09,short,2025-10-09 09:52:00-04:00,25281.25,2025-10-09 12:01:00-04:00,25269.5,35.25,3,214.5,forced_close,forced_close,25317.0,25253.75,2025-10-09 09:51:00-04:00,2025-10-09 09:51:00-04:00,2025-10-09 09:52:00-04:00,35.75,25174.0,,,0.5612648221343873,1,False,0.75206618309021
2025-10-10,long,2025-10-10 10:03:00-04:00,25344.0,2025-10-10 10:17:00-04:00,25312.0,-256.0,8,488.0,loss,stop,25313.5,25388.0,2025-10-10 10:02:00-04:00,2025-10-10 10:02:00-04:00,2025-10-10 10:02:00-04:00,30.5,25380.6,2025-10-10 10:17:00-04:00,25313.5,0.40604026845637586,2,False,0.6947410821914672
2025-10-10,long,2025-10-10 10:19:00-04:00,25317.75,2025-10-10 10:21:00-04:00,25335.2,69.80000000000291,4,118.0,win,target_scale1,25303.0,25388.0,2025-10-10 10:18:00-04:00,2025-10-10 10:18:00-04:00,2025-10-10 10:18:00-04:00,14.75,25335.45,,,0.17058823529411765,0,False,0.6632026195526123
2025-10-10,long,2025-10-10 10:19:00-04:00,25317.75,2025-10-10 10:26:00-04:00,25354.375,146.5,4,118.0,win,target_scale2,25303.0,25388.0,2025-10-10 10:18:00-04:00,2025-10-10 10:18:00-04:00,2025-10-10 10:18:00-04:00,14.75,25354.625,,,0.17058823529411765,0,False,0.6632026195526123
2025-10-10,long,2025-10-10 10:19:00-04:00,25317.75,2025-10-10 10:58:00-04:00,25264.25,-214.0,4,118.0,loss,direction_flip,25303.0,25388.0,2025-10-10 10:18:00-04:00,2025-10-10 10:18:00-04:00,2025-10-10 10:18:00-04:00,14.75,25376.75,2025-10-10 10:58:00-04:00,25303.0,0.17058823529411765,0,False,0.6632026195526123
2025-10-13,short,2025-10-13 09:45:00-04:00,24811.5,2025-10-13 09:45:30-04:00,24806.95,68.24999999998909,15,120.0,win,target_scale1,24815.5,24724.5,2025-10-13 09:44:00-04:00,2025-10-13 09:44:00-04:00,2025-10-13 09:45:00-04:00,4.0,24806.7,,,0.04120879120879121,0,False,0.7901892542839051
2025-10-13,short,2025-10-13 09:45:00-04:00,24811.5,2025-10-13 09:45:30-04:00,24801.75,146.25,15,120.0,win,target_scale2,24815.5,24724.5,2025-10-13 09:44:00-04:00,2025-10-13 09:44:00-04:00,2025-10-13 09:45:00-04:00,4.0,24801.5,,,0.04120879120879121,0,False,0.7901892542839051
2025-10-13,short,2025-10-13 09:45:00-04:00,24811.5,2025-10-13 09:46:00-04:00,24795.75,236.25,15,120.0,win,target_scale3,24815.5,24724.5,2025-10-13 09:44:00-04:00,2025-10-13 09:44:00-04:00,2025-10-13 09:45:00-04:00,4.0,24795.5,,,0.04120879120879121,0,False,0.7901892542839051
2025-10-13,short,2025-10-13 09:45:00-04:00,24811.5,2025-10-13 09:46:30-04:00,24785.75,437.75,17,136.0,win,target,24815.5,24724.5,2025-10-13 09:44:00-04:00,2025-10-13 09:44:00-04:00,2025-10-13 09:45:00-04:00,4.0,24785.5,,,0.04120879120879121,0,False,0.7901892542839051
2025-10-13,short,2025-10-13 09:49:00-04:00,24810.5,2025-10-13 09:51:00-04:00,24852.75,-507.0,12,462.0,loss,direction_flip,24829.75,24724.5,2025-10-13 09:47:00-04:00,2025-10-13 09:47:00-04:00,2025-10-13 09:48:00-04:00,19.25,24787.4,2025-10-13 09:51:00-04:00,24829.75,0.18052256532066507,0,False,0.4951068997383118
2025-10-13,long,2025-10-13 09:56:00-04:00,24863.25,2025-10-13 10:00:30-04:00,24900.2,73.90000000000146,2,124.0,win,target_scale1,24832.25,24866.75,2025-10-13 09:55:00-04:00,2025-10-13 09:55:00-04:00,2025-10-13 09:55:00-04:00,31.0,24900.45,,,0.8913043478260869,0,False,0.7538111925125122
2025-10-13,long,2025-10-13 09:56:00-04:00,24863.25,2025-10-13 10:23:00-04:00,24809.0,-108.5,2,124.0,loss,stop,24832.25,24866.75,2025-10-13 09:55:00-04:00,2025-10-13 09:55:00-04:00,2025-10-13 09:55:00-04:00,31.0,24925.25,2025-10-13 10:23:00-04:00,24832.25,0.8913043478260869,0,False,0.7538111925125122
2025-10-13,long,2025-10-13 10:27:00-04:00,24808.0,2025-10-13 10:27:30-04:00,24820.05,72.29999999999563,6,123.0,win,target_scale1,24797.75,24866.75,2025-10-13 10:26:00-04:00,2025-10-13 10:26:00-04:00,2025-10-13 10:27:00-04:00,10.25,24820.3,,,0.14492753623188406,1,False,0.7487606883049012
2025-10-13,long,2025-10-13 10:27:00-04:00,24808.0,2025-10-13 10:32:30-04:00,24833.375,152.25,6,123.0,win,target_scale2,24797.75,24866.75,2025-10-13 10:26:00-04:00,2025-10-13 10:26:00-04:00,2025-10-13 10:27:00-04:00,10.25,24833.625,,,0.14492753623188406,1,False,0.7487606883049012
2025-10-13,long,2025-10-13 10:27:00-04:00,24808.0,2025-10-13 10:34:00-04:00,24848.75,244.5,6,123.0,win,target_scale3,24797.75,24866.75,2025-10-13 10:26:00-04:00,2025-10-13 10:26:00-04:00,2025-10-13 10:27:00-04:00,10.25,24849.0,,,0.14492753623188406,1,False,0.7487606883049012
2025-10-13,long,2025-10-13 10:27:00-04:00,24808.0,2025-10-13 10:35:30-04:00,24874.375,398.25,6,123.0,win,target,24797.75,24866.75,2025-10-13 10:26:00-04:00,2025-10-13 10:26:00-04:00,2025-10-13 10:27:00-04:00,10.25,24874.625,,,0.14492753623188406,1,False,0.7487606883049012
2025-10-13,long,2025-10-13 10:43:00-04:00,24847.75,2025-10-13 10:47:00-04:00,24814.5,-465.5,14,497.0,loss,stop,24830.0,24888.5,2025-10-13 10:42:00-04:00,2025-10-13 10:42:00-04:00,2025-10-13 10:43:00-04:00,17.75,24869.05,2025-10-13 10:47:00-04:00,24830.0,0.29914529914529914,1,False,0.8357051253318787
2025-10-13,long,2025-10-13 10:50:00-04:00,24803.0,2025-10-13 10:50:30-04:00,24805.75,68.75,25,125.0,win,target_scale1,24800.5,24888.5,2025-10-13 10:49:00-04:00,2025-10-13 10:49:00-04:00,2025-10-13 10:50:00-04:00,2.5,24806.0,,,0.02556818181818182,1,False,0.8495254635810852
2025-10-13,long,2025-10-13 10:50:00-04:00,24803.0,2025-10-13 10:51:00-04:00,24795.5,-187.5,25,125.0,loss,direction_flip,24800.5,24888.5,2025-10-13 10:49:00-04:00,2025-10-13 10:49:00-04:00,2025-10-13 10:50:00-04:00,2.5,24809.25,2025-10-13 10:51:00-04:00,24800.5,0.02556818181818182,1,False,0.8495254635810852
2025-10-13,short,2025-10-13 11:12:00-04:00,24820.75,2025-10-13 11:13:00-04:00,24834.5,-646.25,47,493.5,loss,stop,24826.0,24743.5,2025-10-13 11:11:00-04:00,2025-10-13 11:11:00-04:00,2025-10-13 11:12:00-04:00,5.25,24814.45,2025-10-13 11:13:00-04:00,24826.0,0.06060606060606061,1,False,0.9557142734527588
2025-10-14,short,2025-10-14 10:06:00-04:00,24592.25,2025-10-14 10:14:00-04:00,24617.75,-255.0,10,485.0,loss,stop,24616.5,24423.25,2025-10-14 10:05:00-04:00,2025-10-14 10:05:00-04:00,2025-10-14 10:06:00-04:00,24.25,24563.15,2025-10-14 10:14:00-04:00,24616.5,0.12419146183699871,1,False,0.788659679889679
2025-10-14,short,2025-10-14 10:16:00-04:00,24606.5,2025-10-14 10:21:00-04:00,24644.25,-339.75,9,490.5,loss,direction_flip,24633.75,24423.25,2025-10-14 10:15:00-04:00,2025-10-14 10:15:00-04:00,2025-10-14 10:16:00-04:00,27.25,24573.8,2025-10-14 10:21:00-04:00,24633.75,0.12826603325415678,0,False,0.8136596798896789
2025-10-15,short,2025-10-15 09:37:00-04:00,24980.5,2025-10-15 09:38:00-04:00,24972.35,65.20000000001164,8,112.0,win,target_scale1,24987.5,24945.75,2025-10-15 09:36:00-04:00,2025-10-15 09:36:00-04:00,2025-10-15 09:37:00-04:00,7.0,24972.1,,,0.16167664670658682,0,False,0.5332155287265777
2025-10-15,short,2025-10-15 09:37:00-04:00,24980.5,2025-10-15 09:38:00-04:00,24963.25,138.0,8,112.0,win,target_scale2,24987.5,24945.75,2025-10-15 09:36:00-04:00,2025-10-15 09:36:00-04:00,2025-10-15 09:37:00-04:00,7.0,24963.0,,,0.16167664670658682,0,False,0.5332155287265777
2025-10-15,short,2025-10-15 09:37:00-04:00,24980.5,2025-10-15 09:38:30-04:00,24952.75,222.0,8,112.0,win,target_scale3,24987.5,24945.75,2025-10-15 09:36:00-04:00,2025-10-15 09:36:00-04:00,2025-10-15 09:37:00-04:00,7.0,24952.5,,,0.16167664670658682,0,False,0.5332155287265777
2025-10-15,short,2025-10-15 09:37:00-04:00,24980.5,2025-10-15 09:39:00-04:00,24935.25,497.75,11,154.0,win,target,24987.5,24945.75,2025-10-15 09:36:00-04:00,2025-10-15 09:36:00-04:00,2025-10-15 09:37:00-04:00,7.0,24935.0,,,0.16167664670658682,0,False,0.5332155287265777
2025-10-15,short,2025-10-15 09:43:00-04:00,24962.5,2025-10-15 09:44:00-04:00,24950.45,72.29999999999563,6,123.0,win,target_scale1,24972.75,24927.0,2025-10-15 09:42:00-04:00,2025-10-15 09:42:00-04:00,2025-10-15 09:43:00-04:00,10.25,24950.2,,,0.2185792349726776,1,False,0.708074414730072
2025-10-15,short,2025-10-15 09:43:00-04:00,24962.5,2025-10-15 09:44:30-04:00,24937.125,152.25,6,123.0,win,target_scale2,24972.75,24927.0,2025-10-15 09:42:00-04:00,2025-10-15 09:42:00-04:00,2025-10-15 09:43:00-04:00,10.25,24936.875,,,0.2185792349726776,1,False,0.708074414730072
2025-10-15,short,2025-10-15 09:43:00-04:00,24962.5,2025-10-15 09:45:00-04:00,24921.75,244.5,6,123.0,win,target_scale3,24972.75,24927.0,2025-10-15 09:42:00-04:00,2025-10-15 09:42:00-04:00,2025-10-15 09:43:00-04:00,10.25,24921.5,,,0.2185792349726776,1,False,0.708074414730072
2025-10-15,short,2025-10-15 09:43:00-04:00,24962.5,2025-10-15 09:46:00-04:00,24975.5,-78.0,6,123.0,loss,stop,24972.75,24927.0,2025-10-15 09:42:00-04:00,2025-10-15 09:42:00-04:00,2025-10-15 09:43:00-04:00,10.25,24895.875,2025-10-15 09:46:00-04:00,24972.75,0.2185792349726776,1,False,0.708074414730072
2025-10-15,short,2025-10-15 09:53:00-04:00,24974.0,2025-10-15 09:53:30-04:00,24971.85,66.65000000004511,31,124.0,win,target_scale1,24976.0,24897.0,2025-10-15 09:52:00-04:00,2025-10-15 09:52:00-04:00,2025-10-15 09:53:00-04:00,2.0,24971.6,,,0.022151898734177215,1,False,0.5655555605888367
2025-10-15,short,2025-10-15 09:53:00-04:00,24974.0,2025-10-15 09:54:00-04:00,24982.25,-255.75,31,124.0,loss,stop,24976.0,24897.0,2025-10-15 09:52:00-04:00,2025-10-15 09:52:00-04:00,2025-10-15 09:53:00-04:00,2.0,24969.0,2025-10-15 09:54:00-04:00,24976.0,0.022151898734177215,1,False,0.5655555605888367
2025-10-15,long,2025-10-15 09:58:00-04:00,25005.5,2025-10-15 09:59:00-04:00,25017.85,61.749999999992724,5,105.0,win,target_scale1,24995.0,25009.75,2025-10-15 09:57:00-04:00,2025-10-15 09:57:00-04:00,2025-10-15 09:57:00-04:00,10.5,25018.1,,,0.6949152542372882,0,False,0.7072222352027893
2025-10-15,long,2025-10-15 09:58:00-04:00,25005.5,2025-10-15 10:00:30-04:00,25031.5,130.0,5,105.0,win,target_scale2,24995.0,25009.75,2025-10-15 09:57:00-04:00,2025-10-15 09:57:00-04:00,2025-10-15 09:57:00-04:00,10.5,25031.75,,,0.6949152542372882,0,False,0.7072222352027893
2025-10-15,long,2025-10-15 09:58:00-04:00,25005.5,2025-10-15 10:05:30-04:00,25047.25,208.75,5,105.0,win,target_scale3,24995.0,25009.75,2025-10-15 09:57:00-04:00,2025-10-15 09:57:00-04:00,2025-10-15 09:57:00-04:00,10.5,25047.5,,,0.6949152542372882,0,False,0.7072222352027893
2025-10-15,long,2025-10-15 09:58:00-04:00,25005.5,2025-10-15 10:07:30-04:00,25073.5,544.0,8,168.0,win,target,24995.0,25009.75,2025-10-15 09:57:00-04:00,2025-10-15 09:57:00-04:00,2025-10-15 09:57:00-04:00,10.5,25073.75,,,0.6949152542372882,0,False,0.7072222352027893
2025-10-15,long,2025-10-15 11:36:00-04:00,24994.0,2025-10-15 11:36:30-04:00,25005.15,66.90000000000873,6,114.0,win,target_scale1,24984.5,25117.75,2025-10-15 11:35:00-04:00,2025-10-15 11:35:00-04:00,2025-10-15 11:36:00-04:00,9.5,25005.4,,,0.06941838649155722,2,False,0.5325391948223114
2025-10-15,long,2025-10-15 11:36:00-04:00,24994.0,2025-10-15 11:37:00-04:00,24974.75,-115.5,6,114.0,loss,stop,24984.5,25117.75,2025-10-15 11:35:00-04:00,2025-10-15 11:35:00-04:00,2025-10-15 11:36:00-04:00,9.5,25017.75,2025-10-15 11:37:00-04:00,24984.5,0.06941838649155722,2,False,0.5325391948223114
2025-10-15,long,2025-10-15 11:39:00-04:00,24992.0,2025-10-15 11:42:00-04:00,24958.75,-332.5,10,495.0,loss,direction_flip,24967.25,25117.75,2025-10-15 11:38:00-04:00,2025-10-15 11:38:00-04:00,2025-10-15 11:39:00-04:00,24.75,25021.7,2025-10-15 11:42:00-04:00,24967.25,0.16279069767441862,1,False,0.7487606883049012
2025-10-15,short,2025-10-15 11:44:00-04:00,24942.0,2025-10-15 11:50:30-04:00,24910.15,63.69999999999709,2,107.0,win,target_scale1,24968.75,24943.0,2025-10-15 11:43:00-04:00,2025-10-15 11:43:00-04:00,2025-10-15 11:43:00-04:00,26.75,24909.9,,,1.029126213592233,1,False,0.7547162055969239
2025-10-15,short,2025-10-15 11:44:00-04:00,24942.0,2025-10-15 11:51:00-04:00,24888.75,159.75,3,160.5,win,target_scale2,24968.75,24943.0,2025-10-15 11:43:00-04:00,2025-10-15 11:43:00-04:00,2025-10-15 11:43:00-04:00,26.75,24888.5,,,1.029126213592233,1,False,0.7547162055969239
2025-10-15,short,2025-10-15 11:44:00-04:00,24942.0,2025-10-15 12:01:00-04:00,24955.75,-55.0,4,214.0,forced_close,forced_close,24968.75,24943.0,2025-10-15 11:43:00-04:00,2025-10-15 11:43:00-04:00,2025-10-15 11:43:00-04:00,26.75,24861.75,,,1.029126213592233,1,False,0.7547162055969239
2025-10-16,long,2025-10-16 09:34:00-04:00,25082.75,2025-10-16 09:37:00-04:00,25064.0,-375.0,20,490.0,loss,stop,25070.5,25106.0,2025-10-16 09:33:00-04:00,2025-10-16 09:33:00-04:00,2025-10-16 09:33:00-04:00,12.25,25097.45,2025-10-16 09:37:00-04:00,25070.5,0.3380281690140845,1,False,0.8296212196350098
2025-10-16,long,2025-10-16 09:49:00-04:00,25068.25,2025-10-16 09:49:30-04:00,25075.2,69.50000000000728,10,120.0,win,target_scale1,25062.25,25125.5,2025-10-16 09:48:00-04:00,2025-10-16 09:48:00-04:00,2025-10-16 09:48:00-04:00,6.0,25075.45,,,0.09090909090909091,1,False,0.6947410821914672
2025-10-16,long,2025-10-16 09:49:00-04:00,25068.25,2025-10-16 09:50:00-04:00,25050.25,-180.0,10,120.0,loss,stop,25062.25,25125.5,2025-10-16 09:48:00-04:00,2025-10-16 09:48:00-04:00,2025-10-16 09:48:00-04:00,6.0,25083.25,2025-10-16 09:50:00-04:00,25062.25,0.09090909090909091,1,False,0.6947410821914672
2025-10-16,long,2025-10-16 09:58:00-04:00,25064.25,2025-10-16 09:59:30-04:00,25083.8,58.64999999999782,3,99.0,win,target_scale1,25047.75,25096.5,2025-10-16 09:57:00-04:00,2025-10-16 09:57:00-04:00,2025-10-16 09:58:00-04:00,16.5,25084.05,,,0.3333333333333333,0,False,0.5325391948223114
2025-10-16,long,2025-10-16 09:58:00-04:00,25064.25,2025-10-16 10:04:00-04:00,25043.5,-62.25,3,99.0,loss,stop,25047.75,25096.5,2025-10-16 09:57:00-04:00,2025-10-16 09:57:00-04:00,2025-10-16 09:58:00-04:00,16.5,25105.5,2025-10-16 10:04:00-04:00,25047.75,0.3333333333333333,0,False,0.5325391948223114
2025-10-16,long,2025-10-16 10:08:00-04:00,25052.5,2025-10-16 10:09:00-04:00,25058.55,66.549999999992,11,115.5,win,target_scale1,25047.25,25096.5,2025-10-16 10:07:00-04:00,2025-10-16 10:07:00-04:00,2025-10-16 10:08:00-04:00,5.25,25058.8,,,0.10152284263959391,0,False,0.9757142782211303
2025-10-16,long,2025-10-16 10:08:00-04:00,25052.5,2025-10-16 10:09:00-04:00,25065.375,141.625,11,115.5,win,target_scale2,25047.25,25096.5,2025-10-16 10:07:00-04:00,2025-10-16 10:07:00-04:00,2025-10-16 10:08:00-04:00,5.25,25065.625,,,0.10152284263959391,0,False,0.9757142782211303
2025-10-16,long,2025-10-16 10:08:00-04:00,25052.5,2025-10-16 10:12:00-04:00,25031.5,-231.0,11,115.5,loss,direction_flip,25047.25,25096.5,2025-10-16 10:07:00-04:00,2025-10-16 10:07:00-04:00,2025-10-16 10:08:00-04:00,5.25,25073.5,2025-10-16 10:12:00-04:00,25047.25,0.10152284263959391,0,False,0.9757142782211303
2025-10-16,short,2025-10-16 10:15:00-04:00,25043.25,2025-10-16 10:15:30-04:00,25035.7,67.94999999999345,9,117.0,win,target_scale1,25049.75,25013.5,2025-10-16 10:14:00-04:00,2025-10-16 10:14:00-04:00,2025-10-16 10:15:00-04:00,6.5,25035.45,,,0.1724137931034483,0,False,0.5792386531829834
2025-10-16,short,2025-10-16 10:15:00-04:00,25043.25,2025-10-16 10:16:00-04:00,25059.5,-146.25,9,117.0,loss,stop,25049.75,25013.5,2025-10-16 10:14:00-04:00,2025-10-16 10:14:00-04:00,2025-10-16 10:15:00-04:00,6.5,25027.0,2025-10-16 10:16:00-04:00,25049.75,0.1724137931034483,0,False,0.5792386531829834
2025-10-16,long,2025-10-16 10:21:00-04:00,25079.25,2025-10-16 10:22:30-04:00,25095.2,63.80000000000291,4,108.0,win,target_scale1,25065.75,25092.25,2025-10-16 10:20:00-04:00,2025-10-16 10:20:00-04:00,2025-10-16 10:20:00-04:00,13.5,25095.45,,,0.5,0,False,0.7256060600280761
2025-10-16,long,2025-10-16 10:21:00-04:00,25079.25,2025-10-16 10:23:30-04:00,25112.75,134.0,4,108.0,win,target_scale2,25065.75,25092.25,2025-10-16 10:20:00-04:00,2025-10-16 10:20:00-04:00,2025-10-16 10:20:00-04:00,13.5,25113.0,,,0.5,0,False,0.7256060600280761
2025-10-16,long,2025-10-16 10:21:00-04:00,25079.25,2025-10-16 10:27:00-04:00,25049.75,-118.0,4,108.0,loss,stop,25065.75,25092.25,2025-10-16 10:20:00-04:00,2025-10-16 10:20:00-04:00,2025-10-16 10:20:00-04:00,13.5,25133.25,2025-10-16 10:27:00-04:00,25065.75,0.5,0,False,0.7256060600280761
2025-10-16,long,2025-10-16 11:27:00-04:00,25052.0,2025-10-16 11:27:30-04:00,25054.45,66.15000000001965,27,121.5,win,target_scale1,25049.75,25179.75,2025-10-16 11:26:00-04:00,2025-10-16 11:26:00-04:00,2025-10-16 11:27:00-04:00,2.25,25054.7,,,0.015384615384615385,2,False,0.6947410821914672
2025-10-16,long,2025-10-16 11:27:00-04:00,25052.0,2025-10-16 11:28:00-04:00,25044.0,-216.0,27,121.5,loss,stop,25049.75,25179.75,2025-10-16 11:26:00-04:00,2025-10-16 11:26:00-04:00,2025-10-16 11:27:00-04:00,2.25,25057.625,2025-10-16 11:28:00-04:00,25049.75,0.015384615384615385,2,False,0.6947410821914672
2025-10-16,short,2025-10-16 11:34:00-04:00,25031.25,2025-10-16 11:34:30-04:00,25018.3,64.75000000000364,5,110.0,win,target_scale1,25042.25,24999.0,2025-10-16 11:33:00-04:00,2025-10-16 11:33:00-04:00,2025-10-16 11:33:00-04:00,11.0,25018.05,,,0.24855491329479767,1,False,0.8159215807914734
2025-10-16,short,2025-10-16 11:34:00-04:00,25031.25,2025-10-16 11:35:00-04:00,25059.75,-142.5,5,110.0,loss,stop,25042.25,24999.0,2025-10-16 11:33:00-04:00,2025-10-16 11:33:00-04:00,2025-10-16 11:33:00-04:00,11.0,25003.75,2025-10-16 11:35:00-04:00,25042.25,0.24855491329479767,1,False,0.8159215807914734
2025-10-16,short,2025-10-16 11:38:00-04:00,25068.5,2025-10-16 11:38:30-04:00,25065.45,67.09999999998399,22,121.0,win,target_scale1,25071.25,24999.0,2025-10-16 11:37:00-04:00,2025-10-16 11:37:00-04:00,2025-10-16 11:38:00-04:00,2.75,25065.2,,,0.03460207612456748,0,False,0.4250842213630676
2025-10-16,short,2025-10-16 11:38:00-04:00,25068.5,2025-10-16 11:38:30-04:00,25061.875,145.75,22,121.0,win,target_scale2,25071.25,24999.0,2025-10-16 11:37:00-04:00,2025-10-16 11:37:00-04:00,2025-10-16 11:38:00-04:00,2.75,25061.625,,,0.03460207612456748,0,False,0.4250842213630676
2025-10-16,short,2025-10-16 11:38:00-04:00,25068.5,2025-10-16 11:39:00-04:00,25057.75,236.5,22,121.0,win,target_scale3,25071.25,24999.0,2025-10-16 11:37:00-04:00,2025-10-16 11:37:00-04:00,2025-10-16 11:38:00-04:00,2.75,25057.5,,,0.03460207612456748,0,False,0.4250842213630676
2025-10-16,short,2025-10-16 11:38:00-04:00,25068.5,2025-10-16 11:39:30-04:00,25050.875,423.0,24,132.0,win,target,25071.25,24999.0,2025-10-16 11:37:00-04:00,2025-10-16 11:37:00-04:00,2025-10-16 11:38:00-04:00,2.75,25050.625,,,0.03460207612456748,0,False,0.4250842213630676
2025-10-17,long,2025-10-17 09:38:00-04:00,24804.75,2025-10-17 09:40:00-04:00,24735.75,-345.0,5,475.0,loss,stop,24757.25,24801.75,2025-10-17 09:37:00-04:00,2025-10-17 09:37:00-04:00,2025-10-17 09:37:00-04:00,47.5,24861.75,2025-10-17 09:40:00-04:00,24757.25,1.0617977528089888,1,False,0.7563111901283264
2025-10-17,long,2025-10-17 09:43:00-04:00,24731.25,2025-10-17 09:44:00-04:00,24692.25,-429.0,11,489.5,loss,direction_flip,24709.0,24801.75,2025-10-17 09:41:00-04:00,2025-10-17 09:41:00-04:00,2025-10-17 09:43:00-04:00,22.25,24757.95,2025-10-17 09:44:00-04:00,24709.0,0.2371967654986523,0,False,0.6065359473228454
2025-10-17,short,2025-10-17 09:46:00-04:00,24693.75,2025-10-17 09:46:30-04:00,24685.0,70.0,8,120.0,win,target_scale1,24701.25,24672.25,2025-10-17 09:45:00-04:00,2025-10-17 09:45:00-04:00,2025-10-17 09:45:00-04:00,7.5,24684.75,,,0.25,0,False,0.7222727298736572
2025-10-17,short,2025-10-17 09:46:00-04:00,24693.75,2025-10-17 09:48:00-04:00,24726.0,-258.0,8,120.0,loss,stop,24701.25,24672.25,2025-10-17 09:45:00-04:00,2025-10-17 09:45:00-04:00,2025-10-17 09:45:00-04:00,7.5,24675.0,2025-10-17 09:48:00-04:00,24701.25,0.25,0,False,0.7222727298736572
2025-10-17,long,2025-10-17 09:51:00-04:00,24784.75,2025-10-17 09:53:00-04:00,24812.4,55.30000000000291,2,93.0,win,target_scale1,24761.5,24786.5,2025-10-17 09:50:00-04:00,2025-10-17 09:50:00-04:00,2025-10-17 09:50:00-04:00,23.25,24812.65,,,0.92,0,False,0.7979778528213501
2025-10-17,long,2025-10-17 09:51:00-04:00,24784.75,2025-10-17 09:53:30-04:00,24831.0,138.75,3,139.5,win,target_scale2,24761.5,24786.5,2025-10-17 09:50:00-04:00,2025-10-17 09:50:00-04:00,2025-10-17 09:50:00-04:00,23.25,24831.25,,,0.92,0,False,0.7979778528213501
2025-10-17,long,2025-10-17 09:51:00-04:00,24784.75,2025-10-17 09:54:30-04:00,24854.25,347.5,5,232.5,win,target,24761.5,24786.5,2025-10-17 09:50:00-04:00,2025-10-17 09:50:00-04:00,2025-10-17 09:50:00-04:00,23.25,24854.5,,,0.92,0,False,0.7979778528213501
2025-10-17,long,2025-10-17 10:58:00-04:00,24765.5,2025-10-17 10:58:30-04:00,24769.75,68.0,16,120.0,win,target_scale1,24761.75,24960.75,2025-10-17 10:57:00-04:00,2025-10-17 10:57:00-04:00,2025-10-17 10:57:00-04:00,3.75,24770.0,,,0.017587939698492462,0,False,0.9899999976158143
2025-10-17,long,2025-10-17 10:58:00-04:00,24765.5,2025-10-17 10:59:00-04:00,24774.625,146.0,16,120.0,win,target_scale2,24761.75,24960.75,2025-10-17 10:57:00-04:00,2025-10-17 10:57:00-04:00,2025-10-17 10:57:00-04:00,3.75,24774.875,,,0.017587939698492462,0,False,0.9899999976158143
2025-10-17,long,2025-10-17 10:58:00-04:00,24765.5,2025-10-17 11:01:30-04:00,24780.25,236.0,16,120.0,win,target_scale3,24761.75,24960.75,2025-10-17 10:57:00-04:00,2025-10-17 10:57:00-04:00,2025-10-17 10:57:00-04:00,3.75,24780.5,,,0.017587939698492462,0,False,0.9899999976158143
2025-10-17,long,2025-10-17 10:58:00-04:00,24765.5,2025-10-17 11:02:30-04:00,24789.625,434.25,18,135.0,win,target,24761.75,24960.75,2025-10-17 10:57:00-04:00,2025-10-17 10:57:00-04:00,2025-10-17 10:57:00-04:00,3.75,24789.875,,,0.017587939698492462,0,False,0.9899999976158143
2025-10-17,long,2025-10-17 11:14:00-04:00,24767.75,2025-10-17 11:14:30-04:00,24774.4,66.50000000001455,10,115.0,win,target_scale1,24762.0,24960.75,2025-10-17 11:13:00-04:00,2025-10-17 11:13:00-04:00,2025-10-17 11:14:00-04:00,5.75,24774.65,,,0.027672955974842768,0,False,0.89188312292099
2025-10-17,long,2025-10-17 11:14:00-04:00,24767.75,2025-10-17 11:15:00-04:00,24741.0,-267.5,10,115.0,loss,stop,24762.0,24960.75,2025-10-17 11:13:00-04:00,2025-10-17 11:13:00-04:00,2025-10-17 11:14:00-04:00,5.75,24782.125,2025-10-17 11:15:00-04:00,24762.0,0.027672955974842768,0,False,0.89188312292099
2025-10-17,long,2025-10-17 11:20:00-04:00,24749.25,2025-10-17 11:20:30-04:00,24759.8,63.299999999995634,6,108.0,win,target_scale1,24740.25,24960.75,2025-10-17 11:19:00-04:00,2025-10-17 11:19:00-04:00,2025-10-17 11:20:00-04:00,9.0,24760.05,,,0.03968253968253968,0,False,0.7538111925125122
2025-10-17,long,2025-10-17 11:20:00-04:00,24749.25,2025-10-17 11:22:00-04:00,24725.0,-145.5,6,108.0,loss,stop,24740.25,24960.75,2025-10-17 11:19:00-04:00,2025-10-17 11:19:00-04:00,2025-10-17 11:20:00-04:00,9.0,24771.75,2025-10-17 11:22:00-04:00,24740.25,0.03968253968253968,0,False,0.7538111925125122
2025-10-17,long,2025-10-17 11:24:00-04:00,24720.25,2025-10-17 11:24:30-04:00,24727.2,69.50000000000728,10,120.0,win,target_scale1,24714.25,24960.75,2025-10-17 11:23:00-04:00,2025-10-17 11:23:00-04:00,2025-10-17 11:24:00-04:00,6.0,24727.45,,,0.02332657200811359,0,False,0.7911596775054932
2025-10-17,long,2025-10-17 11:24:00-04:00,24720.25,2025-10-17 11:24:30-04:00,24735.0,147.5,10,120.0,win,target_scale2,24714.25,24960.75,2025-10-17 11:23:00-04:00,2025-10-17 11:23:00-04:00,2025-10-17 11:24:00-04:00,6.0,24735.25,,,0.02332657200811359,0,False,0.7911596775054932
2025-10-17,long,2025-10-17 11:24:00-04:00,24720.25,2025-10-17 11:26:30-04:00,24744.0,237.5,10,120.0,win,target_scale3,24714.25,24960.75,2025-10-17 11:23:00-04:00,2025-10-17 11:23:00-04:00,2025-10-17 11:24:00-04:00,6.0,24744.25,,,0.02332657200811359,0,False,0.7911596775054932
2025-10-17,long,2025-10-17 11:24:00-04:00,24720.25,2025-10-17 11:34:00-04:00,24706.0,-156.75,11,132.0,loss,stop,24714.25,24960.75,2025-10-17 11:23:00-04:00,2025-10-17 11:23:00-04:00,2025-10-17 11:24:00-04:00,6.0,24759.25,2025-10-17 11:34:00-04:00,24714.25,0.02332657200811359,0,False,0.7911596775054932
2025-10-17,short,2025-10-17 11:39:00-04:00,24706.75,2025-10-17 11:39:30-04:00,24700.7,66.549999999992,11,115.5,win,target_scale1,24712.0,24674.5,2025-10-17 11:38:00-04:00,2025-10-17 11:38:00-04:00,2025-10-17 11:39:00-04:00,5.25,24700.45,,,0.13333333333333333,0,False,0.7846212148666382
2025-10-17,short,2025-10-17 11:39:00-04:00,24706.75,2025-10-17 11:40:00-04:00,24751.0,-486.75,11,115.5,loss,stop,24712.0,24674.5,2025-10-17 11:38:00-04:00,2025-10-17 11:38:00-04:00,2025-10-17 11:39:00-04:00,5.25,24693.625,2025-10-17 11:40:00-04:00,24712.0,0.13333333333333333,0,False,0.7846212148666382
2025-10-17,long,2025-10-17 11:43:00-04:00,24783.25,2025-10-17 11:47:00-04:00,24800.7,69.80000000000291,4,118.0,win,target_scale1,24768.5,24787.25,2025-10-17 11:42:00-04:00,2025-10-17 11:42:00-04:00,2025-10-17 11:42:00-04:00,14.75,24800.95,,,0.7733333333333333,0,False,0.6065915942192077
2025-10-17,long,2025-10-17 11:43:00-04:00,24783.25,2025-10-17 11:49:00-04:00,24819.875,146.5,4,118.0,win,target_scale2,24768.5,24787.25,2025-10-17 11:42:00-04:00,2025-10-17 11:42:00-04:00,2025-10-17 11:42:00-04:00,14.75,24820.125,,,0.7733333333333333,0,False,0.6065915942192077
2025-10-17,long,2025-10-17 11:43:00-04:00,24783.25,2025-10-17 11:53:00-04:00,24842.0,235.0,4,118.0,win,target_scale3,24768.5,24787.25,2025-10-17 11:42:00-04:00,2025-10-17 11:42:00-04:00,2025-10-17 11:42:00-04:00,14.75,24842.25,,,0.7733333333333333,0,False,0.6065915942192077
2025-10-17,long,2025-10-17 11:43:00-04:00,24783.25,2025-10-17 12:01:00-04:00,24877.5,377.0,4,118.0,forced_close,forced_close,24768.5,24787.25,2025-10-17 11:42:00-04:00,2025-10-17 11:42:00-04:00,2025-10-17 11:42:00-04:00,14.75,24879.125,,,0.7733333333333333,0,False,0.6065915942192077
2025-10-21,short,2025-10-21 09:36:00-04:00,25286.5,2025-10-21 09:37:00-04:00,25284.95,63.54999999997017,41,123.0,win,target_scale1,25288.0,25256.0,2025-10-21 09:35:00-04:00,2025-10-21 09:35:00-04:00,2025-10-21 09:35:00-04:00,1.5,25284.7,,,0.0390625,0,False,0.6687878847122193
2025-10-21,short,2025-10-21 09:36:00-04:00,25286.5,2025-10-21 09:37:00-04:00,25283.0,143.5,41,123.0,win,target_scale2,25288.0,25256.0,2025-10-21 09:35:00-04:00,2025-10-21 09:35:00-04:00,2025-10-21 09:35:00-04:00,1.5,25282.75,,,0.0390625,0,False,0.6687878847122193
2025-10-21,short,2025-10-21 09:36:00-04:00,25286.5,2025-10-21 09:37:00-04:00,25280.75,235.75,41,123.0,win,target_scale3,25288.0,25256.0,2025-10-21 09:35:00-04:00,2025-10-21 09:35:00-04:00,2025-10-21 09:35:00-04:00,1.5,25280.5,,,0.0390625,0,False,0.6687878847122193
2025-10-21,short,2025-10-21 09:36:00-04:00,25286.5,2025-10-21 09:37:30-04:00,25277.0,408.5,43,129.0,win,target,25288.0,25256.0,2025-10-21 09:35:00-04:00,2025-10-21 09:35:00-04:00,2025-10-21 09:35:00-04:00,1.5,25276.75,,,0.0390625,0,False,0.6687878847122193
2025-10-21,short,2025-10-21 10:57:00-04:00,25291.5,2025-10-21 10:57:30-04:00,25288.45,67.09999999998399,22,121.0,win,target_scale1,25294.25,25203.0,2025-10-21 10:56:00-04:00,2025-10-21 10:56:00-04:00,2025-10-21 10:56:00-04:00,2.75,25288.2,,,0.0273972602739726,1,False,0.9757142782211303
2025-10-21,short,2025-10-21 10:57:00-04:00,25291.5,2025-10-21 10:59:00-04:00,25296.75,-115.5,22,121.0,loss,stop,25294.25,25203.0,2025-10-21 10:56:00-04:00,2025-10-21 10:56:00-04:00,2025-10-21 10:56:00-04:00,2.75,25284.625,2025-10-21 10:59:00-04:00,25294.25,0.0273972602739726,1,False,0.9757142782211303
2025-10-21,short,2025-10-21 11:01:00-04:00,25285.25,2025-10-21 11:17:00-04:00,25264.2,63.14999999999782,3,106.5,win,target_scale1,25303.0,25203.0,2025-10-21 11:00:00-04:00,2025-10-21 11:00:00-04:00,2025-10-21 11:01:00-04:00,17.75,25263.95,,,0.175,1,False,0.7338888883590698
2025-10-21,short,2025-10-21 11:01:00-04:00,25285.25,2025-10-21 11:48:00-04:00,25310.75,-76.5,3,106.5,loss,direction_flip,25303.0,25203.0,2025-10-21 11:00:00-04:00,2025-10-21 11:00:00-04:00,2025-10-21 11:01:00-04:00,17.75,25240.875,2025-10-21 11:48:00-04:00,25303.0,0.175,1,False,0.7338888883590698
2025-10-21,long,2025-10-21 11:51:00-04:00,25315.0,2025-10-21 12:01:00-04:00,25327.35,61.749999999992724,5,105.0,win,target_scale1,25304.5,25321.25,2025-10-21 11:50:00-04:00,2025-10-21 11:50:00-04:00,2025-10-21 11:50:00-04:00,10.5,25327.6,,,0.6119402985074627,0,False,0.7235293626785279
2025-10-21,long,2025-10-21 11:51:00-04:00,25315.0,2025-10-21 12:01:00-04:00,25325.5,52.5,5,105.0,forced_close,forced_close,25304.5,25321.25,2025-10-21 11:50:00-04:00,2025-10-21 11:50:00-04:00,2025-10-21 11:50:00-04:00,10.5,25341.25,,,0.6119402985074627,0,False,0.7235293626785279
2025-10-22,short,2025-10-22 09:41:00-04:00,25223.75,2025-10-22 09:42:00-04:00,25245.0,-488.75,23,494.5,loss,stop,25234.5,25172.75,2025-10-22 09:40:00-04:00,2025-10-22 09:40:00-04:00,2025-10-22 09:41:00-04:00,10.75,25210.85,2025-10-22 09:42:00-04:00,25234.5,0.1700404858299595,1,False,0.9888332724571228
2025-10-22,short,2025-10-22 09:45:00-04:00,25259.25,2025-10-22 09:45:30-04:00,25252.6,66.50000000001455,10,115.0,win,target_scale1,25265.0,25172.75,2025-10-22 09:44:00-04:00,2025-10-22 09:44:00-04:00,2025-10-22 09:45:00-04:00,5.75,25252.35,,,0.05962059620596206,0,False,0.5354377448558807
2025-10-22,short,2025-10-22 09:45:00-04:00,25259.25,2025-10-22 09:46:30-04:00,25245.125,141.25,10,115.0,win,target_scale2,25265.0,25172.75,2025-10-22 09:44:00-04:00,2025-10-22 09:44:00-04:00,2025-10-22 09:45:00-04:00,5.75,25244.875,,,0.05962059620596206,0,False,0.5354377448558807
2025-10-22,short,2025-10-22 09:45:00-04:00,25259.25,2025-10-22 09:49:00-04:00,25236.5,227.5,10,115.0,win,target_scale3,25265.0,25172.75,2025-10-22 09:44:00-04:00,2025-10-22 09:44:00-04:00,2025-10-22 09:45:00-04:00,5.75,25236.25,,,0.05962059620596206,0,False,0.5354377448558807
2025-10-22,short,2025-10-22 09:45:00-04:00,25259.25,2025-10-22 09:52:00-04:00,25273.25,-182.0,13,149.5,loss,direction_flip,25265.0,25172.75,2025-10-22 09:44:00-04:00,2025-10-22 09:44:00-04:00,2025-10-22 09:45:00-04:00,5.75,25221.875,2025-10-22 09:52:00-04:00,25265.0,0.05962059620596206,0,False,0.5354377448558807
2025-10-22,long,2025-10-22 09:54:00-04:00,25272.75,2025-10-22 09:54:30-04:00,25278.8,66.549999999992,11,115.5,win,target_scale1,25267.5,25278.5,2025-10-22 09:53:00-04:00,2025-10-22 09:53:00-04:00,2025-10-22 09:54:00-04:00,5.25,25279.05,,,0.45454545454545453,0,False,0.7904273509979248
2025-10-22,long,2025-10-22 09:54:00-04:00,25272.75,2025-10-22 09:55:00-04:00,25285.625,141.625,11,115.5,win,target_scale2,25267.5,25278.5,2025-10-22 09:53:00-04:00,2025-10-22 09:53:00-04:00,2025-10-22 09:54:00-04:00,5.25,25285.875,,,0.45454545454545453,0,False,0.7904273509979248
2025-10-22,long,2025-10-22 09:54:00-04:00,25272.75,2025-10-22 09:57:00-04:00,25259.5,-145.75,11,115.5,loss,stop,25267.5,25278.5,2025-10-22 09:53:00-04:00,2025-10-22 09:53:00-04:00,2025-10-22 09:54:00-04:00,5.25,25293.75,2025-10-22 09:57:00-04:00,25267.5,0.45454545454545453,0,False,0.7904273509979248
2025-10-22,long,2025-10-22 10:00:00-04:00,25258.25,2025-10-22 10:01:00-04:00,25267.0,70.0,8,120.0,win,target_scale1,25250.75,25278.5,2025-10-22 09:59:00-04:00,2025-10-22 09:59:00-04:00,2025-10-22 10:00:00-04:00,7.5,25267.25,,,0.26126126126126126,0,False,0.6065915942192077
2025-10-22,long,2025-10-22 10:00:00-04:00,25258.25,2025-10-22 10:01:30-04:00,25276.75,148.0,8,120.0,win,target_scale2,25250.75,25278.5,2025-10-22 09:59:00-04:00,2025-10-22 09:59:00-04:00,2025-10-22 10:00:00-04:00,7.5,25277.0,,,0.26126126126126126,0,False,0.6065915942192077
2025-10-22,long,2025-10-22 10:00:00-04:00,25258.25,2025-10-22 10:05:00-04:00,25250.0,-66.0,8,120.0,loss,stop,25250.75,25278.5,2025-10-22 09:59:00-04:00,2025-10-22 09:59:00-04:00,2025-10-22 10:00:00-04:00,7.5,25288.25,2025-10-22 10:05:00-04:00,25250.75,0.26126126126126126,0,False,0.6065915942192077
2025-10-22,long,2025-10-22 10:08:00-04:00,25262.0,2025-10-22 10:11:00-04:00,25243.0,-304.0,16,480.0,loss,stop,25247.0,25278.5,2025-10-22 10:07:00-04:00,2025-10-22 10:07:00-04:00,2025-10-22 10:07:00-04:00,15.0,25280.0,2025-10-22 10:11:00-04:00,25247.0,0.46825396825396826,0,False,0.7487606883049012
2025-10-22,long,2025-10-22 10:13:00-04:00,25241.0,2025-10-22 10:14:00-04:00,25223.5,-350.0,20,500.0,loss,stop,25228.5,25278.5,2025-10-22 10:12:00-04:00,2025-10-22 10:12:00-04:00,2025-10-22 10:13:00-04:00,12.5,25256.0,2025-10-22 10:14:00-04:00,25228.5,0.245,0,False,0.6488888978958129
2025-10-22,short,2025-10-22 10:17:00-04:00,25225.25,2025-10-22 10:17:30-04:00,25218.3,69.50000000000728,10,120.0,win,target_scale1,25231.25,25191.0,2025-10-22 10:16:00-04:00,2025-10-22 10:16:00-04:00,2025-10-22 10:17:00-04:00,6.0,25218.05,,,0.14285714285714285,0,False,0.8982051253318787
2025-10-22,short,2025-10-22 10:17:00-04:00,25225.25,2025-10-22 10:20:00-04:00,25237.75,-125.0,10,120.0,loss,stop,25231.25,25191.0,2025-10-22 10:16:00-04:00,2025-10-22 10:16:00-04:00,2025-10-22 10:17:00-04:00,6.0,25210.25,2025-10-22 10:20:00-04:00,25231.25,0.14285714285714285,0,False,0.8982051253318787
2025-10-23,long,2025-10-23 09:36:00-04:00,25044.5,2025-10-23 09:40:00-04:00,25075.75,62.5,2,105.0,win,target_scale1,25018.25,25047.75,2025-10-23 09:35:00-04:00,2025-10-23 09:35:00-04:00,2025-10-23 09:36:00-04:00,26.25,25076.0,,,0.8813559322033898,0,False,0.7072222352027893
2025-10-23,long,2025-10-23 09:36:00-04:00,25044.5,2025-10-23 09:45:30-04:00,25096.75,156.75,3,157.5,win,target_scale2,25018.25,25047.75,2025-10-23 09:35:00-04:00,2025-10-23 09:35:00-04:00,2025-10-23 09:36:00-04:00,26.25,25097.0,,,0.8813559322033898,0,False,0.7072222352027893
2025-10-23,long,2025-10-23 09:36:00-04:00,25044.5,2025-10-23 09:48:30-04:00,25123.0,314.0,4,210.0,win,target,25018.25,25047.75,2025-10-23 09:35:00-04:00,2025-10-23 09:35:00-04:00,2025-10-23 09:36:00-04:00,26.25,25123.25,,,0.8813559322033898,0,False,0.7072222352027893
2025-10-24,long,2025-10-24 09:52:00-04:00,25477.5,2025-10-24 09:55:30-04:00,25493.45,63.80000000000291,4,108.0,win,target_scale1,25464.0,25550.5,2025-10-24 09:51:00-04:00,2025-10-24 09:51:00-04:00,2025-10-24 09:51:00-04:00,13.5,25493.7,,,0.1531791907514451,0,False,0.7487606883049012
2025-10-24,long,2025-10-24 09:52:00-04:00,25477.5,2025-10-24 09:57:30-04:00,25511.0,134.0,4,108.0,win,target_scale2,25464.0,25550.5,2025-10-24 09:51:00-04:00,2025-10-24 09:51:00-04:00,2025-10-24 09:51:00-04:00,13.5,25511.25,,,0.1531791907514451,0,False,0.7487606883049012
2025-10-24,long,2025-10-24 09:52:00-04:00,25477.5,2025-10-24 10:00:00-04:00,25531.25,215.0,4,108.0,win,target_scale3,25464.0,25550.5,2025-10-24 09:51:00-04:00,2025-10-24 09:51:00-04:00,2025-10-24 09:51:00-04:00,13.5,25531.5,,,0.1531791907514451,0,False,0.7487606883049012
2025-10-24,long,2025-10-24 09:52:00-04:00,25477.5,2025-10-24 10:56:00-04:00,25463.75,-82.5,6,162.0,loss,stop,25464.0,25550.5,2025-10-24 09:51:00-04:00,2025-10-24 09:51:00-04:00,2025-10-24 09:51:00-04:00,13.5,25565.25,2025-10-24 10:56:00-04:00,25464.0,0.1531791907514451,0,False,0.7487606883049012
2025-10-24,long,2025-10-24 10:58:00-04:00,25458.5,2025-10-24 11:10:00-04:00,25489.45,61.900000000001455,2,104.0,win,target_scale1,25432.5,25550.5,2025-10-24 10:57:00-04:00,2025-10-24 10:57:00-04:00,2025-10-24 10:57:00-04:00,26.0,25489.7,,,0.21822033898305085,1,False,0.6427521586418152
2025-10-24,long,2025-10-24 10:58:00-04:00,25458.5,2025-10-24 11:15:30-04:00,25510.25,155.25,3,156.0,win,target_scale2,25432.5,25550.5,2025-10-24 10:57:00-04:00,2025-10-24 10:57:00-04:00,2025-10-24 10:57:00-04:00,26.0,25510.5,,,0.21822033898305085,1,False,0.6427521586418152
2025-10-24,long,2025-10-24 10:58:00-04:00,25458.5,2025-10-24 11:24:00-04:00,25536.25,311.0,4,208.0,win,target,25432.5,25550.5,2025-10-24 10:57:00-04:00,2025-10-24 10:57:00-04:00,2025-10-24 10:57:00-04:00,26.0,25536.5,,,0.21822033898305085,1,False,0.6427521586418152
2025-10-27,short,2025-10-27 09:38:00-04:00,25825.25,2025-10-27 09:38:30-04:00,25823.1,66.65000000004511,31,124.0,win,target_scale1,25827.25,25796.25,2025-10-27 09:37:00-04:00,2025-10-27 09:37:00-04:00,2025-10-27 09:38:00-04:00,2.0,25822.85,,,0.056451612903225805,0,False,0.9899999976158143
2025-10-27,short,2025-10-27 09:38:00-04:00,25825.25,2025-10-27 09:39:00-04:00,25839.0,-426.25,31,124.0,loss,stop,25827.25,25796.25,2025-10-27 09:37:00-04:00,2025-10-27 09:37:00-04:00,2025-10-27 09:38:00-04:00,2.0,25820.25,2025-10-27 09:39:00-04:00,25827.25,0.056451612903225805,0,False,0.9899999976158143
2025-10-27,short,2025-10-27 09:41:00-04:00,25838.0,2025-10-27 09:41:30-04:00,25833.75,68.0,16,120.0,win,target_scale1,25841.75,25796.25,2025-10-27 09:40:00-04:00,2025-10-27 09:40:00-04:00,2025-10-27 09:41:00-04:00,3.75,25833.5,,,0.07692307692307693,0,False,1.0
2025-10-27,short,2025-10-27 09:41:00-04:00,25838.0,2025-10-27 09:41:30-04:00,25828.875,146.0,16,120.0,win,target_scale2,25841.75,25796.25,2025-10-27 09:40:00-04:00,2025-10-27 09:40:00-04:00,2025-10-27 09:41:00-04:00,3.75,25828.625,,,0.07692307692307693,0,False,1.0
2025-10-27,short,2025-10-27 09:41:00-04:00,25838.0,2025-10-27 09:42:00-04:00,25823.25,236.0,16,120.0,win,target_scale3,25841.75,25796.25,2025-10-27 09:40:00-04:00,2025-10-27 09:40:00-04:00,2025-10-27 09:41:00-04:00,3.75,25823.0,,,0.07692307692307693,0,False,1.0
2025-10-27,short,2025-10-27 09:41:00-04:00,25838.0,2025-10-27 09:42:30-04:00,25813.875,434.25,18,135.0,win,target,25841.75,25796.25,2025-10-27 09:40:00-04:00,2025-10-27 09:40:00-04:00,2025-10-27 09:41:00-04:00,3.75,25813.625,,,0.07692307692307693,0,False,1.0
2025-10-27,short,2025-10-27 09:44:00-04:00,25820.5,2025-10-27 09:45:00-04:00,25838.5,-450.0,25,487.5,loss,stop,25830.25,25796.25,2025-10-27 09:43:00-04:00,2025-10-27 09:43:00-04:00,2025-10-27 09:44:00-04:00,9.75,25808.8,2025-10-27 09:45:00-04:00,25830.25,0.27941176470588236,0,False,0.9899999976158143
2025-10-27,short,2025-10-27 09:48:00-04:00,25842.0,2025-10-27 09:48:30-04:00,25838.95,67.09999999998399,22,121.0,win,target_scale1,25844.75,25796.25,2025-10-27 09:47:00-04:00,2025-10-27 09:47:00-04:00,2025-10-27 09:47:00-04:00,2.75,25838.7,,,0.05154639175257732,0,False,0.9454545497894287
2025-10-27,short,2025-10-27 09:48:00-04:00,25842.0,2025-10-27 09:48:30-04:00,25835.375,145.75,22,121.0,win,target_scale2,25844.75,25796.25,2025-10-27 09:47:00-04:00,2025-10-27 09:47:00-04:00,2025-10-27 09:47:00-04:00,2.75,25835.125,,,0.05154639175257732,0,False,0.9454545497894287
2025-10-27,short,2025-10-27 09:48:00-04:00,25842.0,2025-10-27 09:49:00-04:00,25831.25,236.5,22,121.0,win,target_scale3,25844.75,25796.25,2025-10-27 09:47:00-04:00,2025-10-27 09:47:00-04:00,2025-10-27 09:47:00-04:00,2.75,25831.0,,,0.05154639175257732,0,False,0.9454545497894287
2025-10-27,short,2025-10-27 09:48:00-04:00,25842.0,2025-10-27 09:50:30-04:00,25824.375,423.0,24,132.0,win,target,25844.75,25796.25,2025-10-27 09:47:00-04:00,2025-10-27 09:47:00-04:00,2025-10-27 09:47:00-04:00,2.75,25824.125,,,0.05154639175257732,0,False,0.9454545497894287
2025-10-27,short,2025-10-27 09:53:00-04:00,25836.75,2025-10-27 09:54:00-04:00,25834.0,68.75,25,125.0,win,target_scale1,25839.25,25796.25,2025-10-27 09:52:00-04:00,2025-10-27 09:52:00-04:00,2025-10-27 09:53:00-04:00,2.5,25833.75,,,0.05232558139534884,0,False,0.6665359616279602
2025-10-27,short,2025-10-27 09:53:00-04:00,25836.75,2025-10-27 09:55:00-04:00,25841.0,-106.25,25,125.0,loss,stop,25839.25,25796.25,2025-10-27 09:52:00-04:00,2025-10-27 09:52:00-04:00,2025-10-27 09:53:00-04:00,2.5,25830.5,2025-10-27 09:55:00-04:00,25839.25,0.05232558139534884,0,False,0.6665359616279602
2025-10-27,short,2025-10-27 09:57:00-04:00,25842.25,2025-10-27 10:02:00-04:00,25860.0,-443.75,25,500.0,loss,direction_flip,25852.25,25796.25,2025-10-27 09:56:00-04:00,2025-10-27 09:56:00-04:00,2025-10-27 09:56:00-04:00,10.0,25830.25,2025-10-27 10:02:00-04:00,25852.25,0.17410714285714285,0,False,0.7719930171966553
2025-10-27,long,2025-10-27 10:04:00-04:00,25871.25,2025-10-27 10:11:00-04:00,25851.5,-296.25,15,487.5,loss,stop,25855.0,25865.25,2025-10-27 10:03:00-04:00,2025-10-27 10:03:00-04:00,2025-10-27 10:03:00-04:00,16.25,25890.75,2025-10-27 10:11:00-04:00,25855.0,1.5609756097560976,1,False,0.738939392566681
2025-10-27,long,2025-10-27 10:17:00-04:00,25846.75,2025-10-27 10:17:30-04:00,25857.3,63.299999999995634,6,108.0,win,target_scale1,25837.75,25867.25,2025-10-27 10:16:00-04:00,2025-10-27 10:16:00-04:00,2025-10-27 10:17:00-04:00,9.0,25857.55,,,0.2966101694915254,0,False,0.7538111925125122
2025-10-27,long,2025-10-27 10:17:00-04:00,25846.75,2025-10-27 10:20:00-04:00,25833.75,-78.0,6,108.0,loss,stop,25837.75,25867.25,2025-10-27 10:16:00-04:00,2025-10-27 10:16:00-04:00,2025-10-27 10:17:00-04:00,9.0,25869.25,2025-10-27 10:20:00-04:00,25837.75,0.2966101694915254,0,False,0.7538111925125122
2025-10-27,long,2025-10-27 10:23:00-04:00,25830.25,2025-10-27 10:23:30-04:00,25836.3,66.549999999992,11,115.5,win,target_scale1,25825.0,25867.25,2025-10-27 10:22:00-04:00,2025-10-27 10:22:00-04:00,2025-10-27 10:23:00-04:00,5.25,25836.55,,,0.11834319526627218,1,False,0.8136596798896789
2025-10-27,long,2025-10-27 10:23:00-04:00,25830.25,2025-10-27 10:25:30-04:00,25843.125,141.625,11,115.5,win,target_scale2,25825.0,25867.25,2025-10-27 10:22:00-04:00,2025-10-27 10:22:00-04:00,2025-10-27 10:23:00-04:00,5.25,25843.375,,,0.11834319526627218,1,False,0.8136596798896789
2025-10-27,long,2025-10-27 10:23:00-04:00,25830.25,2025-10-27 10:28:30-04:00,25851.0,228.25,11,115.5,win,target_scale3,25825.0,25867.25,2025-10-27 10:22:00-04:00,2025-10-27 10:22:00-04:00,2025-10-27 10:23:00-04:00,5.25,25851.25,,,0.11834319526627218,1,False,0.8136596798896789
2025-10-27,long,2025-10-27 10:23:00-04:00,25830.25,2025-10-27 10:29:30-04:00,25864.125,474.25,14,147.0,win,target,25825.0,25867.25,2025-10-27 10:22:00-04:00,2025-10-27 10:22:00-04:00,2025-10-27 10:23:00-04:00,5.25,25864.375,,,0.11834319526627218,1,False,0.8136596798896789
2025-10-27,long,2025-10-27 11:00:00-04:00,25857.75,2025-10-27 11:00:30-04:00,25866.8,72.39999999999418,8,124.0,win,target_scale1,25850.0,25891.75,2025-10-27 10:59:00-04:00,2025-10-27 10:59:00-04:00,2025-10-27 11:00:00-04:00,7.75,25867.05,,,0.17964071856287425,0,False,1.0
2025-10-27,long,2025-10-27 11:00:00-04:00,25857.75,2025-10-27 11:03:00-04:00,25876.875,153.0,8,124.0,win,target_scale2,25850.0,25891.75,2025-10-27 10:59:00-04:00,2025-10-27 10:59:00-04:00,2025-10-27 11:00:00-04:00,7.75,25877.125,,,0.17964071856287425,0,False,1.0
2025-10-27,long,2025-10-27 11:00:00-04:00,25857.75,2025-10-27 11:12:00-04:00,25888.5,246.0,8,124.0,win,target_scale3,25850.0,25891.75,2025-10-27 10:59:00-04:00,2025-10-27 10:59:00-04:00,2025-10-27 11:00:00-04:00,7.75,25888.75,,,0.17964071856287425,0,False,1.0
2025-10-27,long,2025-10-27 11:00:00-04:00,25857.75,2025-10-27 11:45:30-04:00,25907.875,401.0,8,124.0,win,target,25850.0,25891.75,2025-10-27 10:59:00-04:00,2025-10-27 10:59:00-04:00,2025-10-27 11:00:00-04:00,7.75,25908.125,,,0.17964071856287425,0,False,1.0
2025-10-28,long,2025-10-28 09:35:00-04:00,26070.5,2025-10-28 09:36:00-04:00,26073.25,68.75,25,125.0,win,target_scale1,26068.0,26094.0,2025-10-28 09:34:00-04:00,2025-10-28 09:34:00-04:00,2025-10-28 09:35:00-04:00,2.5,26073.5,,,0.08653846153846154,0,False,0.9757142782211303
2025-10-28,long,2025-10-28 09:35:00-04:00,26070.5,2025-10-28 09:36:00-04:00,26045.0,-637.5,25,125.0,loss,direction_flip,26068.0,26094.0,2025-10-28 09:34:00-04:00,2025-10-28 09:34:00-04:00,2025-10-28 09:35:00-04:00,2.5,26076.75,2025-10-28 09:36:00-04:00,26068.0,0.08653846153846154,0,False,0.9757142782211303
2025-10-28,short,2025-10-28 09:38:00-04:00,26056.5,2025-10-28 09:41:00-04:00,26067.0,-304.5,29,493.0,loss,stop,26065.0,26041.75,2025-10-28 09:37:00-04:00,2025-10-28 09:37:00-04:00,2025-10-28 09:37:00-04:00,8.5,26046.3,2025-10-28 09:41:00-04:00,26065.0,0.3548387096774194,0,False,0.7729778528213501
2025-10-28,long,2025-10-28 09:45:00-04:00,26077.75,2025-10-28 09:47:00-04:00,26069.25,-297.5,35,490.0,loss,stop,26070.75,26082.0,2025-10-28 09:44:00-04:00,2025-10-28 09:44:00-04:00,2025-10-28 09:45:00-04:00,7.0,26086.15,2025-10-28 09:47:00-04:00,26070.75,0.6,0,False,0.7038888931274414
2025-10-28,short,2025-10-28 09:51:00-04:00,26041.5,2025-10-28 09:57:00-04:00,26073.0,-378.0,12,486.0,loss,stop,26061.75,26037.0,2025-10-28 09:50:00-04:00,2025-10-28 09:50:00-04:00,2025-10-28 09:50:00-04:00,20.25,26017.2,2025-10-28 09:57:00-04:00,26061.75,0.8080808080808081,2,False,0.7038888931274414
2025-10-28,short,2025-10-28 10:00:00-04:00,26064.25,2025-10-28 10:01:00-04:00,26061.8,66.15000000001965,27,121.5,win,target_scale1,26066.5,26037.0,2025-10-28 09:59:00-04:00,2025-10-28 09:59:00-04:00,2025-10-28 09:59:00-04:00,2.25,26061.55,,,0.06779661016949153,0,False,0.723888897895813
2025-10-28,short,2025-10-28 10:00:00-04:00,26064.25,2025-10-28 10:03:00-04:00,26058.875,145.125,27,121.5,win,target_scale2,26066.5,26037.0,2025-10-28 09:59:00-04:00,2025-10-28 09:59:00-04:00,2025-10-28 09:59:00-04:00,2.25,26058.625,,,0.06779661016949153,0,False,0.723888897895813
2025-10-28,short,2025-10-28 10:00:00-04:00,26064.25,2025-10-28 10:04:00-04:00,26070.75,-175.5,27,121.5,loss,stop,26066.5,26037.0,2025-10-28 09:59:00-04:00,2025-10-28 09:59:00-04:00,2025-10-28 09:59:00-04:00,2.25,26055.25,2025-10-28 10:04:00-04:00,26066.5,0.06779661016949153,0,False,0.723888897895813
2025-10-28,short,2025-10-28 10:09:00-04:00,26058.0,2025-10-28 10:15:00-04:00,26071.5,-256.5,19,484.5,loss,stop,26070.75,26037.0,2025-10-28 10:08:00-04:00,2025-10-28 10:08:00-04:00,2025-10-28 10:08:00-04:00,12.75,26042.7,2025-10-28 10:15:00-04:00,26070.75,0.37037037037037035,0,False,0.7904273509979248
2025-10-28,short,2025-10-28 10:19:00-04:00,26063.5,2025-10-28 10:20:00-04:00,26057.45,66.549999999992,11,115.5,win,target_scale1,26068.75,26037.0,2025-10-28 10:18:00-04:00,2025-10-28 10:18:00-04:00,2025-10-28 10:19:00-04:00,5.25,26057.2,,,0.15748031496062992,0,False,0.6938889026641846
2025-10-28,short,2025-10-28 10:19:00-04:00,26063.5,2025-10-28 10:21:00-04:00,26050.625,141.625,11,115.5,win,target_scale2,26068.75,26037.0,2025-10-28 10:18:00-04:00,2025-10-28 10:18:00-04:00,2025-10-28 10:19:00-04:00,5.25,26050.375,,,0.15748031496062992,0,False,0.6938889026641846
2025-10-28,short,2025-10-28 10:19:00-04:00,26063.5,2025-10-28 10:27:30-04:00,26042.75,228.25,11,115.5,win,target_scale3,26068.75,26037.0,2025-10-28 10:18:00-04:00,2025-10-28 10:18:00-04:00,2025-10-28 10:19:00-04:00,5.25,26042.5,,,0.15748031496062992,0,False,0.6938889026641846
2025-10-28,short,2025-10-28 10:19:00-04:00,26063.5,2025-10-28 10:32:00-04:00,26029.625,474.25,14,147.0,win,target,26068.75,26037.0,2025-10-28 10:18:00-04:00,2025-10-28 10:18:00-04:00,2025-10-28 10:19:00-04:00,5.25,26029.375,,,0.15748031496062992,0,False,0.6938889026641846
2025-10-28,short,2025-10-28 10:39:00-04:00,26044.75,2025-10-28 10:39:30-04:00,26036.0,70.0,8,120.0,win,target_scale1,26052.25,26023.5,2025-10-28 10:38:00-04:00,2025-10-28 10:38:00-04:00,2025-10-28 10:38:00-04:00,7.5,26035.75,,,0.25217391304347825,0,False,0.5325391948223114
2025-10-28,short,2025-10-28 10:39:00-04:00,26044.75,2025-10-28 10:40:00-04:00,26026.25,148.0,8,120.0,win,target_scale2,26052.25,26023.5,2025-10-28 10:38:00-04:00,2025-10-28 10:38:00-04:00,2025-10-28 10:38:00-04:00,7.5,26026.0,,,0.25217391304347825,0,False,0.5325391948223114
2025-10-28,short,2025-10-28 10:39:00-04:00,26044.75,2025-10-28 10:42:30-04:00,26015.0,238.0,8,120.0,win,target_scale3,26052.25,26023.5,2025-10-28 10:38:00-04:00,2025-10-28 10:38:00-04:00,2025-10-28 10:38:00-04:00,7.5,26014.75,,,0.25217391304347825,0,False,0.5325391948223114
2025-10-28,short,2025-10-28 10:39:00-04:00,26044.75,2025-10-28 11:10:00-04:00,26053.0,-74.25,9,135.0,loss,stop,26052.25,26023.5,2025-10-28 10:38:00-04:00,2025-10-28 10:38:00-04:00,2025-10-28 10:38:00-04:00,7.5,25996.0,2025-10-28 11:10:00-04:00,26052.25,0.25217391304347825,0,False,0.5325391948223114
2025-10-28,short,2025-10-28 11:21:00-04:00,26041.5,2025-10-28 11:32:30-04:00,26031.55,69.6500000000051,7,119.0,win,target_scale1,26050.0,26023.5,2025-10-28 11:20:00-04:00,2025-10-28 11:20:00-04:00,2025-10-28 11:20:00-04:00,8.5,26031.3,,,0.3113207547169811,0,False,0.6359053254127502
2025-10-28,short,2025-10-28 11:21:00-04:00,26041.5,2025-10-28 11:35:30-04:00,26020.5,147.0,7,119.0,win,target_scale2,26050.0,26023.5,2025-10-28 11:20:00-04:00,2025-10-28 11:20:00-04:00,2025-10-28 11:20:00-04:00,8.5,26020.25,,,0.3113207547169811,0,False,0.6359053254127502
2025-10-28,short,2025-10-28 11:21:00-04:00,26041.5,2025-10-28 11:36:00-04:00,26007.75,236.25,7,119.0,win,target_scale3,26050.0,26023.5,2025-10-28 11:20:00-04:00,2025-10-28 11:20:00-04:00,2025-10-28 11:20:00-04:00,8.5,26007.5,,,0.3113207547169811,0,False,0.6359053254127502
2025-10-28,short,2025-10-28 11:21:00-04:00,26041.5,2025-10-28 11:40:00-04:00,26051.25,-78.0,8,136.0,loss,stop,26050.0,26023.5,2025-10-28 11:20:00-04:00,2025-10-28 11:20:00-04:00,2025-10-28 11:20:00-04:00,8.5,25986.25,2025-10-28 11:40:00-04:00,26050.0,0.3113207547169811,0,False,0.6359053254127502
2025-10-28,short,2025-10-28 11:50:00-04:00,26045.25,2025-10-28 11:57:00-04:00,26056.25,-451.0,41,492.0,loss,stop,26051.25,26023.5,2025-10-28 11:49:00-04:00,2025-10-28 11:49:00-04:00,2025-10-28 11:49:00-04:00,6.0,26038.05,2025-10-28 11:57:00-04:00,26051.25,0.2072072072072072,0,False,0.7172222256660461
2025-10-28,short,2025-10-28 12:00:00-04:00,26060.25,2025-10-28 12:00:30-04:00,26059.3,58.90000000004511,62,124.0,win,target_scale1,26061.25,26023.5,2025-10-28 11:59:00-04:00,2025-10-28 11:59:00-04:00,2025-10-28 12:00:00-04:00,1.0,26059.05,,,0.019867549668874173,0,False,0.8927072882652283
2025-10-28,short,2025-10-28 12:00:00-04:00,26060.25,2025-10-28 12:01:00-04:00,26067.5,-449.5,62,124.0,loss,stop,26061.25,26023.5,2025-10-28 11:59:00-04:00,2025-10-28 11:59:00-04:00,2025-10-28 12:00:00-04:00,1.0,26057.75,2025-10-28 12:01:00-04:00,26061.25,0.019867549668874173,0,False,0.8927072882652283
2025-10-29,short,2025-10-29 09:40:00-04:00,26272.75,2025-10-29 09:52:00-04:00,26283.5,-258.0,24,492.0,loss,stop,26283.0,26254.25,2025-10-29 09:39:00-04:00,2025-10-29 09:39:00-04:00,2025-10-29 09:40:00-04:00,10.25,26260.45,2025-10-29 09:52:00-04:00,26283.0,0.34782608695652173,0,False,0.7072222352027893
2025-10-29,long,2025-10-29 09:55:00-04:00,26291.0,2025-10-29 09:55:30-04:00,26295.25,68.0,16,120.0,win,target_scale1,26287.25,26298.75,2025-10-29 09:54:00-04:00,2025-10-29 09:54:00-04:00,2025-10-29 09:55:00-04:00,3.75,26295.5,,,0.30434782608695654,0,False,0.9524999976158142
2025-10-29,long,2025-10-29 09:55:00-04:00,26291.0,2025-10-29 09:55:30-04:00,26300.125,146.0,16,120.0,win,target_scale2,26287.25,26298.75,2025-10-29 09:54:00-04:00,2025-10-29 09:54:00-04:00,2025-10-29 09:55:00-04:00,3.75,26300.375,,,0.30434782608695654,0,False,0.9524999976158142
2025-10-29,long,2025-10-29 09:55:00-04:00,26291.0,2025-10-29 09:57:00-04:00,26305.75,236.0,16,120.0,win,target_scale3,26287.25,26298.75,2025-10-29 09:54:00-04:00,2025-10-29 09:54:00-04:00,2025-10-29 09:55:00-04:00,3.75,26306.0,,,0.30434782608695654,0,False,0.9524999976158142
2025-10-29,long,2025-10-29 09:55:00-04:00,26291.0,2025-10-29 09:57:30-04:00,26315.125,434.25,18,135.0,win,target,26287.25,26298.75,2025-10-29 09:54:00-04:00,2025-10-29 09:54:00-04:00,2025-10-29 09:55:00-04:00,3.75,26315.375,,,0.30434782608695654,0,False,0.9524999976158142
2025-10-29,long,2025-10-29 10:06:00-04:00,26285.25,2025-10-29 10:07:00-04:00,26290.7,70.85000000000946,13,123.5,win,target_scale1,26280.5,26326.5,2025-10-29 10:05:00-04:00,2025-10-29 10:05:00-04:00,2025-10-29 10:06:00-04:00,4.75,26290.95,,,0.09782608695652174,1,False,1.0
2025-10-29,long,2025-10-29 10:06:00-04:00,26285.25,2025-10-29 10:08:00-04:00,26277.75,-97.5,13,123.5,loss,stop,26280.5,26326.5,2025-10-29 10:05:00-04:00,2025-10-29 10:05:00-04:00,2025-10-29 10:06:00-04:00,4.75,26297.125,2025-10-29 10:08:00-04:00,26280.5,0.09782608695652174,1,False,1.0
2025-10-29,long,2025-10-29 10:13:00-04:00,26285.0,2025-10-29 10:50:00-04:00,26260.75,-242.5,10,465.0,loss,direction_flip,26261.75,26326.5,2025-10-29 10:12:00-04:00,2025-10-29 10:12:00-04:00,2025-10-29 10:13:00-04:00,23.25,26312.9,2025-10-29 10:50:00-04:00,26261.75,0.3552123552123552,0,False,0.5498364984989166
2025-10-29,short,2025-10-29 10:53:00-04:00,26269.75,2025-10-29 11:10:30-04:00,26254.4,61.39999999999418,4,104.0,win,target_scale1,26282.75,26243.5,2025-10-29 10:52:00-04:00,2025-10-29 10:52:00-04:00,2025-10-29 10:53:00-04:00,13.0,26254.15,,,0.3248407643312102,1,False,0.8709144592285156
2025-10-29,short,2025-10-29 10:53:00-04:00,26269.75,2025-10-29 11:12:30-04:00,26237.5,129.0,4,104.0,win,target_scale2,26282.75,26243.5,2025-10-29 10:52:00-04:00,2025-10-29 10:52:00-04:00,2025-10-29 10:53:00-04:00,13.0,26237.25,,,0.3248407643312102,1,False,0.8709144592285156
2025-10-29,short,2025-10-29 10:53:00-04:00,26269.75,2025-10-29 12:01:00-04:00,26238.0,127.0,4,104.0,forced_close,forced_close,26282.75,26243.5,2025-10-29 10:52:00-04:00,2025-10-29 10:52:00-04:00,2025-10-29 10:53:00-04:00,13.0,26217.75,,,0.3248407643312102,1,False,0.8709144592285156
2025-10-30,short,2025-10-30 09:52:00-04:00,26098.0,2025-10-30 09:54:00-04:00,26116.5,-240.5,13,474.5,loss,stop,26116.25,25941.5,2025-10-30 09:51:00-04:00,2025-10-30 09:51:00-04:00,2025-10-30 09:52:00-04:00,18.25,26076.1,2025-10-30 09:54:00-04:00,26116.25,0.10300429184549356,1,False,0.6947410821914672
2025-10-30,long,2025-10-30 09:57:00-04:00,26128.25,2025-10-30 10:00:30-04:00,26144.2,63.80000000000291,4,108.0,win,target_scale1,26114.75,26147.25,2025-10-30 09:56:00-04:00,2025-10-30 09:56:00-04:00,2025-10-30 09:56:00-04:00,13.5,26144.45,,,0.4076923076923077,0,False,0.7881295680999756
2025-10-30,long,2025-10-30 09:57:00-04:00,26128.25,2025-10-30 10:01:00-04:00,26161.75,134.0,4,108.0,win,target_scale2,26114.75,26147.25,2025-10-30 09:56:00-04:00,2025-10-30 09:56:00-04:00,2025-10-30 09:56:00-04:00,13.5,26162.0,,,0.4076923076923077,0,False,0.7881295680999756
2025-10-30,long,2025-10-30 09:57:00-04:00,26128.25,2025-10-30 10:05:00-04:00,26099.25,-116.0,4,108.0,loss,stop,26114.75,26147.25,2025-10-30 09:56:00-04:00,2025-10-30 09:56:00-04:00,2025-10-30 09:56:00-04:00,13.5,26182.25,2025-10-30 10:05:00-04:00,26114.75,0.4076923076923077,0,False,0.7881295680999756
2025-10-30,long,2025-10-30 10:08:00-04:00,26127.0,2025-10-30 10:08:30-04:00,26132.15,66.95000000001892,13,117.0,win,target_scale1,26122.5,26155.5,2025-10-30 10:07:00-04:00,2025-10-30 10:07:00-04:00,2025-10-30 10:08:00-04:00,4.5,26132.4,,,0.12878787878787878,0,False,0.788659679889679
2025-10-30,long,2025-10-30 10:08:00-04:00,26127.0,2025-10-30 10:09:00-04:00,26101.0,-338.0,13,117.0,loss,stop,26122.5,26155.5,2025-10-30 10:07:00-04:00,2025-10-30 10:07:00-04:00,2025-10-30 10:08:00-04:00,4.5,26138.25,2025-10-30 10:09:00-04:00,26122.5,0.12878787878787878,0,False,0.788659679889679
2025-10-30,long,2025-10-30 10:11:00-04:00,26073.25,2025-10-30 10:11:30-04:00,26079.0,69.0,12,120.0,win,target_scale1,26068.25,26155.5,2025-10-30 10:10:00-04:00,2025-10-30 10:10:00-04:00,2025-10-30 10:11:00-04:00,5.0,26079.25,,,0.054441260744985676,0,False,0.5655555605888367
2025-10-30,long,2025-10-30 10:11:00-04:00,26073.25,2025-10-30 10:11:30-04:00,26085.5,147.0,12,120.0,win,target_scale2,26068.25,26155.5,2025-10-30 10:10:00-04:00,2025-10-30 10:10:00-04:00,2025-10-30 10:11:00-04:00,5.0,26085.75,,,0.054441260744985676,0,False,0.5655555605888367
2025-10-30,long,2025-10-30 10:11:00-04:00,26073.25,2025-10-30 10:12:00-04:00,26093.0,237.0,12,120.0,win,target_scale3,26068.25,26155.5,2025-10-30 10:10:00-04:00,2025-10-30 10:10:00-04:00,2025-10-30 10:11:00-04:00,5.0,26093.25,,,0.054441260744985676,0,False,0.5655555605888367
2025-10-30,long,2025-10-30 10:11:00-04:00,26073.25,2025-10-30 10:15:00-04:00,26105.5,451.5,14,140.0,win,target,26068.25,26155.5,2025-10-30 10:10:00-04:00,2025-10-30 10:10:00-04:00,2025-10-30 10:11:00-04:00,5.0,26105.75,,,0.054441260744985676,0,False,0.5655555605888367
2025-10-30,short,2025-10-30 10:20:00-04:00,26048.5,2025-10-30 10:24:30-04:00,26008.25,40.25,1,67.5,win,target_scale1,26082.25,26038.5,2025-10-30 10:19:00-04:00,2025-10-30 10:19:00-04:00,2025-10-30 10:19:00-04:00,33.75,26008.0,,,0.7657142857142857,0,False,0.7470065951347351
2025-10-30,short,2025-10-30 10:20:00-04:00,26048.5,2025-10-30 10:44:00-04:00,26093.75,-90.5,2,135.0,loss,stop,26082.25,26038.5,2025-10-30 10:19:00-04:00,2025-10-30 10:19:00-04:00,2025-10-30 10:19:00-04:00,33.75,25981.0,2025-10-30 10:44:00-04:00,26082.25,0.7657142857142857,0,False,0.7470065951347351
2025-10-30,short,2025-10-30 10:48:00-04:00,26052.25,2025-10-30 10:52:00-04:00,26029.7,67.64999999999782,3,114.0,win,target_scale1,26071.25,26038.5,2025-10-30 10:47:00-04:00,2025-10-30 10:47:00-04:00,2025-10-30 10:47:00-04:00,19.0,26029.45,,,0.5725190839694656,0,False,0.6359053254127502
2025-10-30,short,2025-10-30 10:48:00-04:00,26052.25,2025-10-30 10:53:30-04:00,26005.0,141.75,3,114.0,win,target_scale2,26071.25,26038.5,2025-10-30 10:47:00-04:00,2025-10-30 10:47:00-04:00,2025-10-30 10:47:00-04:00,19.0,26004.75,,,0.5725190839694656,0,False,0.6359053254127502
2025-10-30,short,2025-10-30 10:48:00-04:00,26052.25,2025-10-30 11:11:00-04:00,26072.5,-60.75,3,114.0,loss,stop,26071.25,26038.5,2025-10-30 10:47:00-04:00,2025-10-30 10:47:00-04:00,2025-10-30 10:47:00-04:00,19.0,25976.25,2025-10-30 11:11:00-04:00,26071.25,0.5725190839694656,0,False,0.6359053254127502
2025-10-30,short,2025-10-30 11:16:00-04:00,26052.75,2025-10-30 11:34:30-04:00,26028.1,73.95000000000437,3,124.5,win,target_scale1,26073.5,26038.5,2025-10-30 11:15:00-04:00,2025-10-30 11:15:00-04:00,2025-10-30 11:15:00-04:00,20.75,26027.85,,,0.5857142857142857,1,False,0.6938889026641846
2025-10-30,short,2025-10-30 11:16:00-04:00,26052.75,2025-10-30 11:38:00-04:00,26011.5,165.0,4,166.0,win,target_scale2,26073.5,26038.5,2025-10-30 11:15:00-04:00,2025-10-30 11:15:00-04:00,2025-10-30 11:15:00-04:00,20.75,26011.25,,,0.5857142857142857,1,False,0.6938889026641846
2025-10-30,short,2025-10-30 11:16:00-04:00,26052.75,2025-10-30 11:40:30-04:00,25990.75,310.0,5,207.5,win,target,26073.5,26038.5,2025-10-30 11:15:00-04:00,2025-10-30 11:15:00-04:00,2025-10-30 11:15:00-04:00,20.75,25990.5,,,0.5857142857142857,1,False,0.6938889026641846
2025-10-31,short,2025-10-31 09:34:00-04:00,26151.75,2025-10-31 09:44:30-04:00,26112.1,39.650000000001455,1,66.5,win,target_scale1,26185.0,26156.25,2025-10-31 09:33:00-04:00,2025-10-31 09:33:00-04:00,2025-10-31 09:33:00-04:00,33.25,26111.85,,,1.1478260869565218,1,False,0.7156249165534974
2025-10-31,short,2025-10-31 09:34:00-04:00,26151.75,2025-10-31 09:54:30-04:00,26085.5,132.5,2,133.0,win,target_scale2,26185.0,26156.25,2025-10-31 09:33:00-04:00,2025-10-31 09:33:00-04:00,2025-10-31 09:33:00-04:00,33.25,26085.25,,,1.1478260869565218,1,False,0.7156249165534974
2025-10-31,short,2025-10-31 09:34:00-04:00,26151.75,2025-10-31 11:56:30-04:00,26052.25,398.0,4,266.0,win,target,26185.0,26156.25,2025-10-31 09:33:00-04:00,2025-10-31 09:33:00-04:00,2025-10-31 09:33:00-04:00,33.25,26052.0,,,1.1478260869565218,1,False,0.7156249165534974
