open_date,direction,displacement_category,entry_time,pivot_time,flem_time,current_time,label,retrace,pivot_price,flem_price,pivot_flem_dist,time_since_pivot_sec,body_last,body_sum,body_mean,in_dir_ratio,max_in_dir_run,bars_since_pivot
2025-01-07,short,high,2025-01-07 09:57:00-05:00,2025-01-07 04:53:00-05:00,2025-01-07 04:39:00-05:00,2025-01-07 09:00:00-05:00,0,2.3157894736842106,21801.5,21792.0,9.5,14820.0,1.25,1.25,1.25,0.0,0,1
2025-01-07,short,high,2025-01-07 09:57:00-05:00,2025-01-07 04:53:00-05:00,2025-01-07 04:39:00-05:00,2025-01-07 09:00:30-05:00,0,1.9736842105263157,21801.5,21792.0,9.5,14850.0,3.0,4.25,2.125,0.0,0,2
2025-01-07,short,high,2025-01-07 09:57:00-05:00,2025-01-07 04:53:00-05:00,2025-01-07 04:39:00-05:00,2025-01-07 09:01:00-05:00,0,1.9210526315789473,21801.5,21792.0,9.5,14880.0,0.5,4.75,1.5833333333333333,0.0,0,3
2025-01-07,short,high,2025-01-07 09:57:00-05:00,2025-01-07 04:53:00-05:00,2025-01-07 04:39:00-05:00,2025-01-07 09:01:30-05:00,0,1.0789473684210527,21801.5,21792.0,9.5,14910.0,8.0,12.75,3.1875,0.0,0,4
2025-01-07,short,high,2025-01-07 09:57:00-05:00,2025-01-07 04:53:00-05:00,2025-01-07 04:39:00-05:00,2025-01-07 09:02:00-05:00,0,1.0263157894736843,21801.5,21792.0,9.5,14940.0,1.0,13.75,2.75,0.0,0,5
2025-01-07,short,high,2025-01-07 09:57:00-05:00,2025-01-07 04:53:00-05:00,2025-01-07 04:39:00-05:00,2025-01-07 09:02:30-05:00,0,0.8157894736842105,21801.5,21792.0,9.5,14970.0,2.0,15.75,2.625,0.0,0,6
2025-01-07,short,high,2025-01-07 09:57:00-05:00,2025-01-07 04:53:00-05:00,2025-01-07 04:39:00-05:00,2025-01-07 09:03:00-05:00,0,1.368421052631579,21801.5,21792.0,9.5,15000.0,5.0,20.75,2.9642857142857144,0.14285714285714285,1,7
2025-01-07,short,high,2025-01-07 09:57:00-05:00,2025-01-07 04:53:00-05:00,2025-01-07 04:39:00-05:00,2025-01-07 09:03:30-05:00,0,0.9736842105263158,21801.5,21792.0,9.5,15030.0,4.0,24.75,3.09375,0.125,1,8
2025-01-07,short,high,2025-01-07 09:57:00-05:00,2025-01-07 04:53:00-05:00,2025-01-07 04:39:00-05:00,2025-01-07 09:04:00-05:00,0,0.9736842105263158,21801.5,21792.0,9.5,15060.0,0.25,25.0,2.7777777777777777,0.1111111111111111,1,9
2025-01-07,short,high,2025-01-07 09:57:00-05:00,2025-01-07 04:53:00-05:00,2025-01-07 04:39:00-05:00,2025-01-07 09:04:30-05:00,0,1.1842105263157894,21801.5,21792.0,9.5,15090.0,1.5,26.5,2.65,0.2,1,10
2025-01-07,short,high,2025-01-07 09:57:00-05:00,2025-01-07 04:53:00-05:00,2025-01-07 04:39:00-05:00,2025-01-07 09:05:00-05:00,0,1.131578947368421,21801.5,21792.0,9.5,15120.0,0.0,26.5,2.409090909090909,0.18181818181818182,1,11
2025-01-07,short,high,2025-01-07 09:57:00-05:00,2025-01-07 04:53:00-05:00,2025-01-07 04:39:00-05:00,2025-01-07 09:05:30-05:00,0,1.2894736842105263,21801.5,21792.0,9.5,15150.0,1.75,28.25,2.3541666666666665,0.25,1,12
2025-01-07,short,high,2025-01-07 09:57:00-05:00,2025-01-07 04:53:00-05:00,2025-01-07 04:39:00-05:00,2025-01-07 09:06:00-05:00,0,1.5526315789473684,21801.5,21792.0,9.5,15180.0,2.75,31.0,2.3846153846153846,0.3076923076923077,2,13
2025-01-07,short,high,2025-01-07 09:57:00-05:00,2025-01-07 04:53:00-05:00,2025-01-07 04:39:00-05:00,2025-01-07 09:06:30-05:00,0,1.236842105263158,21801.5,21792.0,9.5,15210.0,3.75,34.75,2.482142857142857,0.2857142857142857,2,14
2025-01-07,short,high,2025-01-07 09:57:00-05:00,2025-01-07 04:53:00-05:00,2025-01-07 04:39:00-05:00,2025-01-07 09:07:00-05:00,0,1.4736842105263157,21801.5,21792.0,9.5,15240.0,2.5,37.25,2.4833333333333334,0.3333333333333333,2,15
2025-01-07,short,high,2025-01-07 09:57:00-05:00,2025-01-07 04:53:00-05:00,2025-01-07 04:39:00-05:00,2025-01-07 09:07:30-05:00,0,1.5526315789473684,21801.5,21792.0,9.5,15270.0,0.75,38.0,2.375,0.375,2,16
2025-01-07,short,high,2025-01-07 09:57:00-05:00,2025-01-07 04:53:00-05:00,2025-01-07 04:39:00-05:00,2025-01-07 09:08:00-05:00,0,1.236842105263158,21801.5,21792.0,9.5,15300.0,3.25,41.25,2.426470588235294,0.35294117647058826,2,17
2025-01-07,short,high,2025-01-07 09:57:00-05:00,2025-01-07 04:53:00-05:00,2025-01-07 04:39:00-05:00,2025-01-07 09:08:30-05:00,0,0.7631578947368421,21801.5,21792.0,9.5,15330.0,4.25,45.5,2.5277777777777777,0.3333333333333333,2,18
2025-01-07,short,high,2025-01-07 09:57:00-05:00,2025-01-07 04:53:00-05:00,2025-01-07 04:39:00-05:00,2025-01-07 09:09:00-05:00,0,0.7368421052631579,21801.5,21792.0,9.5,15360.0,0.25,45.75,2.4078947368421053,0.3157894736842105,2,19
2025-01-07,short,high,2025-01-07 09:57:00-05:00,2025-01-07 04:53:00-05:00,2025-01-07 04:39:00-05:00,2025-01-07 09:09:30-05:00,0,1.3157894736842106,21801.5,21792.0,9.5,15390.0,5.0,50.75,2.5375,0.35,2,20
2025-01-07,short,high,2025-01-07 09:57:00-05:00,2025-01-07 04:53:00-05:00,2025-01-07 04:39:00-05:00,2025-01-07 09:10:00-05:00,0,1.2105263157894737,21801.5,21792.0,9.5,15420.0,0.75,51.5,2.4523809523809526,0.3333333333333333,2,21
2025-01-07,short,high,2025-01-07 09:57:00-05:00,2025-01-07 04:53:00-05:00,2025-01-07 04:39:00-05:00,2025-01-07 09:10:30-05:00,0,1.1578947368421053,21801.5,21792.0,9.5,15450.0,0.25,51.75,2.352272727272727,0.3181818181818182,2,22
2025-01-07,short,high,2025-01-07 09:57:00-05:00,2025-01-07 04:53:00-05:00,2025-01-07 04:39:00-05:00,2025-01-07 09:11:00-05:00,0,1.4210526315789473,21801.5,21792.0,9.5,15480.0,2.25,54.0,2.347826086956522,0.34782608695652173,2,23
2025-01-07,short,high,2025-01-07 09:57:00-05:00,2025-01-07 04:53:00-05:00,2025-01-07 04:39:00-05:00,2025-01-07 09:11:30-05:00,0,1.6842105263157894,21801.5,21792.0,9.5,15510.0,3.25,57.25,2.3854166666666665,0.375,2,24
2025-01-07,short,high,2025-01-07 09:57:00-05:00,2025-01-07 04:53:00-05:00,2025-01-07 04:39:00-05:00,2025-01-07 09:12:00-05:00,0,1.1842105263157894,21801.5,21792.0,9.5,15540.0,4.5,61.75,2.47,0.36,2,25
2025-01-07,short,high,2025-01-07 09:57:00-05:00,2025-01-07 04:53:00-05:00,2025-01-07 04:39:00-05:00,2025-01-07 09:12:30-05:00,0,0.6842105263157895,21801.5,21792.0,9.5,15570.0,4.5,66.25,2.548076923076923,0.34615384615384615,2,26
2025-01-07,short,high,2025-01-07 09:57:00-05:00,2025-01-07 04:53:00-05:00,2025-01-07 04:39:00-05:00,2025-01-07 09:13:00-05:00,0,0.7631578947368421,21801.5,21792.0,9.5,15600.0,0.5,66.75,2.4722222222222223,0.37037037037037035,2,27
2025-01-07,short,high,2025-01-07 09:57:00-05:00,2025-01-07 04:53:00-05:00,2025-01-07 04:39:00-05:00,2025-01-07 09:13:30-05:00,0,0.7631578947368421,21801.5,21792.0,9.5,15630.0,0.0,66.75,2.3839285714285716,0.35714285714285715,2,28
2025-01-07,short,high,2025-01-07 09:57:00-05:00,2025-01-07 04:53:00-05:00,2025-01-07 04:39:00-05:00,2025-01-07 09:14:00-05:00,0,0.9473684210526315,21801.5,21792.0,9.5,15660.0,2.25,69.0,2.3793103448275863,0.3793103448275862,2,29
2025-01-07,short,high,2025-01-07 09:57:00-05:00,2025-01-07 04:53:00-05:00,2025-01-07 04:39:00-05:00,2025-01-07 09:14:30-05:00,0,1.1842105263157894,21801.5,21792.0,9.5,15690.0,2.25,71.25,2.375,0.4,2,30
2025-01-07,short,high,2025-01-07 09:57:00-05:00,2025-01-07 04:53:00-05:00,2025-01-07 04:39:00-05:00,2025-01-07 09:15:00-05:00,0,1.3157894736842106,21801.5,21792.0,9.5,15720.0,1.5,72.75,2.346774193548387,0.41935483870967744,3,31
2025-01-07,short,high,2025-01-07 09:57:00-05:00,2025-01-07 04:53:00-05:00,2025-01-07 04:39:00-05:00,2025-01-07 09:15:30-05:00,0,1.4210526315789473,21801.5,21792.0,9.5,15750.0,0.5,73.25,2.2890625,0.4375,4,32
2025-01-07,short,high,2025-01-07 09:57:00-05:00,2025-01-07 04:53:00-05:00,2025-01-07 04:39:00-05:00,2025-01-07 09:16:00-05:00,0,1.368421052631579,21801.5,21792.0,9.5,15780.0,0.25,73.5,2.227272727272727,0.45454545454545453,5,33
2025-01-07,short,high,2025-01-07 09:57:00-05:00,2025-01-07 04:53:00-05:00,2025-01-07 04:39:00-05:00,2025-01-07 09:16:30-05:00,0,1.2894736842105263,21801.5,21792.0,9.5,15810.0,1.75,75.25,2.213235294117647,0.4411764705882353,5,34
2025-01-07,short,high,2025-01-07 09:57:00-05:00,2025-01-07 04:53:00-05:00,2025-01-07 04:39:00-05:00,2025-01-07 09:17:00-05:00,0,1.2105263157894737,21801.5,21792.0,9.5,15840.0,1.0,76.25,2.1785714285714284,0.42857142857142855,5,35
2025-01-07,short,high,2025-01-07 09:57:00-05:00,2025-01-07 04:53:00-05:00,2025-01-07 04:39:00-05:00,2025-01-07 09:17:30-05:00,0,0.7894736842105263,21801.5,21792.0,9.5,15870.0,4.25,80.5,2.236111111111111,0.4166666666666667,5,36
2025-01-07,short,high,2025-01-07 09:57:00-05:00,2025-01-07 04:53:00-05:00,2025-01-07 04:39:00-05:00,2025-01-07 09:18:00-05:00,0,1.1842105263157894,21801.5,21792.0,9.5,15900.0,3.75,84.25,2.277027027027027,0.43243243243243246,5,37
2025-01-07,short,high,2025-01-07 09:57:00-05:00,2025-01-07 04:53:00-05:00,2025-01-07 04:39:00-05:00,2025-01-07 09:18:30-05:00,0,1.3421052631578947,21801.5,21792.0,9.5,15930.0,1.25,85.5,2.25,0.4473684210526316,5,38
2025-01-07,short,high,2025-01-07 09:57:00-05:00,2025-01-07 04:53:00-05:00,2025-01-07 04:39:00-05:00,2025-01-07 09:19:00-05:00,0,1.631578947368421,21801.5,21792.0,9.5,15960.0,3.0,88.5,2.269230769230769,0.46153846153846156,5,39
2025-01-07,short,high,2025-01-07 09:57:00-05:00,2025-01-07 04:53:00-05:00,2025-01-07 04:39:00-05:00,2025-01-07 09:19:30-05:00,0,1.8421052631578947,21801.5,21792.0,9.5,15990.0,1.75,90.25,2.25625,0.475,5,40
2025-01-07,short,high,2025-01-07 09:57:00-05:00,2025-01-07 04:53:00-05:00,2025-01-07 04:39:00-05:00,2025-01-07 09:20:00-05:00,0,2.263157894736842,21801.5,21792.0,9.5,16020.0,4.0,94.25,2.298780487804878,0.4878048780487805,5,41
2025-01-07,short,high,2025-01-07 09:57:00-05:00,2025-01-07 04:53:00-05:00,2025-01-07 04:39:00-05:00,2025-01-07 09:20:30-05:00,0,2.5789473684210527,21801.5,21792.0,9.5,16050.0,3.0,97.25,2.3154761904761907,0.5,6,42
2025-01-07,short,high,2025-01-07 09:57:00-05:00,2025-01-07 04:53:00-05:00,2025-01-07 04:39:00-05:00,2025-01-07 09:21:00-05:00,0,2.473684210526316,21801.5,21792.0,9.5,16080.0,1.0,98.25,2.2848837209302326,0.4883720930232558,6,43
2025-01-07,short,high,2025-01-07 09:57:00-05:00,2025-01-07 04:53:00-05:00,2025-01-07 04:39:00-05:00,2025-01-07 09:21:30-05:00,0,2.710526315789474,21801.5,21792.0,9.5,16110.0,2.75,101.0,2.2954545454545454,0.5,6,44
2025-01-07,short,high,2025-01-07 09:57:00-05:00,2025-01-07 04:53:00-05:00,2025-01-07 04:39:00-05:00,2025-01-07 09:22:00-05:00,0,2.8421052631578947,21801.5,21792.0,9.5,16140.0,1.25,102.25,2.272222222222222,0.5111111111111111,6,45
2025-01-07,short,high,2025-01-07 09:57:00-05:00,2025-01-07 04:53:00-05:00,2025-01-07 04:39:00-05:00,2025-01-07 09:22:30-05:00,0,2.6315789473684212,21801.5,21792.0,9.5,16170.0,1.5,103.75,2.255434782608696,0.5,6,46
2025-01-07,short,high,2025-01-07 09:57:00-05:00,2025-01-07 04:53:00-05:00,2025-01-07 04:39:00-05:00,2025-01-07 09:23:00-05:00,0,2.3421052631578947,21801.5,21792.0,9.5,16200.0,2.75,106.5,2.265957446808511,0.48936170212765956,6,47
2025-01-07,short,high,2025-01-07 09:57:00-05:00,2025-01-07 04:53:00-05:00,2025-01-07 04:39:00-05:00,2025-01-07 09:23:30-05:00,0,2.3684210526315788,21801.5,21792.0,9.5,16230.0,0.5,107.0,2.2291666666666665,0.5,6,48
2025-01-07,short,high,2025-01-07 09:57:00-05:00,2025-01-07 04:53:00-05:00,2025-01-07 04:39:00-05:00,2025-01-07 09:24:00-05:00,0,2.1842105263157894,21801.5,21792.0,9.5,16260.0,1.75,108.75,2.2193877551020407,0.4897959183673469,6,49
2025-01-07,short,high,2025-01-07 09:57:00-05:00,2025-01-07 04:53:00-05:00,2025-01-07 04:39:00-05:00,2025-01-07 09:24:30-05:00,0,2.3421052631578947,21801.5,21792.0,9.5,16290.0,1.75,110.5,2.21,0.5,6,50
2025-01-07,short,high,2025-01-07 09:57:00-05:00,2025-01-07 04:53:00-05:00,2025-01-07 04:39:00-05:00,2025-01-07 09:25:00-05:00,0,1.4736842105263157,21801.5,21792.0,9.5,16320.0,7.25,117.75,2.3088235294117645,0.49019607843137253,6,51
2025-01-07,short,high,2025-01-07 09:57:00-05:00,2025-01-07 04:53:00-05:00,2025-01-07 04:39:00-05:00,2025-01-07 09:25:30-05:00,0,1.7105263157894737,21801.5,21792.0,9.5,16350.0,2.75,120.5,2.3173076923076925,0.5,6,52
2025-01-07,short,high,2025-01-07 09:57:00-05:00,2025-01-07 04:53:00-05:00,2025-01-07 04:39:00-05:00,2025-01-07 09:26:00-05:00,0,1.736842105263158,21801.5,21792.0,9.5,16380.0,0.5,121.0,2.2830188679245285,0.5094339622641509,6,53
2025-01-07,short,high,2025-01-07 09:57:00-05:00,2025-01-07 04:53:00-05:00,2025-01-07 04:39:00-05:00,2025-01-07 09:26:30-05:00,0,1.7894736842105263,21801.5,21792.0,9.5,16410.0,0.75,121.75,2.2546296296296298,0.5185185185185185,6,54
2025-01-07,short,high,2025-01-07 09:57:00-05:00,2025-01-07 04:53:00-05:00,2025-01-07 04:39:00-05:00,2025-01-07 09:27:00-05:00,0,1.894736842105263,21801.5,21792.0,9.5,16440.0,1.0,122.75,2.231818181818182,0.5272727272727272,6,55
2025-01-07,short,high,2025-01-07 09:57:00-05:00,2025-01-07 04:53:00-05:00,2025-01-07 04:39:00-05:00,2025-01-07 09:27:30-05:00,0,1.736842105263158,21801.5,21792.0,9.5,16470.0,1.25,124.0,2.2142857142857144,0.5178571428571429,6,56
2025-01-07,short,high,2025-01-07 09:57:00-05:00,2025-01-07 04:53:00-05:00,2025-01-07 04:39:00-05:00,2025-01-07 09:28:00-05:00,0,1.0789473684210527,21801.5,21792.0,9.5,16500.0,6.25,130.25,2.2850877192982457,0.5087719298245614,6,57
2025-01-07,short,high,2025-01-07 09:57:00-05:00,2025-01-07 04:53:00-05:00,2025-01-07 04:39:00-05:00,2025-01-07 09:28:30-05:00,0,0.9473684210526315,21801.5,21792.0,9.5,16530.0,1.5,131.75,2.271551724137931,0.5,6,58
2025-01-07,short,high,2025-01-07 09:57:00-05:00,2025-01-07 04:53:00-05:00,2025-01-07 04:39:00-05:00,2025-01-07 09:29:00-05:00,0,0.7368421052631579,21801.5,21792.0,9.5,16560.0,2.0,133.75,2.266949152542373,0.4915254237288136,6,59
2025-01-07,short,high,2025-01-07 09:57:00-05:00,2025-01-07 04:53:00-05:00,2025-01-07 04:39:00-05:00,2025-01-07 09:29:30-05:00,0,1.0526315789473684,21801.5,21792.0,9.5,16590.0,2.25,136.0,2.2666666666666666,0.5,6,60
2025-01-07,short,high,2025-01-07 09:57:00-05:00,2025-01-07 04:53:00-05:00,2025-01-07 04:39:00-05:00,2025-01-07 09:30:00-05:00,0,0.7894736842105263,21801.5,21792.0,9.5,16620.0,2.25,138.25,2.2663934426229506,0.4918032786885246,6,61
2025-01-07,short,high,2025-01-07 09:57:00-05:00,2025-01-07 04:53:00-05:00,2025-01-07 04:39:00-05:00,2025-01-07 09:30:30-05:00,0,0.8157894736842105,21801.5,21792.0,9.5,16650.0,0.5,138.75,2.2379032258064515,0.5,6,62
2025-01-07,short,high,2025-01-07 09:57:00-05:00,2025-01-07 04:53:00-05:00,2025-01-07 04:39:00-05:00,2025-01-07 09:31:00-05:00,0,0.7368421052631579,21801.5,21792.0,9.5,16680.0,0.0,138.75,2.2023809523809526,0.49206349206349204,6,63
2025-01-07,short,high,2025-01-07 09:57:00-05:00,2025-01-07 04:53:00-05:00,2025-01-07 04:39:00-05:00,2025-01-07 09:31:30-05:00,0,1.5263157894736843,21801.5,21792.0,9.5,16710.0,7.25,146.0,2.28125,0.5,6,64
2025-01-07,short,high,2025-01-07 09:57:00-05:00,2025-01-07 04:53:00-05:00,2025-01-07 04:39:00-05:00,2025-01-07 09:32:00-05:00,0,1.631578947368421,21801.5,21792.0,9.5,16740.0,1.0,147.0,2.2615384615384615,0.5076923076923077,6,65
2025-01-07,short,high,2025-01-07 09:57:00-05:00,2025-01-07 04:53:00-05:00,2025-01-07 04:39:00-05:00,2025-01-07 09:32:30-05:00,0,1.868421052631579,21801.5,21792.0,9.5,16770.0,2.0,149.0,2.257575757575758,0.5151515151515151,6,66
2025-01-07,short,high,2025-01-07 09:57:00-05:00,2025-01-07 04:53:00-05:00,2025-01-07 04:39:00-05:00,2025-01-07 09:33:00-05:00,0,2.1315789473684212,21801.5,21792.0,9.5,16800.0,3.0,152.0,2.2686567164179103,0.5223880597014925,6,67
2025-01-07,short,high,2025-01-07 09:57:00-05:00,2025-01-07 04:53:00-05:00,2025-01-07 04:39:00-05:00,2025-01-07 09:33:30-05:00,0,3.9210526315789473,21801.5,21792.0,9.5,16830.0,16.5,168.5,2.4779411764705883,0.5294117647058824,6,68
2025-01-07,short,high,2025-01-07 09:57:00-05:00,2025-01-07 04:53:00-05:00,2025-01-07 04:39:00-05:00,2025-01-07 09:34:00-05:00,0,4.894736842105263,21801.5,21792.0,9.5,16860.0,9.75,178.25,2.5833333333333335,0.5362318840579711,6,69
2025-01-07,short,high,2025-01-07 09:57:00-05:00,2025-01-07 04:53:00-05:00,2025-01-07 04:39:00-05:00,2025-01-07 09:34:30-05:00,0,5.5,21801.5,21792.0,9.5,16890.0,6.25,184.5,2.6357142857142857,0.5428571428571428,7,70
2025-01-07,short,high,2025-01-07 09:57:00-05:00,2025-01-07 04:53:00-05:00,2025-01-07 04:39:00-05:00,2025-01-07 09:35:00-05:00,0,6.394736842105263,21801.5,21792.0,9.5,16920.0,8.75,193.25,2.721830985915493,0.5492957746478874,8,71
2025-01-07,short,high,2025-01-07 09:57:00-05:00,2025-01-07 04:53:00-05:00,2025-01-07 04:39:00-05:00,2025-01-07 09:35:30-05:00,0,7.131578947368421,21801.5,21792.0,9.5,16950.0,7.0,200.25,2.78125,0.5555555555555556,9,72
2025-01-07,short,high,2025-01-07 09:57:00-05:00,2025-01-07 04:53:00-05:00,2025-01-07 04:39:00-05:00,2025-01-07 09:36:00-05:00,0,7.315789473684211,21801.5,21792.0,9.5,16980.0,2.0,202.25,2.7705479452054793,0.5616438356164384,10,73
2025-01-07,short,high,2025-01-07 09:57:00-05:00,2025-01-07 04:53:00-05:00,2025-01-07 04:39:00-05:00,2025-01-07 09:36:30-05:00,0,7.973684210526316,21801.5,21792.0,9.5,17010.0,6.25,208.5,2.8175675675675675,0.5675675675675675,11,74
2025-01-07,short,high,2025-01-07 09:57:00-05:00,2025-01-07 04:53:00-05:00,2025-01-07 04:39:00-05:00,2025-01-07 09:37:00-05:00,0,7.7631578947368425,21801.5,21792.0,9.5,17040.0,2.0,210.5,2.8066666666666666,0.56,11,75
2025-01-07,short,high,2025-01-07 09:57:00-05:00,2025-01-07 04:53:00-05:00,2025-01-07 04:39:00-05:00,2025-01-07 09:37:30-05:00,0,6.921052631578948,21801.5,21792.0,9.5,17070.0,8.25,218.75,2.8782894736842106,0.5526315789473685,11,76
2025-01-07,short,high,2025-01-07 09:57:00-05:00,2025-01-07 04:53:00-05:00,2025-01-07 04:39:00-05:00,2025-01-07 09:38:00-05:00,0,6.973684210526316,21801.5,21792.0,9.5,17100.0,0.75,219.5,2.8506493506493507,0.5584415584415584,11,77
2025-01-07,short,high,2025-01-07 09:57:00-05:00,2025-01-07 04:53:00-05:00,2025-01-07 04:39:00-05:00,2025-01-07 09:38:30-05:00,0,7.868421052631579,21801.5,21792.0,9.5,17130.0,8.25,227.75,2.9198717948717947,0.5641025641025641,11,78
2025-01-07,short,high,2025-01-07 09:57:00-05:00,2025-01-07 04:53:00-05:00,2025-01-07 04:39:00-05:00,2025-01-07 09:39:00-05:00,0,9.68421052631579,21801.5,21792.0,9.5,17160.0,18.0,245.75,3.1107594936708862,0.569620253164557,11,79
2025-01-07,short,high,2025-01-07 09:57:00-05:00,2025-01-07 04:53:00-05:00,2025-01-07 04:39:00-05:00,2025-01-07 09:39:30-05:00,0,10.473684210526315,21801.5,21792.0,9.5,17190.0,7.5,253.25,3.165625,0.575,11,80
2025-01-07,short,high,2025-01-07 09:57:00-05:00,2025-01-07 04:53:00-05:00,2025-01-07 04:39:00-05:00,2025-01-07 09:40:00-05:00,0,9.105263157894736,21801.5,21792.0,9.5,17220.0,13.0,266.25,3.287037037037037,0.5679012345679012,11,81
2025-01-07,short,high,2025-01-07 09:57:00-05:00,2025-01-07 04:53:00-05:00,2025-01-07 04:39:00-05:00,2025-01-07 09:40:30-05:00,0,8.710526315789474,21801.5,21792.0,9.5,17250.0,4.25,270.5,3.298780487804878,0.5609756097560976,11,82
2025-01-07,short,high,2025-01-07 09:57:00-05:00,2025-01-07 04:53:00-05:00,2025-01-07 04:39:00-05:00,2025-01-07 09:41:00-05:00,0,8.18421052631579,21801.5,21792.0,9.5,17280.0,4.75,275.25,3.316265060240964,0.5542168674698795,11,83
2025-01-07,short,high,2025-01-07 09:57:00-05:00,2025-01-07 04:53:00-05:00,2025-01-07 04:39:00-05:00,2025-01-07 09:41:30-05:00,0,7.7105263157894735,21801.5,21792.0,9.5,17310.0,4.25,279.5,3.3273809523809526,0.5476190476190477,11,84
2025-01-07,short,high,2025-01-07 09:57:00-05:00,2025-01-07 04:53:00-05:00,2025-01-07 04:39:00-05:00,2025-01-07 09:42:00-05:00,0,8.052631578947368,21801.5,21792.0,9.5,17340.0,2.75,282.25,3.320588235294118,0.5529411764705883,11,85
2025-01-07,short,high,2025-01-07 09:57:00-05:00,2025-01-07 04:53:00-05:00,2025-01-07 04:39:00-05:00,2025-01-07 09:42:30-05:00,0,7.131578947368421,21801.5,21792.0,9.5,17370.0,9.0,291.25,3.386627906976744,0.5465116279069767,11,86
2025-01-07,short,high,2025-01-07 09:57:00-05:00,2025-01-07 04:53:00-05:00,2025-01-07 04:39:00-05:00,2025-01-07 09:43:00-05:00,0,5.684210526315789,21801.5,21792.0,9.5,17400.0,13.25,304.5,3.5,0.5402298850574713,11,87
2025-01-07,short,high,2025-01-07 09:57:00-05:00,2025-01-07 04:53:00-05:00,2025-01-07 04:39:00-05:00,2025-01-07 09:43:30-05:00,0,5.552631578947368,21801.5,21792.0,9.5,17430.0,2.0,306.5,3.4829545454545454,0.5340909090909091,11,88
2025-01-07,short,high,2025-01-07 09:57:00-05:00,2025-01-07 04:53:00-05:00,2025-01-07 04:39:00-05:00,2025-01-07 09:44:00-05:00,0,4.5,21801.5,21792.0,9.5,17460.0,9.25,315.75,3.547752808988764,0.5280898876404494,11,89
2025-01-07,short,high,2025-01-07 09:57:00-05:00,2025-01-07 04:53:00-05:00,2025-01-07 04:39:00-05:00,2025-01-07 09:44:30-05:00,0,3.763157894736842,21801.5,21792.0,9.5,17490.0,6.5,322.25,3.5805555555555557,0.5222222222222223,11,90
2025-01-07,short,high,2025-01-07 09:57:00-05:00,2025-01-07 04:53:00-05:00,2025-01-07 04:39:00-05:00,2025-01-07 09:45:00-05:00,0,2.4473684210526314,21801.5,21792.0,9.5,17520.0,12.5,334.75,3.6785714285714284,0.5164835164835165,11,91
2025-01-07,short,high,2025-01-07 09:57:00-05:00,2025-01-07 04:53:00-05:00,2025-01-07 04:39:00-05:00,2025-01-07 09:45:30-05:00,0,2.4210526315789473,21801.5,21792.0,9.5,17550.0,0.0,334.75,3.6385869565217392,0.5108695652173914,11,92
2025-01-07,short,high,2025-01-07 09:57:00-05:00,2025-01-07 04:53:00-05:00,2025-01-07 04:39:00-05:00,2025-01-07 09:46:00-05:00,0,3.263157894736842,21801.5,21792.0,9.5,17580.0,8.5,343.25,3.6908602150537635,0.5161290322580645,11,93
2025-01-07,short,high,2025-01-07 09:57:00-05:00,2025-01-07 04:53:00-05:00,2025-01-07 04:39:00-05:00,2025-01-07 09:46:30-05:00,0,3.763157894736842,21801.5,21792.0,9.5,17610.0,4.75,348.0,3.702127659574468,0.5212765957446809,11,94
2025-01-07,short,high,2025-01-07 09:57:00-05:00,2025-01-07 04:53:00-05:00,2025-01-07 04:39:00-05:00,2025-01-07 09:47:00-05:00,0,4.105263157894737,21801.5,21792.0,9.5,17640.0,3.0,351.0,3.694736842105263,0.5263157894736842,11,95
2025-01-07,short,high,2025-01-07 09:57:00-05:00,2025-01-07 04:53:00-05:00,2025-01-07 04:39:00-05:00,2025-01-07 09:47:30-05:00,0,3.236842105263158,21801.5,21792.0,9.5,17670.0,7.75,358.75,3.7369791666666665,0.5208333333333334,11,96
2025-01-07,short,high,2025-01-07 09:57:00-05:00,2025-01-07 04:53:00-05:00,2025-01-07 04:39:00-05:00,2025-01-07 09:48:00-05:00,0,2.710526315789474,21801.5,21792.0,9.5,17700.0,5.25,364.0,3.752577319587629,0.5154639175257731,11,97
2025-01-07,short,high,2025-01-07 09:57:00-05:00,2025-01-07 04:53:00-05:00,2025-01-07 04:39:00-05:00,2025-01-07 09:48:30-05:00,0,2.736842105263158,21801.5,21792.0,9.5,17730.0,0.0,364.0,3.7142857142857144,0.5102040816326531,11,98
2025-01-07,short,high,2025-01-07 09:57:00-05:00,2025-01-07 04:53:00-05:00,2025-01-07 04:39:00-05:00,2025-01-07 09:49:00-05:00,0,3.736842105263158,21801.5,21792.0,9.5,17760.0,9.75,373.75,3.775252525252525,0.5151515151515151,11,99
2025-01-07,short,high,2025-01-07 09:57:00-05:00,2025-01-07 04:53:00-05:00,2025-01-07 04:39:00-05:00,2025-01-07 09:49:30-05:00,0,4.5,21801.5,21792.0,9.5,17790.0,8.0,381.75,3.8175,0.52,11,100
2025-01-07,short,high,2025-01-07 09:57:00-05:00,2025-01-07 04:53:00-05:00,2025-01-07 04:39:00-05:00,2025-01-07 09:50:00-05:00,0,5.2105263157894735,21801.5,21792.0,9.5,17820.0,6.75,388.5,3.8465346534653464,0.5247524752475248,11,101
2025-01-07,short,high,2025-01-07 09:57:00-05:00,2025-01-07 04:53:00-05:00,2025-01-07 04:39:00-05:00,2025-01-07 09:50:30-05:00,0,5.0,21801.5,21792.0,9.5,17850.0,2.25,390.75,3.8308823529411766,0.5196078431372549,11,102
2025-01-07,short,high,2025-01-07 09:57:00-05:00,2025-01-07 04:53:00-05:00,2025-01-07 04:39:00-05:00,2025-01-07 09:51:00-05:00,0,3.026315789473684,21801.5,21792.0,9.5,17880.0,18.75,409.5,3.9757281553398056,0.5145631067961165,11,103
2025-01-07,short,high,2025-01-07 09:57:00-05:00,2025-01-07 04:53:00-05:00,2025-01-07 04:39:00-05:00,2025-01-07 09:51:30-05:00,0,3.1842105263157894,21801.5,21792.0,9.5,17910.0,1.5,411.0,3.951923076923077,0.5192307692307693,11,104
2025-01-07,short,high,2025-01-07 09:57:00-05:00,2025-01-07 04:53:00-05:00,2025-01-07 04:39:00-05:00,2025-01-07 09:52:00-05:00,0,1.2105263157894737,21801.5,21792.0,9.5,17940.0,18.75,429.75,4.0928571428571425,0.5142857142857142,11,105
2025-01-07,short,high,2025-01-07 09:57:00-05:00,2025-01-07 04:53:00-05:00,2025-01-07 04:39:00-05:00,2025-01-07 09:52:30-05:00,0,1.131578947368421,21801.5,21792.0,9.5,17970.0,0.75,430.5,4.061320754716981,0.5094339622641509,11,106
2025-01-07,short,high,2025-01-07 09:57:00-05:00,2025-01-07 04:53:00-05:00,2025-01-07 04:39:00-05:00,2025-01-07 09:53:00-05:00,0,1.763157894736842,21801.5,21792.0,9.5,18000.0,6.25,436.75,4.081775700934579,0.514018691588785,11,107
2025-01-07,short,high,2025-01-07 09:57:00-05:00,2025-01-07 04:53:00-05:00,2025-01-07 04:39:00-05:00,2025-01-07 09:53:30-05:00,0,3.5526315789473686,21801.5,21792.0,9.5,18030.0,17.5,454.25,4.206018518518518,0.5185185185185185,11,108
2025-01-07,short,high,2025-01-07 09:57:00-05:00,2025-01-07 04:53:00-05:00,2025-01-07 04:39:00-05:00,2025-01-07 09:54:00-05:00,0,4.131578947368421,21801.5,21792.0,9.5,18060.0,5.75,460.0,4.220183486238532,0.5229357798165137,11,109
2025-01-07,short,high,2025-01-07 09:57:00-05:00,2025-01-07 04:53:00-05:00,2025-01-07 04:39:00-05:00,2025-01-07 09:54:30-05:00,0,4.7631578947368425,21801.5,21792.0,9.5,18090.0,5.5,465.5,4.2318181818181815,0.5272727272727272,11,110
2025-01-07,short,high,2025-01-07 09:57:00-05:00,2025-01-07 04:53:00-05:00,2025-01-07 04:39:00-05:00,2025-01-07 09:55:00-05:00,0,3.8157894736842106,21801.5,21792.0,9.5,18120.0,9.0,474.5,4.274774774774775,0.5225225225225225,11,111
2025-01-07,short,high,2025-01-07 09:57:00-05:00,2025-01-07 04:53:00-05:00,2025-01-07 04:39:00-05:00,2025-01-07 09:55:30-05:00,0,3.6315789473684212,21801.5,21792.0,9.5,18150.0,1.5,476.0,4.25,0.5178571428571429,11,112
2025-01-07,short,high,2025-01-07 09:57:00-05:00,2025-01-07 04:53:00-05:00,2025-01-07 04:39:00-05:00,2025-01-07 09:56:00-05:00,0,5.105263157894737,21801.5,21792.0,9.5,18180.0,14.0,490.0,4.336283185840708,0.5221238938053098,11,113
2025-01-07,short,high,2025-01-07 09:57:00-05:00,2025-01-07 04:53:00-05:00,2025-01-07 04:39:00-05:00,2025-01-07 09:56:30-05:00,0,7.052631578947368,21801.5,21792.0,9.5,18210.0,18.5,508.5,4.4605263157894735,0.5263157894736842,11,114
2025-01-07,short,high,2025-01-07 09:57:00-05:00,2025-01-07 04:53:00-05:00,2025-01-07 04:39:00-05:00,2025-01-07 09:57:00-05:00,1,8.210526315789474,21801.5,21792.0,9.5,18240.0,11.75,520.25,4.523913043478261,0.5304347826086957,11,115
2025-02-10,long,high,2025-02-10 09:57:59-05:00,2025-02-10 04:51:00-05:00,2025-02-10 04:46:00-05:00,2025-02-10 09:00:00-05:00,0,8.283582089552239,21649.0,21665.75,16.75,14940.0,7.25,7.25,7.25,1.0,1,1
2025-02-10,long,high,2025-02-10 09:57:59-05:00,2025-02-10 04:51:00-05:00,2025-02-10 04:46:00-05:00,2025-02-10 09:00:30-05:00,0,8.35820895522388,21649.0,21665.75,16.75,14970.0,1.0,8.25,4.125,1.0,2,2
2025-02-10,long,high,2025-02-10 09:57:59-05:00,2025-02-10 04:51:00-05:00,2025-02-10 04:46:00-05:00,2025-02-10 09:01:00-05:00,0,8.432835820895523,21649.0,21665.75,16.75,15000.0,1.25,9.5,3.1666666666666665,1.0,3,3
2025-02-10,long,high,2025-02-10 09:57:59-05:00,2025-02-10 04:51:00-05:00,2025-02-10 04:46:00-05:00,2025-02-10 09:01:30-05:00,0,8.17910447761194,21649.0,21665.75,16.75,15030.0,4.0,13.5,3.375,0.75,3,4
2025-02-10,long,high,2025-02-10 09:57:59-05:00,2025-02-10 04:51:00-05:00,2025-02-10 04:46:00-05:00,2025-02-10 09:02:00-05:00,0,8.074626865671641,21649.0,21665.75,16.75,15060.0,2.0,15.5,3.1,0.6,3,5
2025-02-10,long,high,2025-02-10 09:57:59-05:00,2025-02-10 04:51:00-05:00,2025-02-10 04:46:00-05:00,2025-02-10 09:02:30-05:00,0,8.328358208955224,21649.0,21665.75,16.75,15090.0,3.75,19.25,3.2083333333333335,0.6666666666666666,3,6
2025-02-10,long,high,2025-02-10 09:57:59-05:00,2025-02-10 04:51:00-05:00,2025-02-10 04:46:00-05:00,2025-02-10 09:03:00-05:00,0,8.26865671641791,21649.0,21665.75,16.75,15120.0,0.75,20.0,2.857142857142857,0.5714285714285714,3,7
2025-02-10,long,high,2025-02-10 09:57:59-05:00,2025-02-10 04:51:00-05:00,2025-02-10 04:46:00-05:00,2025-02-10 09:03:30-05:00,0,8.26865671641791,21649.0,21665.75,16.75,15150.0,0.5,20.5,2.5625,0.625,3,8
2025-02-10,long,high,2025-02-10 09:57:59-05:00,2025-02-10 04:51:00-05:00,2025-02-10 04:46:00-05:00,2025-02-10 09:04:00-05:00,0,8.283582089552239,21649.0,21665.75,16.75,15180.0,0.25,20.75,2.3055555555555554,0.6666666666666666,3,9
2025-02-10,long,high,2025-02-10 09:57:59-05:00,2025-02-10 04:51:00-05:00,2025-02-10 04:46:00-05:00,2025-02-10 09:04:30-05:00,0,8.313432835820896,21649.0,21665.75,16.75,15210.0,0.75,21.5,2.15,0.7,3,10
2025-02-10,long,high,2025-02-10 09:57:59-05:00,2025-02-10 04:51:00-05:00,2025-02-10 04:46:00-05:00,2025-02-10 09:05:00-05:00,0,8.149253731343284,21649.0,21665.75,16.75,15240.0,2.75,24.25,2.2045454545454546,0.6363636363636364,3,11
2025-02-10,long,high,2025-02-10 09:57:59-05:00,2025-02-10 04:51:00-05:00,2025-02-10 04:46:00-05:00,2025-02-10 09:05:30-05:00,0,8.104477611940299,21649.0,21665.75,16.75,15270.0,0.75,25.0,2.0833333333333335,0.5833333333333334,3,12
2025-02-10,long,high,2025-02-10 09:57:59-05:00,2025-02-10 04:51:00-05:00,2025-02-10 04:46:00-05:00,2025-02-10 09:06:00-05:00,0,8.029850746268657,21649.0,21665.75,16.75,15300.0,1.5,26.5,2.0384615384615383,0.5384615384615384,3,13
2025-02-10,long,high,2025-02-10 09:57:59-05:00,2025-02-10 04:51:00-05:00,2025-02-10 04:46:00-05:00,2025-02-10 09:06:30-05:00,0,7.955223880597015,21649.0,21665.75,16.75,15330.0,1.25,27.75,1.9821428571428572,0.5,3,14
2025-02-10,long,high,2025-02-10 09:57:59-05:00,2025-02-10 04:51:00-05:00,2025-02-10 04:46:00-05:00,2025-02-10 09:07:00-05:00,0,8.104477611940299,21649.0,21665.75,16.75,15360.0,2.5,30.25,2.0166666666666666,0.5333333333333333,3,15
2025-02-10,long,high,2025-02-10 09:57:59-05:00,2025-02-10 04:51:00-05:00,2025-02-10 04:46:00-05:00,2025-02-10 09:07:30-05:00,0,7.925373134328358,21649.0,21665.75,16.75,15390.0,3.25,33.5,2.09375,0.5,3,16
2025-02-10,long,high,2025-02-10 09:57:59-05:00,2025-02-10 04:51:00-05:00,2025-02-10 04:46:00-05:00,2025-02-10 09:08:00-05:00,0,7.82089552238806,21649.0,21665.75,16.75,15420.0,1.5,35.0,2.0588235294117645,0.47058823529411764,3,17
2025-02-10,long,high,2025-02-10 09:57:59-05:00,2025-02-10 04:51:00-05:00,2025-02-10 04:46:00-05:00,2025-02-10 09:08:30-05:00,0,7.970149253731344,21649.0,21665.75,16.75,15450.0,2.5,37.5,2.0833333333333335,0.5,3,18
2025-02-10,long,high,2025-02-10 09:57:59-05:00,2025-02-10 04:51:00-05:00,2025-02-10 04:46:00-05:00,2025-02-10 09:09:00-05:00,0,7.776119402985074,21649.0,21665.75,16.75,15480.0,3.0,40.5,2.1315789473684212,0.47368421052631576,3,19
2025-02-10,long,high,2025-02-10 09:57:59-05:00,2025-02-10 04:51:00-05:00,2025-02-10 04:46:00-05:00,2025-02-10 09:09:30-05:00,0,7.656716417910448,21649.0,21665.75,16.75,15510.0,2.0,42.5,2.125,0.45,3,20
2025-02-10,long,high,2025-02-10 09:57:59-05:00,2025-02-10 04:51:00-05:00,2025-02-10 04:46:00-05:00,2025-02-10 09:10:00-05:00,0,7.388059701492537,21649.0,21665.75,16.75,15540.0,4.5,47.0,2.238095238095238,0.42857142857142855,3,21
2025-02-10,long,high,2025-02-10 09:57:59-05:00,2025-02-10 04:51:00-05:00,2025-02-10 04:46:00-05:00,2025-02-10 09:10:30-05:00,0,7.343283582089552,21649.0,21665.75,16.75,15570.0,0.5,47.5,2.159090909090909,0.4090909090909091,3,22
2025-02-10,long,high,2025-02-10 09:57:59-05:00,2025-02-10 04:51:00-05:00,2025-02-10 04:46:00-05:00,2025-02-10 09:11:00-05:00,0,7.2388059701492535,21649.0,21665.75,16.75,15600.0,1.5,49.0,2.130434782608696,0.391304347826087,3,23
2025-02-10,long,high,2025-02-10 09:57:59-05:00,2025-02-10 04:51:00-05:00,2025-02-10 04:46:00-05:00,2025-02-10 09:11:30-05:00,0,7.402985074626866,21649.0,21665.75,16.75,15630.0,3.0,52.0,2.1666666666666665,0.4166666666666667,3,24
2025-02-10,long,high,2025-02-10 09:57:59-05:00,2025-02-10 04:51:00-05:00,2025-02-10 04:46:00-05:00,2025-02-10 09:12:00-05:00,0,7.298507462686567,21649.0,21665.75,16.75,15660.0,1.75,53.75,2.15,0.4,3,25
2025-02-10,long,high,2025-02-10 09:57:59-05:00,2025-02-10 04:51:00-05:00,2025-02-10 04:46:00-05:00,2025-02-10 09:12:30-05:00,0,7.253731343283582,21649.0,21665.75,16.75,15690.0,1.0,54.75,2.105769230769231,0.38461538461538464,3,26
2025-02-10,long,high,2025-02-10 09:57:59-05:00,2025-02-10 04:51:00-05:00,2025-02-10 04:46:00-05:00,2025-02-10 09:13:00-05:00,0,7.358208955223881,21649.0,21665.75,16.75,15720.0,1.75,56.5,2.0925925925925926,0.4074074074074074,3,27
2025-02-10,long,high,2025-02-10 09:57:59-05:00,2025-02-10 04:51:00-05:00,2025-02-10 04:46:00-05:00,2025-02-10 09:13:30-05:00,0,7.104477611940299,21649.0,21665.75,16.75,15750.0,4.5,61.0,2.1785714285714284,0.39285714285714285,3,28
2025-02-10,long,high,2025-02-10 09:57:59-05:00,2025-02-10 04:51:00-05:00,2025-02-10 04:46:00-05:00,2025-02-10 09:14:00-05:00,0,7.119402985074627,21649.0,21665.75,16.75,15780.0,0.25,61.25,2.1120689655172415,0.41379310344827586,3,29
2025-02-10,long,high,2025-02-10 09:57:59-05:00,2025-02-10 04:51:00-05:00,2025-02-10 04:46:00-05:00,2025-02-10 09:14:30-05:00,0,7.149253731343284,21649.0,21665.75,16.75,15810.0,0.75,62.0,2.066666666666667,0.43333333333333335,3,30
2025-02-10,long,high,2025-02-10 09:57:59-05:00,2025-02-10 04:51:00-05:00,2025-02-10 04:46:00-05:00,2025-02-10 09:15:00-05:00,0,6.970149253731344,21649.0,21665.75,16.75,15840.0,2.75,64.75,2.088709677419355,0.41935483870967744,3,31
2025-02-10,long,high,2025-02-10 09:57:59-05:00,2025-02-10 04:51:00-05:00,2025-02-10 04:46:00-05:00,2025-02-10 09:15:30-05:00,0,6.940298507462686,21649.0,21665.75,16.75,15870.0,0.75,65.5,2.046875,0.40625,3,32
2025-02-10,long,high,2025-02-10 09:57:59-05:00,2025-02-10 04:51:00-05:00,2025-02-10 04:46:00-05:00,2025-02-10 09:16:00-05:00,0,6.82089552238806,21649.0,21665.75,16.75,15900.0,1.75,67.25,2.037878787878788,0.3939393939393939,3,33
2025-02-10,long,high,2025-02-10 09:57:59-05:00,2025-02-10 04:51:00-05:00,2025-02-10 04:46:00-05:00,2025-02-10 09:16:30-05:00,0,6.8059701492537314,21649.0,21665.75,16.75,15930.0,0.25,67.5,1.9852941176470589,0.38235294117647056,3,34
2025-02-10,long,high,2025-02-10 09:57:59-05:00,2025-02-10 04:51:00-05:00,2025-02-10 04:46:00-05:00,2025-02-10 09:17:00-05:00,0,6.91044776119403,21649.0,21665.75,16.75,15960.0,1.5,69.0,1.9714285714285715,0.4,3,35
2025-02-10,long,high,2025-02-10 09:57:59-05:00,2025-02-10 04:51:00-05:00,2025-02-10 04:46:00-05:00,2025-02-10 09:17:30-05:00,0,6.91044776119403,21649.0,21665.75,16.75,15990.0,0.25,69.25,1.9236111111111112,0.4166666666666667,3,36
2025-02-10,long,high,2025-02-10 09:57:59-05:00,2025-02-10 04:51:00-05:00,2025-02-10 04:46:00-05:00,2025-02-10 09:18:00-05:00,0,6.925373134328358,21649.0,21665.75,16.75,16020.0,0.75,70.0,1.8918918918918919,0.43243243243243246,3,37
2025-02-10,long,high,2025-02-10 09:57:59-05:00,2025-02-10 04:51:00-05:00,2025-02-10 04:46:00-05:00,2025-02-10 09:18:30-05:00,0,6.955223880597015,21649.0,21665.75,16.75,16050.0,1.0,71.0,1.868421052631579,0.4473684210526316,4,38
2025-02-10,long,high,2025-02-10 09:57:59-05:00,2025-02-10 04:51:00-05:00,2025-02-10 04:46:00-05:00,2025-02-10 09:19:00-05:00,0,7.059701492537314,21649.0,21665.75,16.75,16080.0,1.5,72.5,1.858974358974359,0.46153846153846156,5,39
2025-02-10,long,high,2025-02-10 09:57:59-05:00,2025-02-10 04:51:00-05:00,2025-02-10 04:46:00-05:00,2025-02-10 09:19:30-05:00,0,7.0,21649.0,21665.75,16.75,16110.0,1.0,73.5,1.8375,0.45,5,40
2025-02-10,long,high,2025-02-10 09:57:59-05:00,2025-02-10 04:51:00-05:00,2025-02-10 04:46:00-05:00,2025-02-10 09:20:00-05:00,0,6.865671641791045,21649.0,21665.75,16.75,16140.0,2.75,76.25,1.8597560975609757,0.43902439024390244,5,41
2025-02-10,long,high,2025-02-10 09:57:59-05:00,2025-02-10 04:51:00-05:00,2025-02-10 04:46:00-05:00,2025-02-10 09:20:30-05:00,0,6.880597014925373,21649.0,21665.75,16.75,16170.0,0.75,77.0,1.8333333333333333,0.4523809523809524,5,42
2025-02-10,long,high,2025-02-10 09:57:59-05:00,2025-02-10 04:51:00-05:00,2025-02-10 04:46:00-05:00,2025-02-10 09:21:00-05:00,0,6.955223880597015,21649.0,21665.75,16.75,16200.0,1.25,78.25,1.819767441860465,0.46511627906976744,5,43
2025-02-10,long,high,2025-02-10 09:57:59-05:00,2025-02-10 04:51:00-05:00,2025-02-10 04:46:00-05:00,2025-02-10 09:21:30-05:00,0,6.82089552238806,21649.0,21665.75,16.75,16230.0,2.75,81.0,1.8409090909090908,0.45454545454545453,5,44
2025-02-10,long,high,2025-02-10 09:57:59-05:00,2025-02-10 04:51:00-05:00,2025-02-10 04:46:00-05:00,2025-02-10 09:22:00-05:00,0,6.522388059701493,21649.0,21665.75,16.75,16260.0,4.75,85.75,1.9055555555555554,0.4444444444444444,5,45
2025-02-10,long,high,2025-02-10 09:57:59-05:00,2025-02-10 04:51:00-05:00,2025-02-10 04:46:00-05:00,2025-02-10 09:22:30-05:00,0,6.567164179104478,21649.0,21665.75,16.75,16290.0,0.75,86.5,1.8804347826086956,0.45652173913043476,5,46
2025-02-10,long,high,2025-02-10 09:57:59-05:00,2025-02-10 04:51:00-05:00,2025-02-10 04:46:00-05:00,2025-02-10 09:23:00-05:00,0,6.597014925373134,21649.0,21665.75,16.75,16320.0,0.0,86.5,1.8404255319148937,0.44680851063829785,5,47
2025-02-10,long,high,2025-02-10 09:57:59-05:00,2025-02-10 04:51:00-05:00,2025-02-10 04:46:00-05:00,2025-02-10 09:23:30-05:00,0,6.417910447761194,21649.0,21665.75,16.75,16350.0,2.75,89.25,1.859375,0.4375,5,48
2025-02-10,long,high,2025-02-10 09:57:59-05:00,2025-02-10 04:51:00-05:00,2025-02-10 04:46:00-05:00,2025-02-10 09:24:00-05:00,0,6.507462686567164,21649.0,21665.75,16.75,16380.0,1.75,91.0,1.8571428571428572,0.4489795918367347,5,49
2025-02-10,long,high,2025-02-10 09:57:59-05:00,2025-02-10 04:51:00-05:00,2025-02-10 04:46:00-05:00,2025-02-10 09:24:30-05:00,0,6.522388059701493,21649.0,21665.75,16.75,16410.0,0.75,91.75,1.835,0.46,5,50
2025-02-10,long,high,2025-02-10 09:57:59-05:00,2025-02-10 04:51:00-05:00,2025-02-10 04:46:00-05:00,2025-02-10 09:25:00-05:00,0,6.074626865671642,21649.0,21665.75,16.75,16440.0,7.5,99.25,1.946078431372549,0.45098039215686275,5,51
2025-02-10,long,high,2025-02-10 09:57:59-05:00,2025-02-10 04:51:00-05:00,2025-02-10 04:46:00-05:00,2025-02-10 09:25:30-05:00,0,6.268656716417911,21649.0,21665.75,16.75,16470.0,3.0,102.25,1.9663461538461537,0.46153846153846156,5,52
2025-02-10,long,high,2025-02-10 09:57:59-05:00,2025-02-10 04:51:00-05:00,2025-02-10 04:46:00-05:00,2025-02-10 09:26:00-05:00,0,6.208955223880597,21649.0,21665.75,16.75,16500.0,1.0,103.25,1.9481132075471699,0.4528301886792453,5,53
2025-02-10,long,high,2025-02-10 09:57:59-05:00,2025-02-10 04:51:00-05:00,2025-02-10 04:46:00-05:00,2025-02-10 09:26:30-05:00,0,6.417910447761194,21649.0,21665.75,16.75,16530.0,3.75,107.0,1.9814814814814814,0.46296296296296297,5,54
2025-02-10,long,high,2025-02-10 09:57:59-05:00,2025-02-10 04:51:00-05:00,2025-02-10 04:46:00-05:00,2025-02-10 09:27:00-05:00,0,6.582089552238806,21649.0,21665.75,16.75,16560.0,2.75,109.75,1.9954545454545454,0.4727272727272727,5,55
2025-02-10,long,high,2025-02-10 09:57:59-05:00,2025-02-10 04:51:00-05:00,2025-02-10 04:46:00-05:00,2025-02-10 09:27:30-05:00,0,6.507462686567164,21649.0,21665.75,16.75,16590.0,1.0,110.75,1.9776785714285714,0.4642857142857143,5,56
2025-02-10,long,high,2025-02-10 09:57:59-05:00,2025-02-10 04:51:00-05:00,2025-02-10 04:46:00-05:00,2025-02-10 09:28:00-05:00,0,6.7611940298507465,21649.0,21665.75,16.75,16620.0,4.0,114.75,2.013157894736842,0.47368421052631576,5,57
2025-02-10,long,high,2025-02-10 09:57:59-05:00,2025-02-10 04:51:00-05:00,2025-02-10 04:46:00-05:00,2025-02-10 09:28:30-05:00,0,6.656716417910448,21649.0,21665.75,16.75,16650.0,1.5,116.25,2.0043103448275863,0.46551724137931033,5,58
2025-02-10,long,high,2025-02-10 09:57:59-05:00,2025-02-10 04:51:00-05:00,2025-02-10 04:46:00-05:00,2025-02-10 09:29:00-05:00,0,6.955223880597015,21649.0,21665.75,16.75,16680.0,4.5,120.75,2.0466101694915255,0.4745762711864407,5,59
2025-02-10,long,high,2025-02-10 09:57:59-05:00,2025-02-10 04:51:00-05:00,2025-02-10 04:46:00-05:00,2025-02-10 09:29:30-05:00,0,6.895522388059701,21649.0,21665.75,16.75,16710.0,1.75,122.5,2.0416666666666665,0.4666666666666667,5,60
2025-02-10,long,high,2025-02-10 09:57:59-05:00,2025-02-10 04:51:00-05:00,2025-02-10 04:46:00-05:00,2025-02-10 09:30:00-05:00,0,6.641791044776119,21649.0,21665.75,16.75,16740.0,4.25,126.75,2.0778688524590163,0.45901639344262296,5,61
2025-02-10,long,high,2025-02-10 09:57:59-05:00,2025-02-10 04:51:00-05:00,2025-02-10 04:46:00-05:00,2025-02-10 09:30:30-05:00,0,6.417910447761194,21649.0,21665.75,16.75,16770.0,3.75,130.5,2.1048387096774195,0.45161290322580644,5,62
2025-02-10,long,high,2025-02-10 09:57:59-05:00,2025-02-10 04:51:00-05:00,2025-02-10 04:46:00-05:00,2025-02-10 09:31:00-05:00,0,7.268656716417911,21649.0,21665.75,16.75,16800.0,14.0,144.5,2.2936507936507935,0.4603174603174603,5,63
2025-02-10,long,high,2025-02-10 09:57:59-05:00,2025-02-10 04:51:00-05:00,2025-02-10 04:46:00-05:00,2025-02-10 09:31:30-05:00,0,7.1940298507462686,21649.0,21665.75,16.75,16830.0,1.5,146.0,2.28125,0.453125,5,64
2025-02-10,long,high,2025-02-10 09:57:59-05:00,2025-02-10 04:51:00-05:00,2025-02-10 04:46:00-05:00,2025-02-10 09:32:00-05:00,0,6.164179104477612,21649.0,21665.75,16.75,16860.0,17.5,163.5,2.5153846153846153,0.4461538461538462,5,65
2025-02-10,long,high,2025-02-10 09:57:59-05:00,2025-02-10 04:51:00-05:00,2025-02-10 04:46:00-05:00,2025-02-10 09:32:30-05:00,0,6.119402985074627,21649.0,21665.75,16.75,16890.0,0.75,164.25,2.4886363636363638,0.4393939393939394,5,66
2025-02-10,long,high,2025-02-10 09:57:59-05:00,2025-02-10 04:51:00-05:00,2025-02-10 04:46:00-05:00,2025-02-10 09:33:00-05:00,0,6.2388059701492535,21649.0,21665.75,16.75,16920.0,2.5,166.75,2.4888059701492535,0.44776119402985076,5,67
2025-02-10,long,high,2025-02-10 09:57:59-05:00,2025-02-10 04:51:00-05:00,2025-02-10 04:46:00-05:00,2025-02-10 09:33:30-05:00,0,6.149253731343284,21649.0,21665.75,16.75,16950.0,1.75,168.5,2.4779411764705883,0.4411764705882353,5,68
2025-02-10,long,high,2025-02-10 09:57:59-05:00,2025-02-10 04:51:00-05:00,2025-02-10 04:46:00-05:00,2025-02-10 09:34:00-05:00,0,5.701492537313433,21649.0,21665.75,16.75,16980.0,8.0,176.5,2.5579710144927534,0.43478260869565216,5,69
2025-02-10,long,high,2025-02-10 09:57:59-05:00,2025-02-10 04:51:00-05:00,2025-02-10 04:46:00-05:00,2025-02-10 09:34:30-05:00,0,6.149253731343284,21649.0,21665.75,16.75,17010.0,7.25,183.75,2.625,0.44285714285714284,5,70
2025-02-10,long,high,2025-02-10 09:57:59-05:00,2025-02-10 04:51:00-05:00,2025-02-10 04:46:00-05:00,2025-02-10 09:35:00-05:00,0,6.865671641791045,21649.0,21665.75,16.75,17040.0,11.75,195.5,2.7535211267605635,0.4507042253521127,5,71
2025-02-10,long,high,2025-02-10 09:57:59-05:00,2025-02-10 04:51:00-05:00,2025-02-10 04:46:00-05:00,2025-02-10 09:35:30-05:00,0,6.985074626865671,21649.0,21665.75,16.75,17070.0,1.75,197.25,2.7395833333333335,0.4583333333333333,5,72
2025-02-10,long,high,2025-02-10 09:57:59-05:00,2025-02-10 04:51:00-05:00,2025-02-10 04:46:00-05:00,2025-02-10 09:36:00-05:00,0,7.656716417910448,21649.0,21665.75,16.75,17100.0,11.0,208.25,2.8527397260273974,0.4657534246575342,5,73
2025-02-10,long,high,2025-02-10 09:57:59-05:00,2025-02-10 04:51:00-05:00,2025-02-10 04:46:00-05:00,2025-02-10 09:36:30-05:00,0,7.537313432835821,21649.0,21665.75,16.75,17130.0,1.5,209.75,2.8344594594594597,0.4594594594594595,5,74
2025-02-10,long,high,2025-02-10 09:57:59-05:00,2025-02-10 04:51:00-05:00,2025-02-10 04:46:00-05:00,2025-02-10 09:37:00-05:00,0,7.208955223880597,21649.0,21665.75,16.75,17160.0,5.5,215.25,2.87,0.4533333333333333,5,75
2025-02-10,long,high,2025-02-10 09:57:59-05:00,2025-02-10 04:51:00-05:00,2025-02-10 04:46:00-05:00,2025-02-10 09:37:30-05:00,0,7.059701492537314,21649.0,21665.75,16.75,17190.0,2.5,217.75,2.8651315789473686,0.4473684210526316,5,76
2025-02-10,long,high,2025-02-10 09:57:59-05:00,2025-02-10 04:51:00-05:00,2025-02-10 04:46:00-05:00,2025-02-10 09:38:00-05:00,0,7.059701492537314,21649.0,21665.75,16.75,17220.0,0.25,218.0,2.831168831168831,0.44155844155844154,5,77
2025-02-10,long,high,2025-02-10 09:57:59-05:00,2025-02-10 04:51:00-05:00,2025-02-10 04:46:00-05:00,2025-02-10 09:38:30-05:00,0,7.6716417910447765,21649.0,21665.75,16.75,17250.0,10.0,228.0,2.923076923076923,0.44871794871794873,5,78
2025-02-10,long,high,2025-02-10 09:57:59-05:00,2025-02-10 04:51:00-05:00,2025-02-10 04:46:00-05:00,2025-02-10 09:39:00-05:00,0,7.82089552238806,21649.0,21665.75,16.75,17280.0,2.75,230.75,2.920886075949367,0.45569620253164556,5,79
2025-02-10,long,high,2025-02-10 09:57:59-05:00,2025-02-10 04:51:00-05:00,2025-02-10 04:46:00-05:00,2025-02-10 09:39:30-05:00,0,7.597014925373134,21649.0,21665.75,16.75,17310.0,4.0,234.75,2.934375,0.45,5,80
2025-02-10,long,high,2025-02-10 09:57:59-05:00,2025-02-10 04:51:00-05:00,2025-02-10 04:46:00-05:00,2025-02-10 09:40:00-05:00,0,7.268656716417911,21649.0,21665.75,16.75,17340.0,5.75,240.5,2.9691358024691357,0.4444444444444444,5,81
2025-02-10,long,high,2025-02-10 09:57:59-05:00,2025-02-10 04:51:00-05:00,2025-02-10 04:46:00-05:00,2025-02-10 09:40:30-05:00,0,6.925373134328358,21649.0,21665.75,16.75,17370.0,6.0,246.5,3.0060975609756095,0.43902439024390244,5,82
2025-02-10,long,high,2025-02-10 09:57:59-05:00,2025-02-10 04:51:00-05:00,2025-02-10 04:46:00-05:00,2025-02-10 09:41:00-05:00,0,7.104477611940299,21649.0,21665.75,16.75,17400.0,2.75,249.25,3.003012048192771,0.4457831325301205,5,83
2025-02-10,long,high,2025-02-10 09:57:59-05:00,2025-02-10 04:51:00-05:00,2025-02-10 04:46:00-05:00,2025-02-10 09:41:30-05:00,0,7.432835820895522,21649.0,21665.75,16.75,17430.0,6.0,255.25,3.0386904761904763,0.4523809523809524,5,84
2025-02-10,long,high,2025-02-10 09:57:59-05:00,2025-02-10 04:51:00-05:00,2025-02-10 04:46:00-05:00,2025-02-10 09:42:00-05:00,0,7.82089552238806,21649.0,21665.75,16.75,17460.0,6.25,261.5,3.0764705882352943,0.4588235294117647,5,85
2025-02-10,long,high,2025-02-10 09:57:59-05:00,2025-02-10 04:51:00-05:00,2025-02-10 04:46:00-05:00,2025-02-10 09:42:30-05:00,0,8.059701492537313,21649.0,21665.75,16.75,17490.0,3.5,265.0,3.0813953488372094,0.46511627906976744,5,86
2025-02-10,long,high,2025-02-10 09:57:59-05:00,2025-02-10 04:51:00-05:00,2025-02-10 04:46:00-05:00,2025-02-10 09:43:00-05:00,0,8.35820895522388,21649.0,21665.75,16.75,17520.0,5.0,270.0,3.103448275862069,0.47126436781609193,5,87
2025-02-10,long,high,2025-02-10 09:57:59-05:00,2025-02-10 04:51:00-05:00,2025-02-10 04:46:00-05:00,2025-02-10 09:43:30-05:00,0,8.537313432835822,21649.0,21665.75,16.75,17550.0,3.25,273.25,3.1051136363636362,0.4772727272727273,6,88
2025-02-10,long,high,2025-02-10 09:57:59-05:00,2025-02-10 04:51:00-05:00,2025-02-10 04:46:00-05:00,2025-02-10 09:44:00-05:00,0,8.417910447761194,21649.0,21665.75,16.75,17580.0,1.75,275.0,3.0898876404494384,0.47191011235955055,6,89
2025-02-10,long,high,2025-02-10 09:57:59-05:00,2025-02-10 04:51:00-05:00,2025-02-10 04:46:00-05:00,2025-02-10 09:44:30-05:00,0,8.955223880597014,21649.0,21665.75,16.75,17610.0,9.0,284.0,3.1555555555555554,0.4777777777777778,6,90
2025-02-10,long,high,2025-02-10 09:57:59-05:00,2025-02-10 04:51:00-05:00,2025-02-10 04:46:00-05:00,2025-02-10 09:45:00-05:00,0,9.074626865671641,21649.0,21665.75,16.75,17640.0,2.0,286.0,3.142857142857143,0.4835164835164835,6,91
2025-02-10,long,high,2025-02-10 09:57:59-05:00,2025-02-10 04:51:00-05:00,2025-02-10 04:46:00-05:00,2025-02-10 09:45:30-05:00,0,8.776119402985074,21649.0,21665.75,16.75,17670.0,4.5,290.5,3.157608695652174,0.4782608695652174,6,92
2025-02-10,long,high,2025-02-10 09:57:59-05:00,2025-02-10 04:51:00-05:00,2025-02-10 04:46:00-05:00,2025-02-10 09:46:00-05:00,0,9.402985074626866,21649.0,21665.75,16.75,17700.0,10.5,301.0,3.236559139784946,0.4838709677419355,6,93
2025-02-10,long,high,2025-02-10 09:57:59-05:00,2025-02-10 04:51:00-05:00,2025-02-10 04:46:00-05:00,2025-02-10 09:46:30-05:00,0,9.26865671641791,21649.0,21665.75,16.75,17730.0,2.75,303.75,3.231382978723404,0.4787234042553192,6,94
2025-02-10,long,high,2025-02-10 09:57:59-05:00,2025-02-10 04:51:00-05:00,2025-02-10 04:46:00-05:00,2025-02-10 09:47:00-05:00,0,8.835820895522389,21649.0,21665.75,16.75,17760.0,7.0,310.75,3.2710526315789474,0.47368421052631576,6,95
2025-02-10,long,high,2025-02-10 09:57:59-05:00,2025-02-10 04:51:00-05:00,2025-02-10 04:46:00-05:00,2025-02-10 09:47:30-05:00,0,7.970149253731344,21649.0,21665.75,16.75,17790.0,14.25,325.0,3.3854166666666665,0.46875,6,96
2025-02-10,long,high,2025-02-10 09:57:59-05:00,2025-02-10 04:51:00-05:00,2025-02-10 04:46:00-05:00,2025-02-10 09:48:00-05:00,0,7.850746268656716,21649.0,21665.75,16.75,17820.0,2.0,327.0,3.3711340206185567,0.4639175257731959,6,97
2025-02-10,long,high,2025-02-10 09:57:59-05:00,2025-02-10 04:51:00-05:00,2025-02-10 04:46:00-05:00,2025-02-10 09:48:30-05:00,0,8.447761194029852,21649.0,21665.75,16.75,17850.0,9.75,336.75,3.436224489795918,0.46938775510204084,6,98
2025-02-10,long,high,2025-02-10 09:57:59-05:00,2025-02-10 04:51:00-05:00,2025-02-10 04:46:00-05:00,2025-02-10 09:49:00-05:00,0,8.238805970149254,21649.0,21665.75,16.75,17880.0,3.25,340.0,3.4343434343434343,0.46464646464646464,6,99
2025-02-10,long,high,2025-02-10 09:57:59-05:00,2025-02-10 04:51:00-05:00,2025-02-10 04:46:00-05:00,2025-02-10 09:49:30-05:00,0,7.17910447761194,21649.0,21665.75,16.75,17910.0,17.75,357.75,3.5775,0.46,6,100
2025-02-10,long,high,2025-02-10 09:57:59-05:00,2025-02-10 04:51:00-05:00,2025-02-10 04:46:00-05:00,2025-02-10 09:50:00-05:00,0,7.119402985074627,21649.0,21665.75,16.75,17940.0,0.75,358.5,3.5495049504950495,0.45544554455445546,6,101
2025-02-10,long,high,2025-02-10 09:57:59-05:00,2025-02-10 04:51:00-05:00,2025-02-10 04:46:00-05:00,2025-02-10 09:50:30-05:00,0,7.686567164179104,21649.0,21665.75,16.75,17970.0,10.25,368.75,3.6151960784313726,0.46078431372549017,6,102
2025-02-10,long,high,2025-02-10 09:57:59-05:00,2025-02-10 04:51:00-05:00,2025-02-10 04:46:00-05:00,2025-02-10 09:51:00-05:00,0,6.835820895522388,21649.0,21665.75,16.75,18000.0,14.75,383.5,3.7233009708737863,0.4563106796116505,6,103
2025-02-10,long,high,2025-02-10 09:57:59-05:00,2025-02-10 04:51:00-05:00,2025-02-10 04:46:00-05:00,2025-02-10 09:51:30-05:00,0,6.537313432835821,21649.0,21665.75,16.75,18030.0,4.25,387.75,3.7283653846153846,0.4519230769230769,6,104
2025-02-10,long,high,2025-02-10 09:57:59-05:00,2025-02-10 04:51:00-05:00,2025-02-10 04:46:00-05:00,2025-02-10 09:52:00-05:00,0,6.417910447761194,21649.0,21665.75,16.75,18060.0,1.75,389.5,3.7095238095238097,0.44761904761904764,6,105
2025-02-10,long,high,2025-02-10 09:57:59-05:00,2025-02-10 04:51:00-05:00,2025-02-10 04:46:00-05:00,2025-02-10 09:52:30-05:00,0,7.313432835820896,21649.0,21665.75,16.75,18090.0,14.75,404.25,3.813679245283019,0.4528301886792453,6,106
2025-02-10,long,high,2025-02-10 09:57:59-05:00,2025-02-10 04:51:00-05:00,2025-02-10 04:46:00-05:00,2025-02-10 09:53:00-05:00,0,7.641791044776119,21649.0,21665.75,16.75,18120.0,5.25,409.5,3.8271028037383177,0.45794392523364486,6,107
2025-02-10,long,high,2025-02-10 09:57:59-05:00,2025-02-10 04:51:00-05:00,2025-02-10 04:46:00-05:00,2025-02-10 09:53:30-05:00,0,7.373134328358209,21649.0,21665.75,16.75,18150.0,3.75,413.25,3.826388888888889,0.4537037037037037,6,108
2025-02-10,long,high,2025-02-10 09:57:59-05:00,2025-02-10 04:51:00-05:00,2025-02-10 04:46:00-05:00,2025-02-10 09:54:00-05:00,0,8.194029850746269,21649.0,21665.75,16.75,18180.0,13.5,426.75,3.915137614678899,0.45871559633027525,6,109
2025-02-10,long,high,2025-02-10 09:57:59-05:00,2025-02-10 04:51:00-05:00,2025-02-10 04:46:00-05:00,2025-02-10 09:54:30-05:00,0,8.074626865671641,21649.0,21665.75,16.75,18210.0,2.0,428.75,3.897727272727273,0.45454545454545453,6,110
2025-02-10,long,high,2025-02-10 09:57:59-05:00,2025-02-10 04:51:00-05:00,2025-02-10 04:46:00-05:00,2025-02-10 09:55:00-05:00,0,7.373134328358209,21649.0,21665.75,16.75,18240.0,12.0,440.75,3.970720720720721,0.45045045045045046,6,111
2025-02-10,long,high,2025-02-10 09:57:59-05:00,2025-02-10 04:51:00-05:00,2025-02-10 04:46:00-05:00,2025-02-10 09:55:30-05:00,0,8.119402985074627,21649.0,21665.75,16.75,18270.0,13.0,453.75,4.051339285714286,0.45535714285714285,6,112
2025-02-10,long,high,2025-02-10 09:57:59-05:00,2025-02-10 04:51:00-05:00,2025-02-10 04:46:00-05:00,2025-02-10 09:56:00-05:00,0,8.223880597014926,21649.0,21665.75,16.75,18300.0,1.75,455.5,4.030973451327434,0.46017699115044247,6,113
2025-02-10,long,high,2025-02-10 09:57:59-05:00,2025-02-10 04:51:00-05:00,2025-02-10 04:46:00-05:00,2025-02-10 09:56:30-05:00,0,7.835820895522388,21649.0,21665.75,16.75,18330.0,6.25,461.75,4.050438596491228,0.45614035087719296,6,114
2025-02-10,long,high,2025-02-10 09:57:59-05:00,2025-02-10 04:51:00-05:00,2025-02-10 04:46:00-05:00,2025-02-10 09:57:00-05:00,0,7.8059701492537314,21649.0,21665.75,16.75,18360.0,0.5,462.25,4.019565217391304,0.45217391304347826,6,115
2025-02-10,long,high,2025-02-10 09:57:59-05:00,2025-02-10 04:51:00-05:00,2025-02-10 04:46:00-05:00,2025-02-10 09:57:30-05:00,1,8.388059701492537,21649.0,21665.75,16.75,18390.0,9.75,472.0,4.068965517241379,0.45689655172413796,6,116
2025-02-20,short,high,2025-02-20 09:44:30-05:00,2025-02-20 04:42:00-05:00,2025-02-20 04:34:00-05:00,2025-02-20 09:00:00-05:00,0,6.571428571428571,22250.75,22243.75,7.0,15480.0,1.75,1.75,1.75,0.0,0,1
2025-02-20,short,high,2025-02-20 09:44:30-05:00,2025-02-20 04:42:00-05:00,2025-02-20 04:34:00-05:00,2025-02-20 09:00:30-05:00,0,6.678571428571429,22250.75,22243.75,7.0,15510.0,0.5,2.25,1.125,0.5,1,2
2025-02-20,short,high,2025-02-20 09:44:30-05:00,2025-02-20 04:42:00-05:00,2025-02-20 04:34:00-05:00,2025-02-20 09:01:00-05:00,0,6.357142857142857,22250.75,22243.75,7.0,15540.0,1.5,3.75,1.25,0.3333333333333333,1,3
2025-02-20,short,high,2025-02-20 09:44:30-05:00,2025-02-20 04:42:00-05:00,2025-02-20 04:34:00-05:00,2025-02-20 09:01:30-05:00,0,6.321428571428571,22250.75,22243.75,7.0,15570.0,0.0,3.75,0.9375,0.25,1,4
2025-02-20,short,high,2025-02-20 09:44:30-05:00,2025-02-20 04:42:00-05:00,2025-02-20 04:34:00-05:00,2025-02-20 09:02:00-05:00,0,5.892857142857143,22250.75,22243.75,7.0,15600.0,2.75,6.5,1.3,0.2,1,5
2025-02-20,short,high,2025-02-20 09:44:30-05:00,2025-02-20 04:42:00-05:00,2025-02-20 04:34:00-05:00,2025-02-20 09:02:30-05:00,0,5.535714285714286,22250.75,22243.75,7.0,15630.0,2.75,9.25,1.5416666666666667,0.16666666666666666,1,6
2025-02-20,short,high,2025-02-20 09:44:30-05:00,2025-02-20 04:42:00-05:00,2025-02-20 04:34:00-05:00,2025-02-20 09:03:00-05:00,0,5.642857142857143,22250.75,22243.75,7.0,15660.0,0.5,9.75,1.3928571428571428,0.2857142857142857,1,7
2025-02-20,short,high,2025-02-20 09:44:30-05:00,2025-02-20 04:42:00-05:00,2025-02-20 04:34:00-05:00,2025-02-20 09:03:30-05:00,0,5.464285714285714,22250.75,22243.75,7.0,15690.0,1.25,11.0,1.375,0.25,1,8
2025-02-20,short,high,2025-02-20 09:44:30-05:00,2025-02-20 04:42:00-05:00,2025-02-20 04:34:00-05:00,2025-02-20 09:04:00-05:00,0,5.464285714285714,22250.75,22243.75,7.0,15720.0,0.25,11.25,1.25,0.2222222222222222,1,9
2025-02-20,short,high,2025-02-20 09:44:30-05:00,2025-02-20 04:42:00-05:00,2025-02-20 04:34:00-05:00,2025-02-20 09:04:30-05:00,0,5.214285714285714,22250.75,22243.75,7.0,15750.0,1.5,12.75,1.275,0.2,1,10
2025-02-20,short,high,2025-02-20 09:44:30-05:00,2025-02-20 04:42:00-05:00,2025-02-20 04:34:00-05:00,2025-02-20 09:05:00-05:00,0,5.321428571428571,22250.75,22243.75,7.0,15780.0,0.75,13.5,1.2272727272727273,0.2727272727272727,1,11
2025-02-20,short,high,2025-02-20 09:44:30-05:00,2025-02-20 04:42:00-05:00,2025-02-20 04:34:00-05:00,2025-02-20 09:05:30-05:00,0,4.892857142857143,22250.75,22243.75,7.0,15810.0,2.75,16.25,1.3541666666666667,0.25,1,12
2025-02-20,short,high,2025-02-20 09:44:30-05:00,2025-02-20 04:42:00-05:00,2025-02-20 04:34:00-05:00,2025-02-20 09:06:00-05:00,0,4.75,22250.75,22243.75,7.0,15840.0,0.5,16.75,1.2884615384615385,0.23076923076923078,1,13
2025-02-20,short,high,2025-02-20 09:44:30-05:00,2025-02-20 04:42:00-05:00,2025-02-20 04:34:00-05:00,2025-02-20 09:06:30-05:00,0,4.75,22250.75,22243.75,7.0,15870.0,0.25,17.0,1.2142857142857142,0.2857142857142857,1,14
2025-02-20,short,high,2025-02-20 09:44:30-05:00,2025-02-20 04:42:00-05:00,2025-02-20 04:34:00-05:00,2025-02-20 09:07:00-05:00,0,4.25,22250.75,22243.75,7.0,15900.0,3.0,20.0,1.3333333333333333,0.26666666666666666,1,15
2025-02-20,short,high,2025-02-20 09:44:30-05:00,2025-02-20 04:42:00-05:00,2025-02-20 04:34:00-05:00,2025-02-20 09:07:30-05:00,0,4.535714285714286,22250.75,22243.75,7.0,15930.0,1.75,21.75,1.359375,0.3125,1,16
2025-02-20,short,high,2025-02-20 09:44:30-05:00,2025-02-20 04:42:00-05:00,2025-02-20 04:34:00-05:00,2025-02-20 09:08:00-05:00,0,5.5,22250.75,22243.75,7.0,15960.0,7.0,28.75,1.6911764705882353,0.35294117647058826,2,17
2025-02-20,short,high,2025-02-20 09:44:30-05:00,2025-02-20 04:42:00-05:00,2025-02-20 04:34:00-05:00,2025-02-20 09:08:30-05:00,0,5.321428571428571,22250.75,22243.75,7.0,15990.0,1.25,30.0,1.6666666666666667,0.3333333333333333,2,18
2025-02-20,short,high,2025-02-20 09:44:30-05:00,2025-02-20 04:42:00-05:00,2025-02-20 04:34:00-05:00,2025-02-20 09:09:00-05:00,0,5.071428571428571,22250.75,22243.75,7.0,16020.0,2.25,32.25,1.6973684210526316,0.3157894736842105,2,19
2025-02-20,short,high,2025-02-20 09:44:30-05:00,2025-02-20 04:42:00-05:00,2025-02-20 04:34:00-05:00,2025-02-20 09:09:30-05:00,0,4.821428571428571,22250.75,22243.75,7.0,16050.0,1.75,34.0,1.7,0.3,2,20
2025-02-20,short,high,2025-02-20 09:44:30-05:00,2025-02-20 04:42:00-05:00,2025-02-20 04:34:00-05:00,2025-02-20 09:10:00-05:00,0,4.964285714285714,22250.75,22243.75,7.0,16080.0,1.0,35.0,1.6666666666666667,0.3333333333333333,2,21
2025-02-20,short,high,2025-02-20 09:44:30-05:00,2025-02-20 04:42:00-05:00,2025-02-20 04:34:00-05:00,2025-02-20 09:10:30-05:00,0,4.928571428571429,22250.75,22243.75,7.0,16110.0,0.25,35.25,1.6022727272727273,0.3181818181818182,2,22
2025-02-20,short,high,2025-02-20 09:44:30-05:00,2025-02-20 04:42:00-05:00,2025-02-20 04:34:00-05:00,2025-02-20 09:11:00-05:00,0,5.25,22250.75,22243.75,7.0,16140.0,2.25,37.5,1.6304347826086956,0.34782608695652173,2,23
2025-02-20,short,high,2025-02-20 09:44:30-05:00,2025-02-20 04:42:00-05:00,2025-02-20 04:34:00-05:00,2025-02-20 09:11:30-05:00,0,4.785714285714286,22250.75,22243.75,7.0,16170.0,3.25,40.75,1.6979166666666667,0.3333333333333333,2,24
2025-02-20,short,high,2025-02-20 09:44:30-05:00,2025-02-20 04:42:00-05:00,2025-02-20 04:34:00-05:00,2025-02-20 09:12:00-05:00,0,4.571428571428571,22250.75,22243.75,7.0,16200.0,1.75,42.5,1.7,0.32,2,25
2025-02-20,short,high,2025-02-20 09:44:30-05:00,2025-02-20 04:42:00-05:00,2025-02-20 04:34:00-05:00,2025-02-20 09:12:30-05:00,0,4.642857142857143,22250.75,22243.75,7.0,16230.0,0.5,43.0,1.6538461538461537,0.34615384615384615,2,26
2025-02-20,short,high,2025-02-20 09:44:30-05:00,2025-02-20 04:42:00-05:00,2025-02-20 04:34:00-05:00,2025-02-20 09:13:00-05:00,0,5.071428571428571,22250.75,22243.75,7.0,16260.0,3.0,46.0,1.7037037037037037,0.37037037037037035,2,27
2025-02-20,short,high,2025-02-20 09:44:30-05:00,2025-02-20 04:42:00-05:00,2025-02-20 04:34:00-05:00,2025-02-20 09:13:30-05:00,0,5.178571428571429,22250.75,22243.75,7.0,16290.0,0.75,46.75,1.6696428571428572,0.39285714285714285,3,28
2025-02-20,short,high,2025-02-20 09:44:30-05:00,2025-02-20 04:42:00-05:00,2025-02-20 04:34:00-05:00,2025-02-20 09:14:00-05:00,0,4.928571428571429,22250.75,22243.75,7.0,16320.0,1.75,48.5,1.6724137931034482,0.3793103448275862,3,29
2025-02-20,short,high,2025-02-20 09:44:30-05:00,2025-02-20 04:42:00-05:00,2025-02-20 04:34:00-05:00,2025-02-20 09:14:30-05:00,0,4.75,22250.75,22243.75,7.0,16350.0,1.25,49.75,1.6583333333333334,0.36666666666666664,3,30
2025-02-20,short,high,2025-02-20 09:44:30-05:00,2025-02-20 04:42:00-05:00,2025-02-20 04:34:00-05:00,2025-02-20 09:15:00-05:00,0,4.928571428571429,22250.75,22243.75,7.0,16380.0,0.5,50.25,1.6209677419354838,0.3870967741935484,3,31
2025-02-20,short,high,2025-02-20 09:44:30-05:00,2025-02-20 04:42:00-05:00,2025-02-20 04:34:00-05:00,2025-02-20 09:15:30-05:00,0,4.892857142857143,22250.75,22243.75,7.0,16410.0,0.25,50.5,1.578125,0.40625,3,32
2025-02-20,short,high,2025-02-20 09:44:30-05:00,2025-02-20 04:42:00-05:00,2025-02-20 04:34:00-05:00,2025-02-20 09:16:00-05:00,0,4.892857142857143,22250.75,22243.75,7.0,16440.0,0.0,50.5,1.5303030303030303,0.3939393939393939,3,33
2025-02-20,short,high,2025-02-20 09:44:30-05:00,2025-02-20 04:42:00-05:00,2025-02-20 04:34:00-05:00,2025-02-20 09:16:30-05:00,0,5.0,22250.75,22243.75,7.0,16470.0,1.0,51.5,1.5147058823529411,0.4117647058823529,3,34
2025-02-20,short,high,2025-02-20 09:44:30-05:00,2025-02-20 04:42:00-05:00,2025-02-20 04:34:00-05:00,2025-02-20 09:17:00-05:00,0,4.821428571428571,22250.75,22243.75,7.0,16500.0,1.0,52.5,1.5,0.4,3,35
2025-02-20,short,high,2025-02-20 09:44:30-05:00,2025-02-20 04:42:00-05:00,2025-02-20 04:34:00-05:00,2025-02-20 09:17:30-05:00,0,4.892857142857143,22250.75,22243.75,7.0,16530.0,0.5,53.0,1.4722222222222223,0.4166666666666667,3,36
2025-02-20,short,high,2025-02-20 09:44:30-05:00,2025-02-20 04:42:00-05:00,2025-02-20 04:34:00-05:00,2025-02-20 09:18:00-05:00,0,4.5,22250.75,22243.75,7.0,16560.0,3.25,56.25,1.5202702702702702,0.40540540540540543,3,37
2025-02-20,short,high,2025-02-20 09:44:30-05:00,2025-02-20 04:42:00-05:00,2025-02-20 04:34:00-05:00,2025-02-20 09:18:30-05:00,0,4.321428571428571,22250.75,22243.75,7.0,16590.0,1.25,57.5,1.513157894736842,0.39473684210526316,3,38
2025-02-20,short,high,2025-02-20 09:44:30-05:00,2025-02-20 04:42:00-05:00,2025-02-20 04:34:00-05:00,2025-02-20 09:19:00-05:00,0,4.821428571428571,22250.75,22243.75,7.0,16620.0,3.5,61.0,1.564102564102564,0.41025641025641024,3,39
2025-02-20,short,high,2025-02-20 09:44:30-05:00,2025-02-20 04:42:00-05:00,2025-02-20 04:34:00-05:00,2025-02-20 09:19:30-05:00,0,4.964285714285714,22250.75,22243.75,7.0,16650.0,1.0,62.0,1.55,0.425,3,40
2025-02-20,short,high,2025-02-20 09:44:30-05:00,2025-02-20 04:42:00-05:00,2025-02-20 04:34:00-05:00,2025-02-20 09:20:00-05:00,0,4.857142857142857,22250.75,22243.75,7.0,16680.0,1.0,63.0,1.5365853658536586,0.4146341463414634,3,41
2025-02-20,short,high,2025-02-20 09:44:30-05:00,2025-02-20 04:42:00-05:00,2025-02-20 04:34:00-05:00,2025-02-20 09:20:30-05:00,0,4.571428571428571,22250.75,22243.75,7.0,16710.0,2.0,65.0,1.5476190476190477,0.40476190476190477,3,42
2025-02-20,short,high,2025-02-20 09:44:30-05:00,2025-02-20 04:42:00-05:00,2025-02-20 04:34:00-05:00,2025-02-20 09:21:00-05:00,0,4.5,22250.75,22243.75,7.0,16740.0,0.25,65.25,1.5174418604651163,0.3953488372093023,3,43
2025-02-20,short,high,2025-02-20 09:44:30-05:00,2025-02-20 04:42:00-05:00,2025-02-20 04:34:00-05:00,2025-02-20 09:21:30-05:00,0,4.178571428571429,22250.75,22243.75,7.0,16770.0,2.25,67.5,1.5340909090909092,0.38636363636363635,3,44
2025-02-20,short,high,2025-02-20 09:44:30-05:00,2025-02-20 04:42:00-05:00,2025-02-20 04:34:00-05:00,2025-02-20 09:22:00-05:00,0,4.642857142857143,22250.75,22243.75,7.0,16800.0,3.5,71.0,1.5777777777777777,0.4,3,45
2025-02-20,short,high,2025-02-20 09:44:30-05:00,2025-02-20 04:42:00-05:00,2025-02-20 04:34:00-05:00,2025-02-20 09:22:30-05:00,0,4.785714285714286,22250.75,22243.75,7.0,16830.0,1.0,72.0,1.565217391304348,0.41304347826086957,3,46
2025-02-20,short,high,2025-02-20 09:44:30-05:00,2025-02-20 04:42:00-05:00,2025-02-20 04:34:00-05:00,2025-02-20 09:23:00-05:00,0,5.035714285714286,22250.75,22243.75,7.0,16860.0,2.0,74.0,1.574468085106383,0.425531914893617,3,47
2025-02-20,short,high,2025-02-20 09:44:30-05:00,2025-02-20 04:42:00-05:00,2025-02-20 04:34:00-05:00,2025-02-20 09:23:30-05:00,0,5.0,22250.75,22243.75,7.0,16890.0,0.75,74.75,1.5572916666666667,0.4166666666666667,3,48
2025-02-20,short,high,2025-02-20 09:44:30-05:00,2025-02-20 04:42:00-05:00,2025-02-20 04:34:00-05:00,2025-02-20 09:24:00-05:00,0,5.5,22250.75,22243.75,7.0,16920.0,3.0,77.75,1.586734693877551,0.42857142857142855,3,49
2025-02-20,short,high,2025-02-20 09:44:30-05:00,2025-02-20 04:42:00-05:00,2025-02-20 04:34:00-05:00,2025-02-20 09:24:30-05:00,0,5.464285714285714,22250.75,22243.75,7.0,16950.0,0.25,78.0,1.56,0.42,3,50
2025-02-20,short,high,2025-02-20 09:44:30-05:00,2025-02-20 04:42:00-05:00,2025-02-20 04:34:00-05:00,2025-02-20 09:25:00-05:00,0,6.428571428571429,22250.75,22243.75,7.0,16980.0,6.5,84.5,1.6568627450980393,0.43137254901960786,3,51
2025-02-20,short,high,2025-02-20 09:44:30-05:00,2025-02-20 04:42:00-05:00,2025-02-20 04:34:00-05:00,2025-02-20 09:25:30-05:00,0,6.321428571428571,22250.75,22243.75,7.0,17010.0,0.0,84.5,1.625,0.4230769230769231,3,52
2025-02-20,short,high,2025-02-20 09:44:30-05:00,2025-02-20 04:42:00-05:00,2025-02-20 04:34:00-05:00,2025-02-20 09:26:00-05:00,0,6.428571428571429,22250.75,22243.75,7.0,17040.0,0.25,84.75,1.599056603773585,0.4339622641509434,3,53
2025-02-20,short,high,2025-02-20 09:44:30-05:00,2025-02-20 04:42:00-05:00,2025-02-20 04:34:00-05:00,2025-02-20 09:26:30-05:00,0,5.857142857142857,22250.75,22243.75,7.0,17070.0,4.5,89.25,1.6527777777777777,0.42592592592592593,3,54
2025-02-20,short,high,2025-02-20 09:44:30-05:00,2025-02-20 04:42:00-05:00,2025-02-20 04:34:00-05:00,2025-02-20 09:27:00-05:00,0,6.035714285714286,22250.75,22243.75,7.0,17100.0,1.0,90.25,1.6409090909090909,0.43636363636363634,3,55
2025-02-20,short,high,2025-02-20 09:44:30-05:00,2025-02-20 04:42:00-05:00,2025-02-20 04:34:00-05:00,2025-02-20 09:27:30-05:00,0,6.571428571428571,22250.75,22243.75,7.0,17130.0,4.0,94.25,1.6830357142857142,0.44642857142857145,3,56
2025-02-20,short,high,2025-02-20 09:44:30-05:00,2025-02-20 04:42:00-05:00,2025-02-20 04:34:00-05:00,2025-02-20 09:28:00-05:00,0,5.5,22250.75,22243.75,7.0,17160.0,7.0,101.25,1.7763157894736843,0.43859649122807015,3,57
2025-02-20,short,high,2025-02-20 09:44:30-05:00,2025-02-20 04:42:00-05:00,2025-02-20 04:34:00-05:00,2025-02-20 09:28:30-05:00,0,5.392857142857143,22250.75,22243.75,7.0,17190.0,0.5,101.75,1.7543103448275863,0.43103448275862066,3,58
2025-02-20,short,high,2025-02-20 09:44:30-05:00,2025-02-20 04:42:00-05:00,2025-02-20 04:34:00-05:00,2025-02-20 09:29:00-05:00,0,5.321428571428571,22250.75,22243.75,7.0,17220.0,0.5,102.25,1.7330508474576272,0.423728813559322,3,59
2025-02-20,short,high,2025-02-20 09:44:30-05:00,2025-02-20 04:42:00-05:00,2025-02-20 04:34:00-05:00,2025-02-20 09:29:30-05:00,0,5.785714285714286,22250.75,22243.75,7.0,17250.0,3.0,105.25,1.7541666666666667,0.43333333333333335,3,60
2025-02-20,short,high,2025-02-20 09:44:30-05:00,2025-02-20 04:42:00-05:00,2025-02-20 04:34:00-05:00,2025-02-20 09:30:00-05:00,0,6.071428571428571,22250.75,22243.75,7.0,17280.0,1.75,107.0,1.7540983606557377,0.4426229508196721,3,61
2025-02-20,short,high,2025-02-20 09:44:30-05:00,2025-02-20 04:42:00-05:00,2025-02-20 04:34:00-05:00,2025-02-20 09:30:30-05:00,0,5.607142857142857,22250.75,22243.75,7.0,17310.0,3.5,110.5,1.782258064516129,0.43548387096774194,3,62
2025-02-20,short,high,2025-02-20 09:44:30-05:00,2025-02-20 04:42:00-05:00,2025-02-20 04:34:00-05:00,2025-02-20 09:31:00-05:00,0,4.75,22250.75,22243.75,7.0,17340.0,6.0,116.5,1.8492063492063493,0.42857142857142855,3,63
2025-02-20,short,high,2025-02-20 09:44:30-05:00,2025-02-20 04:42:00-05:00,2025-02-20 04:34:00-05:00,2025-02-20 09:31:30-05:00,0,6.071428571428571,22250.75,22243.75,7.0,17370.0,9.25,125.75,1.96484375,0.4375,3,64
2025-02-20,short,high,2025-02-20 09:44:30-05:00,2025-02-20 04:42:00-05:00,2025-02-20 04:34:00-05:00,2025-02-20 09:32:00-05:00,0,6.285714285714286,22250.75,22243.75,7.0,17400.0,1.0,126.75,1.95,0.4461538461538462,3,65
2025-02-20,short,high,2025-02-20 09:44:30-05:00,2025-02-20 04:42:00-05:00,2025-02-20 04:34:00-05:00,2025-02-20 09:32:30-05:00,0,7.857142857142857,22250.75,22243.75,7.0,17430.0,11.0,137.75,2.087121212121212,0.45454545454545453,3,66
2025-02-20,short,high,2025-02-20 09:44:30-05:00,2025-02-20 04:42:00-05:00,2025-02-20 04:34:00-05:00,2025-02-20 09:33:00-05:00,0,8.892857142857142,22250.75,22243.75,7.0,17460.0,7.5,145.25,2.167910447761194,0.4626865671641791,4,67
2025-02-20,short,high,2025-02-20 09:44:30-05:00,2025-02-20 04:42:00-05:00,2025-02-20 04:34:00-05:00,2025-02-20 09:33:30-05:00,0,9.928571428571429,22250.75,22243.75,7.0,17490.0,7.25,152.5,2.2426470588235294,0.47058823529411764,5,68
2025-02-20,short,high,2025-02-20 09:44:30-05:00,2025-02-20 04:42:00-05:00,2025-02-20 04:34:00-05:00,2025-02-20 09:34:00-05:00,0,10.285714285714286,22250.75,22243.75,7.0,17520.0,2.25,154.75,2.2427536231884058,0.4782608695652174,6,69
2025-02-20,short,high,2025-02-20 09:44:30-05:00,2025-02-20 04:42:00-05:00,2025-02-20 04:34:00-05:00,2025-02-20 09:34:30-05:00,0,11.0,22250.75,22243.75,7.0,17550.0,5.0,159.75,2.282142857142857,0.4857142857142857,7,70
2025-02-20,short,high,2025-02-20 09:44:30-05:00,2025-02-20 04:42:00-05:00,2025-02-20 04:34:00-05:00,2025-02-20 09:35:00-05:00,0,9.75,22250.75,22243.75,7.0,17580.0,8.25,168.0,2.3661971830985915,0.4788732394366197,7,71
2025-02-20,short,high,2025-02-20 09:44:30-05:00,2025-02-20 04:42:00-05:00,2025-02-20 04:34:00-05:00,2025-02-20 09:35:30-05:00,0,10.0,22250.75,22243.75,7.0,17610.0,2.25,170.25,2.3645833333333335,0.4861111111111111,7,72
2025-02-20,short,high,2025-02-20 09:44:30-05:00,2025-02-20 04:42:00-05:00,2025-02-20 04:34:00-05:00,2025-02-20 09:36:00-05:00,0,8.107142857142858,22250.75,22243.75,7.0,17640.0,13.25,183.5,2.5136986301369864,0.4794520547945205,7,73
2025-02-20,short,high,2025-02-20 09:44:30-05:00,2025-02-20 04:42:00-05:00,2025-02-20 04:34:00-05:00,2025-02-20 09:36:30-05:00,0,8.214285714285714,22250.75,22243.75,7.0,17670.0,0.25,183.75,2.483108108108108,0.4864864864864865,7,74
2025-02-20,short,high,2025-02-20 09:44:30-05:00,2025-02-20 04:42:00-05:00,2025-02-20 04:34:00-05:00,2025-02-20 09:37:00-05:00,0,7.857142857142857,22250.75,22243.75,7.0,17700.0,2.5,186.25,2.4833333333333334,0.48,7,75
2025-02-20,short,high,2025-02-20 09:44:30-05:00,2025-02-20 04:42:00-05:00,2025-02-20 04:34:00-05:00,2025-02-20 09:37:30-05:00,0,9.142857142857142,22250.75,22243.75,7.0,17730.0,9.25,195.5,2.5723684210526314,0.4868421052631579,7,76
2025-02-20,short,high,2025-02-20 09:44:30-05:00,2025-02-20 04:42:00-05:00,2025-02-20 04:34:00-05:00,2025-02-20 09:38:00-05:00,0,8.0,22250.75,22243.75,7.0,17760.0,8.25,203.75,2.646103896103896,0.4805194805194805,7,77
2025-02-20,short,high,2025-02-20 09:44:30-05:00,2025-02-20 04:42:00-05:00,2025-02-20 04:34:00-05:00,2025-02-20 09:38:30-05:00,0,8.5,22250.75,22243.75,7.0,17790.0,3.5,207.25,2.657051282051282,0.48717948717948717,7,78
2025-02-20,short,high,2025-02-20 09:44:30-05:00,2025-02-20 04:42:00-05:00,2025-02-20 04:34:00-05:00,2025-02-20 09:39:00-05:00,0,7.821428571428571,22250.75,22243.75,7.0,17820.0,5.0,212.25,2.6867088607594938,0.4810126582278481,7,79
2025-02-20,short,high,2025-02-20 09:44:30-05:00,2025-02-20 04:42:00-05:00,2025-02-20 04:34:00-05:00,2025-02-20 09:39:30-05:00,0,7.392857142857143,22250.75,22243.75,7.0,17850.0,3.5,215.75,2.696875,0.475,7,80
2025-02-20,short,high,2025-02-20 09:44:30-05:00,2025-02-20 04:42:00-05:00,2025-02-20 04:34:00-05:00,2025-02-20 09:40:00-05:00,0,7.142857142857143,22250.75,22243.75,7.0,17880.0,1.75,217.5,2.685185185185185,0.4691358024691358,7,81
2025-02-20,short,high,2025-02-20 09:44:30-05:00,2025-02-20 04:42:00-05:00,2025-02-20 04:34:00-05:00,2025-02-20 09:40:30-05:00,0,6.392857142857143,22250.75,22243.75,7.0,17910.0,5.75,223.25,2.722560975609756,0.4634146341463415,7,82
2025-02-20,short,high,2025-02-20 09:44:30-05:00,2025-02-20 04:42:00-05:00,2025-02-20 04:34:00-05:00,2025-02-20 09:41:00-05:00,0,7.321428571428571,22250.75,22243.75,7.0,17940.0,7.0,230.25,2.7740963855421685,0.46987951807228917,7,83
2025-02-20,short,high,2025-02-20 09:44:30-05:00,2025-02-20 04:42:00-05:00,2025-02-20 04:34:00-05:00,2025-02-20 09:41:30-05:00,0,6.714285714285714,22250.75,22243.75,7.0,17970.0,4.5,234.75,2.794642857142857,0.4642857142857143,7,84
2025-02-20,short,high,2025-02-20 09:44:30-05:00,2025-02-20 04:42:00-05:00,2025-02-20 04:34:00-05:00,2025-02-20 09:42:00-05:00,0,5.678571428571429,22250.75,22243.75,7.0,18000.0,7.25,242.0,2.847058823529412,0.4588235294117647,7,85
2025-02-20,short,high,2025-02-20 09:44:30-05:00,2025-02-20 04:42:00-05:00,2025-02-20 04:34:00-05:00,2025-02-20 09:42:30-05:00,0,6.071428571428571,22250.75,22243.75,7.0,18030.0,2.5,244.5,2.8430232558139537,0.46511627906976744,7,86
2025-02-20,short,high,2025-02-20 09:44:30-05:00,2025-02-20 04:42:00-05:00,2025-02-20 04:34:00-05:00,2025-02-20 09:43:00-05:00,0,6.892857142857143,22250.75,22243.75,7.0,18060.0,5.75,250.25,2.8764367816091956,0.47126436781609193,7,87
2025-02-20,short,high,2025-02-20 09:44:30-05:00,2025-02-20 04:42:00-05:00,2025-02-20 04:34:00-05:00,2025-02-20 09:43:30-05:00,0,7.142857142857143,22250.75,22243.75,7.0,18090.0,2.0,252.25,2.866477272727273,0.4772727272727273,7,88
2025-02-20,short,high,2025-02-20 09:44:30-05:00,2025-02-20 04:42:00-05:00,2025-02-20 04:34:00-05:00,2025-02-20 09:44:00-05:00,0,9.607142857142858,22250.75,22243.75,7.0,18120.0,17.0,269.25,3.0252808988764044,0.48314606741573035,7,89
2025-02-20,short,high,2025-02-20 09:44:30-05:00,2025-02-20 04:42:00-05:00,2025-02-20 04:34:00-05:00,2025-02-20 09:44:30-05:00,1,12.071428571428571,22250.75,22243.75,7.0,18150.0,17.0,286.25,3.1805555555555554,0.4888888888888889,7,90
