open_date,direction,entry_time,pivot_time,outcome,label_win,retrace,pivot_flem_dist,time_since_pivot_sec,body_last,body_sum,body_mean,in_dir_ratio,max_in_dir_run,bars_since_pivot,zone_over_range,pivot_over_range
2025-01-02,short,2025-01-02 12:01:00-05:00,2025-01-02 11:59:00-05:00,forced_close,0,0.5660377358490566,39.75,120.0,7.5,28.0,5.6,0.6,2,5,0.10990990990990991,0.14324324324324325
2025-01-03,long,2025-01-03 09:57:00-05:00,2025-01-03 09:52:00-05:00,loss,0,0.5535714285714286,126.0,300.0,8.75,107.5,9.772727272727273,0.6363636363636364,4,11,0.25039619651347067,0.7987321711568938
2025-01-03,long,2025-01-03 10:33:00-05:00,2025-01-03 10:31:00-05:00,win,1,0.7243243243243244,46.25,120.0,7.75,33.25,6.65,0.6,2,5,0.21944444444444444,0.2569444444444444
2025-01-06,long,2025-01-06 09:37:00-05:00,2025-01-06 09:37:00-05:00,win,1,0.58,37.5,0.0,5.75,5.75,5.75,0.0,0,1,0.6,0.4918032786885246
2025-01-07,short,2025-01-07 09:57:00-05:00,2025-01-07 09:54:00-05:00,win,1,0.605,100.0,180.0,11.75,66.0,9.428571428571429,0.7142857142857143,3,7,0.21348314606741572,0.898876404494382
2025-01-08,long,2025-01-08 09:52:00-05:00,2025-01-08 09:51:00-05:00,loss,0,0.8790322580645161,31.0,60.0,41.75,69.75,23.25,0.3333333333333333,1,3,0.3105263157894737,0.3263157894736842
2025-01-08,short,2025-01-08 10:43:00-05:00,2025-01-08 10:41:00-05:00,win,1,0.88,18.75,120.0,6.0,46.25,9.25,0.8,3,5,0.1688125894134478,0.1072961373390558
2025-01-08,long,2025-01-08 10:55:00-05:00,2025-01-08 10:55:00-05:00,loss,0,0.5104895104895105,35.75,0.0,5.25,5.25,5.25,0.0,0,1,0.1688125894134478,0.20457796852646637
2025-01-08,short,2025-01-08 11:05:00-05:00,2025-01-08 11:04:00-05:00,win,1,1.0327868852459017,15.25,60.0,5.25,18.5,6.166666666666667,1.0,3,3,0.1688125894134478,0.08726752503576538
2025-01-08,long,2025-01-08 11:31:00-05:00,2025-01-08 11:30:00-05:00,win,1,0.6287425149700598,41.75,60.0,5.0,26.25,8.75,0.6666666666666666,2,3,0.1688125894134478,0.23891273247496422
2025-01-10,short,2025-01-10 09:36:00-05:00,2025-01-10 09:35:00-05:00,win,1,0.5732899022801303,76.75,60.0,8.25,60.5,20.166666666666668,0.3333333333333333,1,3,0.5645645645645646,0.9219219219219219
2025-01-13,long,2025-01-13 10:06:00-05:00,2025-01-13 10:02:00-05:00,loss,0,0.7148148148148148,67.5,240.0,5.25,81.0,9.0,0.7777777777777778,3,9,0.15220949263502456,0.44189852700491
2025-01-13,short,2025-01-13 11:30:00-05:00,2025-01-13 11:28:00-05:00,loss,0,0.8208955223880597,16.75,120.0,6.5,14.5,2.9,0.6,3,5,0.13025210084033614,0.0938375350140056
2025-01-13,long,2025-01-13 11:41:00-05:00,2025-01-13 11:40:00-05:00,win,1,0.4141414141414141,49.5,60.0,19.25,32.25,10.75,1.0,3,3,0.13025210084033614,0.2773109243697479
2025-01-14,long,2025-01-14 09:42:00-05:00,2025-01-14 09:40:00-05:00,loss,0,0.6289308176100629,39.75,120.0,17.5,44.75,8.95,0.6,2,5,0.42247191011235957,0.35730337078651686
2025-01-14,long,2025-01-14 10:15:00-05:00,2025-01-14 10:14:00-05:00,win,1,0.4093567251461988,42.75,60.0,3.25,16.0,5.333333333333333,0.6666666666666666,2,3,0.2874617737003058,0.26146788990825687
2025-01-14,short,2025-01-14 10:25:00-05:00,2025-01-14 10:25:00-05:00,win,1,0.6886792452830188,26.5,0.0,11.25,11.25,11.25,0.0,0,1,0.2874617737003058,0.1620795107033639
2025-01-16,short,2025-01-16 09:43:00-05:00,2025-01-16 09:41:00-05:00,win,1,0.4760147601476014,67.75,120.0,24.75,47.25,9.45,1.0,5,5,0.38274932614555257,0.7304582210242587
2025-01-17,short,2025-01-17 09:37:00-05:00,2025-01-17 09:37:00-05:00,win,1,0.5032258064516129,38.75,0.0,14.0,14.0,14.0,1.0,1,1,0.6239130434782608,0.33695652173913043
2025-01-20,long,2025-01-20 10:09:00-05:00,2025-01-20 10:08:00-05:00,loss,0,0.803030303030303,16.5,60.0,6.5,11.25,3.75,0.3333333333333333,1,3,0.21722846441947566,0.24719101123595505
2025-01-23,long,2025-01-23 10:00:00-05:00,2025-01-23 09:57:00-05:00,loss,0,0.490566037735849,39.75,180.0,3.25,35.5,5.071428571428571,0.42857142857142855,1,7,0.4449760765550239,0.7607655502392344
2025-01-24,short,2025-01-24 09:44:00-05:00,2025-01-24 09:43:00-05:00,loss,0,0.5730337078651685,44.5,60.0,11.75,34.25,11.416666666666666,0.6666666666666666,2,3,0.3175355450236967,0.8436018957345972
2025-01-24,long,2025-01-24 10:01:00-05:00,2025-01-24 09:58:00-05:00,loss,0,0.4571428571428571,35.0,180.0,4.75,33.25,4.75,0.42857142857142855,1,7,0.21474358974358973,0.44871794871794873
2025-01-24,short,2025-01-24 10:12:00-05:00,2025-01-24 10:11:00-05:00,win,1,0.5957446808510638,23.5,60.0,12.5,34.5,11.5,0.3333333333333333,1,3,0.21474358974358973,0.30128205128205127
2025-01-28,long,2025-01-28 10:12:00-05:00,2025-01-28 10:10:00-05:00,win,1,0.3981481481481481,54.0,120.0,10.75,38.75,7.75,0.8,2,5,0.11459589867310012,0.2605548854041013
2025-01-31,long,2025-01-31 09:45:00-05:00,2025-01-31 09:44:00-05:00,win,1,0.875,36.0,60.0,13.0,35.25,11.75,0.6666666666666666,2,3,0.3602693602693603,0.48484848484848486
2025-02-03,long,2025-02-03 09:59:00-05:00,2025-02-03 09:59:00-05:00,loss,0,0.5157894736842106,47.5,0.0,9.75,9.75,9.75,0.0,0,1,0.28822495606326887,0.3339191564147627
2025-02-03,short,2025-02-03 10:07:00-05:00,2025-02-03 10:06:00-05:00,win,1,0.5427350427350427,58.5,60.0,2.0,8.5,2.8333333333333335,1.0,3,3,0.24082232011747431,0.3436123348017621
2025-02-05,long,2025-02-05 09:44:00-05:00,2025-02-05 09:43:00-05:00,loss,0,0.6482758620689655,36.25,60.0,7.75,19.5,6.5,0.6666666666666666,2,3,0.33454545454545453,0.5272727272727272
2025-02-05,short,2025-02-05 10:09:00-05:00,2025-02-05 10:06:00-05:00,loss,0,0.5944444444444444,45.0,180.0,7.75,40.5,5.785714285714286,0.5714285714285714,3,7,0.21296296296296297,0.4166666666666667
2025-02-05,short,2025-02-05 10:24:00-05:00,2025-02-05 10:24:00-05:00,loss,0,0.4521276595744681,47.0,0.0,7.25,7.25,7.25,0.0,0,1,0.21296296296296297,0.4351851851851852
2025-02-05,long,2025-02-05 10:34:00-05:00,2025-02-05 10:33:00-05:00,win,1,0.5548780487804879,41.0,60.0,1.5,14.25,4.75,0.6666666666666666,1,3,0.21296296296296297,0.37962962962962965
2025-02-06,short,2025-02-06 09:38:00-05:00,2025-02-06 09:36:00-05:00,loss,0,0.464968152866242,39.25,120.0,3.0,17.0,3.4,0.4,2,5,0.6918604651162791,0.9127906976744186
2025-02-06,long,2025-02-06 09:52:00-05:00,2025-02-06 09:51:00-05:00,win,1,0.5466666666666666,37.5,60.0,5.0,16.75,5.583333333333333,0.6666666666666666,1,3,0.38636363636363635,0.487012987012987
2025-02-06,short,2025-02-06 10:54:00-05:00,2025-02-06 10:53:00-05:00,loss,0,0.3507462686567164,33.5,60.0,2.75,10.5,3.5,0.6666666666666666,2,3,0.26681614349775784,0.3004484304932735
2025-02-06,long,2025-02-06 11:07:00-05:00,2025-02-06 11:06:00-05:00,win,1,0.4285714285714285,21.0,60.0,3.25,18.25,6.083333333333333,0.6666666666666666,1,3,0.26681614349775784,0.18834080717488788
2025-02-13,short,2025-02-13 09:42:00-05:00,2025-02-13 09:41:00-05:00,loss,0,0.4310344827586206,29.0,60.0,1.75,13.0,4.333333333333333,0.6666666666666666,2,3,0.15948275862068967,0.25
2025-02-13,long,2025-02-13 09:47:00-05:00,2025-02-13 09:46:00-05:00,loss,0,1.0298507462686568,16.75,60.0,34.75,55.0,18.333333333333332,0.3333333333333333,1,3,0.15948275862068967,0.14439655172413793
2025-02-14,short,2025-02-14 09:45:00-05:00,2025-02-14 09:43:00-05:00,loss,0,0.7397260273972602,18.25,120.0,11.0,29.0,5.8,0.6,2,5,0.505,0.365
2025-02-14,long,2025-02-14 09:56:00-05:00,2025-02-14 09:56:00-05:00,loss,0,0.7373737373737373,24.75,0.0,0.25,0.25,0.25,0.0,0,1,0.4675925925925926,0.4583333333333333
2025-02-17,short,2025-02-17 09:35:00-05:00,2025-02-17 09:34:00-05:00,win,1,0.9791666666666666,12.0,60.0,6.25,13.0,4.333333333333333,0.6666666666666666,2,3,0.41216216216216217,0.32432432432432434
2025-02-17,long,2025-02-17 11:46:00-05:00,2025-02-17 11:37:00-05:00,loss,0,0.5324675324675324,19.25,540.0,0.75,15.5,0.8157894736842105,0.42105263157894735,3,19,0.25311203319502074,0.31950207468879666
2025-02-19,short,2025-02-19 09:42:00-05:00,2025-02-19 09:42:00-05:00,win,1,0.7285714285714285,17.5,0.0,0.75,0.75,0.75,1.0,1,1,0.36923076923076925,0.358974358974359
2025-02-19,long,2025-02-19 11:15:00-05:00,2025-02-19 11:14:00-05:00,win,1,0.56,18.75,60.0,0.75,3.25,1.0833333333333333,0.6666666666666666,2,3,0.1702127659574468,0.1773049645390071
2025-02-21,short,2025-02-21 09:37:00-05:00,2025-02-21 09:36:00-05:00,win,1,0.7,42.5,60.0,25.0,48.75,16.25,1.0,3,3,0.4084967320261438,0.5555555555555556
2025-02-24,short,2025-02-24 09:40:00-05:00,2025-02-24 09:39:00-05:00,win,1,0.9029850746268656,33.5,60.0,4.75,18.0,6.0,0.6666666666666666,2,3,0.25,0.32211538461538464
2025-02-25,short,2025-02-25 09:35:00-05:00,2025-02-25 09:34:00-05:00,loss,0,0.6415094339622641,39.75,60.0,0.5,15.25,5.083333333333333,0.6666666666666666,2,3,0.3877551020408163,0.6489795918367347
2025-02-26,long,2025-02-26 09:44:00-05:00,2025-02-26 09:43:00-05:00,win,1,0.45625,80.0,60.0,2.25,22.75,7.583333333333333,0.3333333333333333,1,3,0.5539358600583091,0.9329446064139941
2025-02-28,long,2025-02-28 09:49:00-05:00,2025-02-28 09:48:00-05:00,loss,0,0.6267123287671232,73.0,60.0,9.75,53.75,17.916666666666668,0.3333333333333333,1,3,0.25609756097560976,0.3956639566395664
2025-02-28,long,2025-02-28 10:05:00-05:00,2025-02-28 10:04:00-05:00,win,1,0.5231143552311436,102.75,60.0,34.0,67.25,22.416666666666668,0.6666666666666666,2,3,0.24076433121019108,0.5235668789808917
2025-03-03,long,2025-03-03 09:37:00-05:00,2025-03-03 09:37:00-05:00,loss,0,0.4833333333333333,90.0,0.0,15.75,15.75,15.75,0.0,0,1,0.3887468030690537,0.9207161125319693
2025-03-04,short,2025-03-04 09:53:00-05:00,2025-03-04 09:53:00-05:00,win,1,0.5555555555555556,60.75,0.0,19.25,19.25,19.25,1.0,1,1,0.22886297376093295,0.35422740524781343
2025-03-05,long,2025-03-05 09:46:00-05:00,2025-03-05 09:46:00-05:00,loss,0,0.5147058823529411,51.0,0.0,10.5,10.5,10.5,0.0,0,1,0.29071803852889666,0.3572679509632224
2025-03-05,long,2025-03-05 10:07:00-05:00,2025-03-05 10:07:00-05:00,win,1,0.6197183098591549,53.25,0.0,42.5,42.5,42.5,1.0,1,1,0.18322295805739514,0.23509933774834438
2025-03-05,short,2025-03-05 10:48:00-05:00,2025-03-05 10:47:00-05:00,win,1,0.5968992248062015,64.5,60.0,9.75,31.5,10.5,1.0,3,3,0.18322295805739514,0.2847682119205298
2025-03-06,short,2025-03-06 09:36:00-05:00,2025-03-06 09:35:00-05:00,loss,0,0.6431924882629108,53.25,60.0,24.5,53.0,17.666666666666668,0.6666666666666666,1,3,0.6175637393767706,0.603399433427762
2025-03-07,long,2025-03-07 09:39:00-05:00,2025-03-07 09:38:00-05:00,win,1,0.7041884816753927,95.5,60.0,0.5,50.25,16.75,1.0,3,3,0.5183374083129584,0.9339853300733496
2025-03-07,short,2025-03-07 10:56:00-05:00,2025-03-07 10:55:00-05:00,win,1,0.4379310344827586,72.5,60.0,1.25,35.5,11.833333333333334,0.6666666666666666,2,3,0.14940098661028894,0.204369274136716
2025-03-10,short,2025-03-10 09:37:00-04:00,2025-03-10 09:36:00-04:00,loss,0,0.5017667844522968,70.75,60.0,3.75,30.0,10.0,1.0,3,3,0.2743764172335601,0.6417233560090703
2025-03-11,long,2025-03-11 10:09:00-04:00,2025-03-11 10:08:00-04:00,win,1,0.7670454545454546,44.0,60.0,45.25,62.5,20.833333333333332,0.6666666666666666,2,3,0.14711538461538462,0.16923076923076924
2025-03-11,short,2025-03-11 10:59:00-04:00,2025-03-11 10:55:00-04:00,loss,0,0.531810766721044,153.25,240.0,5.0,87.0,9.666666666666666,0.7777777777777778,3,9,0.10983488872936109,0.44005743000717873
2025-03-11,long,2025-03-11 11:12:00-04:00,2025-03-11 11:11:00-04:00,win,1,0.4067796610169492,44.25,60.0,50.75,64.5,21.5,1.0,3,3,0.10983488872936109,0.12706389088298636
2025-03-12,short,2025-03-12 09:52:00-04:00,2025-03-12 09:52:00-04:00,win,1,0.5137254901960784,63.75,0.0,30.25,30.25,30.25,0.0,0,1,0.3202846975088968,0.45373665480427045
2025-03-13,short,2025-03-13 09:41:00-04:00,2025-03-13 09:41:00-04:00,win,1,0.5444015444015444,64.75,0.0,3.75,3.75,3.75,0.0,0,1,0.5635838150289018,0.7485549132947977
2025-03-14,long,2025-03-14 10:03:00-04:00,2025-03-14 10:03:00-04:00,win,1,0.9,35.0,0.0,1.5,1.5,1.5,1.0,1,1,0.20179948586118251,0.17994858611825193
2025-03-17,short,2025-03-17 11:32:00-04:00,2025-03-17 11:31:00-04:00,win,1,0.3894736842105263,23.75,60.0,4.75,11.5,3.8333333333333335,1.0,3,3,0.1111111111111111,0.1227390180878553
2025-03-19,short,2025-03-19 09:42:00-04:00,2025-03-19 09:41:00-04:00,loss,0,1.037037037037037,33.75,60.0,17.25,38.5,12.833333333333334,1.0,3,3,0.2625,0.3375
2025-03-19,long,2025-03-19 11:08:00-04:00,2025-03-19 10:56:00-04:00,win,1,0.5273972602739726,109.5,720.0,4.0,93.25,3.73,0.64,6,25,0.13725490196078433,0.5725490196078431
2025-03-26,long,2025-03-26 09:38:00-04:00,2025-03-26 09:38:00-04:00,win,1,0.6333333333333333,22.5,0.0,3.0,3.0,3.0,1.0,1,1,0.32051282051282054,0.38461538461538464
2025-03-27,short,2025-03-27 09:36:00-04:00,2025-03-27 09:35:00-04:00,win,1,0.584,31.25,60.0,4.5,37.25,12.416666666666666,0.6666666666666666,1,3,0.3779342723004695,0.2934272300469484
2025-03-27,long,2025-03-27 10:13:00-04:00,2025-03-27 10:11:00-04:00,win,1,0.4866666666666667,75.0,120.0,10.75,40.75,8.15,0.8,2,5,0.24393939393939393,0.45454545454545453
2025-03-28,short,2025-03-28 09:56:00-04:00,2025-03-28 09:55:00-04:00,win,1,0.6688741721854304,37.75,60.0,8.0,16.25,5.416666666666667,1.0,3,3,0.36609336609336607,0.371007371007371
2025-03-31,long,2025-03-31 11:34:00-04:00,2025-03-31 11:32:00-04:00,win,1,0.549645390070922,70.5,120.0,4.0,29.25,5.85,0.6,3,5,0.12975609756097561,0.2751219512195122
2025-04-01,short,2025-04-01 09:38:00-04:00,2025-04-01 09:38:00-04:00,loss,0,0.8531468531468531,35.75,0.0,28.0,28.0,28.0,0.0,0,1,0.40897097625329815,0.37730870712401055
2025-04-01,long,2025-04-01 09:44:00-04:00,2025-04-01 09:44:00-04:00,win,1,0.665158371040724,55.25,0.0,6.25,6.25,6.25,1.0,1,1,0.40897097625329815,0.58311345646438
2025-04-01,short,2025-04-01 10:11:00-04:00,2025-04-01 10:11:00-04:00,win,1,0.9147286821705426,32.25,0.0,17.25,17.25,17.25,1.0,1,1,0.24180967238689546,0.20124804992199688
2025-04-03,long,2025-04-03 09:38:00-04:00,2025-04-03 09:38:00-04:00,win,1,0.5406360424028268,70.75,0.0,3.75,3.75,3.75,1.0,1,1,0.6027397260273972,0.4845890410958904
2025-04-03,short,2025-04-03 10:09:00-04:00,2025-04-03 10:09:00-04:00,win,1,0.5959183673469388,61.25,0.0,3.75,3.75,3.75,1.0,1,1,0.4808743169398907,0.33469945355191255
2025-04-04,short,2025-04-04 09:36:00-04:00,2025-04-04 09:36:00-04:00,win,1,0.6540697674418605,86.0,0.0,25.0,25.0,25.0,1.0,1,1,0.49039881831610044,0.5081240768094535
2025-04-07,short,2025-04-07 09:36:00-04:00,2025-04-07 09:35:00-04:00,win,1,0.8696969696969697,82.5,60.0,19.5,80.5,26.833333333333332,0.6666666666666666,1,3,0.30060422960725075,0.4984894259818731
2025-04-08,short,2025-04-08 11:06:00-04:00,2025-04-08 11:03:00-04:00,win,1,0.4225352112676056,71.0,180.0,20.25,50.75,7.25,0.5714285714285714,4,7,0.13135593220338984,0.24067796610169492
2025-04-09,long,2025-04-09 09:36:00-04:00,2025-04-09 09:35:00-04:00,loss,0,0.512087912087912,113.75,60.0,28.5,59.75,19.916666666666668,0.6666666666666666,2,3,0.48059701492537316,0.6791044776119403
2025-04-10,long,2025-04-10 09:35:00-04:00,2025-04-10 09:34:00-04:00,win,1,0.5734597156398105,52.75,60.0,9.25,95.5,31.833333333333332,0.3333333333333333,1,3,0.5538461538461539,0.40576923076923077
2025-04-10,short,2025-04-10 09:55:00-04:00,2025-04-10 09:54:00-04:00,win,1,0.7119565217391305,46.0,60.0,18.75,45.75,15.25,1.0,3,3,0.37402597402597404,0.23896103896103896
2025-04-11,short,2025-04-11 09:38:00-04:00,2025-04-11 09:37:00-04:00,loss,0,0.6247334754797441,117.25,60.0,21.25,61.25,20.416666666666668,0.6666666666666666,2,3,0.5227722772277228,0.9287128712871288
2025-04-11,long,2025-04-11 10:58:00-04:00,2025-04-11 10:57:00-04:00,loss,0,0.3636363636363636,121.0,60.0,18.0,32.5,10.833333333333334,0.3333333333333333,1,3,0.1746031746031746,0.3201058201058201
2025-04-11,short,2025-04-11 11:11:00-04:00,2025-04-11 11:11:00-04:00,win,1,0.3535620052770448,94.75,0.0,18.75,18.75,18.75,1.0,1,1,0.1746031746031746,0.25066137566137564
2025-04-11,long,2025-04-11 11:43:00-04:00,2025-04-11 11:42:00-04:00,win,1,0.5250836120401338,74.75,60.0,5.5,31.75,10.583333333333334,0.3333333333333333,1,3,0.1746031746031746,0.19775132275132276
2025-04-15,long,2025-04-15 09:38:00-04:00,2025-04-15 09:36:00-04:00,win,1,0.5602836879432624,70.5,120.0,4.75,72.75,14.55,0.8,3,5,0.3210702341137124,0.9431438127090301
2025-04-15,short,2025-04-15 10:30:00-04:00,2025-04-15 10:29:00-04:00,loss,0,0.4070796460176991,56.5,60.0,24.0,40.5,13.5,0.3333333333333333,1,3,0.1095890410958904,0.2579908675799087
2025-04-15,long,2025-04-15 10:41:00-04:00,2025-04-15 10:41:00-04:00,win,1,0.3571428571428571,66.5,0.0,4.25,4.25,4.25,0.0,0,1,0.1095890410958904,0.3036529680365297
2025-04-16,long,2025-04-16 09:36:00-04:00,2025-04-16 09:36:00-04:00,win,1,0.5,48.0,0.0,0.75,0.75,0.75,1.0,1,1,0.7828571428571428,0.5485714285714286
2025-04-16,short,2025-04-16 09:59:00-04:00,2025-04-16 09:59:00-04:00,loss,0,0.7704081632653061,49.0,0.0,7.25,7.25,7.25,1.0,1,1,0.4391025641025641,0.3141025641025641
2025-04-16,long,2025-04-16 10:53:00-04:00,2025-04-16 10:52:00-04:00,loss,0,0.4952830188679245,53.0,60.0,1.0,12.0,4.0,1.0,3,3,0.40472673559822747,0.31314623338257014
2025-04-17,short,2025-04-17 09:58:00-04:00,2025-04-17 09:55:00-04:00,win,1,0.4990583804143126,132.75,180.0,4.25,44.5,6.357142857142857,0.8571428571428571,6,7,0.24157303370786518,0.9943820224719101
2025-04-23,long,2025-04-23 09:42:00-04:00,2025-04-23 09:40:00-04:00,win,1,0.4854700854700854,146.25,120.0,7.25,85.75,17.15,0.6,2,5,0.23469387755102042,0.7461734693877551
2025-04-23,short,2025-04-23 11:43:00-04:00,2025-04-23 11:42:00-04:00,win,1,0.3810810810810811,92.5,60.0,5.0,25.75,8.583333333333334,1.0,3,3,0.14814814814814814,0.29790660225442833
2025-04-24,long,2025-04-24 09:35:00-04:00,2025-04-24 09:34:00-04:00,win,1,0.7621951219512195,41.0,60.0,18.0,34.75,11.583333333333334,0.6666666666666666,2,3,0.612565445026178,0.8586387434554974
2025-04-25,short,2025-04-25 09:50:00-04:00,2025-04-25 09:50:00-04:00,win,1,0.7086614173228346,31.75,0.0,6.75,6.75,6.75,0.0,0,1,0.338785046728972,0.2967289719626168
2025-04-25,long,2025-04-25 10:06:00-04:00,2025-04-25 10:05:00-04:00,win,1,0.3736263736263736,45.5,60.0,17.75,38.0,12.666666666666666,0.6666666666666666,1,3,0.28487229862475444,0.3575638506876228
2025-04-25,short,2025-04-25 10:27:00-04:00,2025-04-25 10:25:00-04:00,win,1,0.5497630331753555,52.75,120.0,4.25,61.5,12.3,0.6,1,5,0.21354933726067746,0.31075110456553756
2025-04-25,long,2025-04-25 10:54:00-04:00,2025-04-25 10:52:00-04:00,loss,0,0.7894736842105263,38.0,120.0,19.5,50.0,10.0,0.6,2,5,0.2116788321167883,0.22189781021897811
2025-04-28,short,2025-04-28 10:30:00-04:00,2025-04-28 10:26:00-04:00,loss,0,0.4741784037558685,106.5,240.0,2.75,58.75,6.527777777777778,0.7777777777777778,3,9,0.18972332015810275,0.5612648221343873
2025-04-30,long,2025-04-30 10:40:00-04:00,2025-04-30 10:39:00-04:00,win,1,0.4221311475409836,61.0,60.0,3.0,30.0,10.0,0.3333333333333333,1,3,0.2730125523012552,0.25523012552301255
2025-05-01,short,2025-05-01 09:35:00-04:00,2025-05-01 09:34:00-04:00,win,1,0.576271186440678,59.0,60.0,9.5,23.75,7.916666666666667,1.0,3,3,0.42258064516129035,0.7612903225806451
2025-05-01,long,2025-05-01 10:33:00-04:00,2025-05-01 10:33:00-04:00,win,1,0.4214876033057851,30.25,0.0,6.5,6.5,6.5,0.0,0,1,0.22241086587436332,0.20543293718166383
2025-05-01,short,2025-05-01 12:00:00-04:00,2025-05-01 12:00:00-04:00,loss,0,0.3945578231292517,36.75,0.0,0.75,0.75,0.75,1.0,1,1,0.1225444340505145,0.13751169317118803
2025-05-02,long,2025-05-02 09:45:00-04:00,2025-05-02 09:44:00-04:00,loss,0,0.5411764705882353,42.5,60.0,10.25,33.5,11.166666666666666,0.6666666666666666,2,3,0.3423913043478261,0.46195652173913043
2025-05-02,short,2025-05-02 09:57:00-04:00,2025-05-02 09:57:00-04:00,loss,0,0.4976744186046511,53.75,0.0,8.75,8.75,8.75,1.0,1,1,0.2985781990521327,0.509478672985782
2025-05-02,long,2025-05-02 10:06:00-04:00,2025-05-02 10:05:00-04:00,win,1,0.7517241379310344,36.25,60.0,5.75,28.75,9.583333333333334,0.3333333333333333,1,3,0.2630480167014614,0.302713987473904
2025-05-05,long,2025-05-05 09:47:00-04:00,2025-05-05 09:46:00-04:00,loss,0,0.7395833333333334,24.0,60.0,1.25,7.5,2.5,0.6666666666666666,1,3,0.4854014598540146,0.35036496350364965
2025-05-06,short,2025-05-06 09:58:00-04:00,2025-05-06 09:57:00-04:00,win,1,0.4305555555555556,36.0,60.0,8.0,16.0,5.333333333333333,0.6666666666666666,2,3,0.28662420382165604,0.3057324840764331
2025-05-09,short,2025-05-09 09:52:00-04:00,2025-05-09 09:49:00-04:00,win,1,0.4583333333333333,30.0,180.0,21.25,35.0,5.0,0.5714285714285714,2,7,0.43728813559322033,0.4067796610169492
2025-05-09,long,2025-05-09 10:07:00-04:00,2025-05-09 10:06:00-04:00,loss,0,1.0,35.5,60.0,7.75,28.25,9.416666666666666,1.0,3,3,0.42857142857142855,0.4717607973421927
2025-05-14,short,2025-05-14 09:54:00-04:00,2025-05-14 09:53:00-04:00,loss,0,0.6666666666666666,54.0,60.0,8.5,31.75,10.583333333333334,1.0,3,3,0.22504892367906065,0.4227005870841487
2025-05-14,long,2025-05-14 10:29:00-04:00,2025-05-14 10:29:00-04:00,win,1,0.7258064516129032,15.5,0.0,2.5,2.5,2.5,1.0,1,1,0.2178030303030303,0.11742424242424243
2025-05-14,long,2025-05-14 11:17:00-04:00,2025-05-14 11:16:00-04:00,win,1,0.578125,16.0,60.0,1.25,8.0,2.6666666666666665,0.3333333333333333,1,3,0.2178030303030303,0.12121212121212122
2025-05-15,long,2025-05-15 09:38:00-04:00,2025-05-15 09:38:00-04:00,loss,0,0.5591397849462365,46.5,0.0,9.75,9.75,9.75,0.0,0,1,0.45217391304347826,0.808695652173913
2025-05-15,long,2025-05-15 10:51:00-04:00,2025-05-15 10:51:00-04:00,win,1,0.4693877551020408,36.75,0.0,5.5,5.5,5.5,1.0,1,1,0.26329113924050634,0.3721518987341772
2025-05-16,short,2025-05-16 09:34:00-04:00,2025-05-16 09:33:00-04:00,win,1,0.7647058823529411,21.25,60.0,8.5,18.5,6.166666666666667,0.3333333333333333,1,3,0.7177033492822966,0.40669856459330145
2025-05-20,short,2025-05-20 09:59:00-04:00,2025-05-20 09:55:00-04:00,win,1,0.5833333333333334,78.0,240.0,6.25,44.0,4.888888888888889,0.7777777777777778,6,9,0.282798833819242,0.9096209912536443
2025-05-20,long,2025-05-20 10:45:00-04:00,2025-05-20 10:42:00-04:00,loss,0,1.0,12.5,180.0,2.0,18.0,2.5714285714285716,0.5714285714285714,2,7,0.25,0.12886597938144329
2025-05-20,short,2025-05-20 11:06:00-04:00,2025-05-20 11:04:00-04:00,loss,0,0.3969465648854962,32.75,120.0,2.5,15.0,3.0,0.6,2,5,0.2493573264781491,0.33676092544987146
2025-05-22,long,2025-05-22 11:01:00-04:00,2025-05-22 10:58:00-04:00,win,1,0.4549618320610687,163.75,180.0,0.0,73.0,10.428571428571429,0.5714285714285714,3,7,0.10046189376443418,0.75635103926097
2025-05-23,long,2025-05-23 10:02:00-04:00,2025-05-23 09:49:00-04:00,win,1,0.5011389521640092,109.75,780.0,5.25,291.0,10.777777777777779,0.5555555555555556,3,27,0.4147727272727273,0.8314393939393939
2025-05-27,short,2025-05-27 09:35:00-04:00,2025-05-27 09:33:00-04:00,win,1,1.1196581196581197,29.25,120.0,27.5,54.0,10.8,0.6,3,5,0.4968553459119497,0.36792452830188677
2025-05-27,long,2025-05-27 09:59:00-04:00,2025-05-27 09:58:00-04:00,win,1,1.0555555555555556,9.0,60.0,3.0,8.25,2.75,1.0,3,3,0.38072289156626504,0.08674698795180723
2025-05-28,long,2025-05-28 09:39:00-04:00,2025-05-28 09:36:00-04:00,win,1,1.105263157894737,19.0,180.0,13.25,35.5,5.071428571428571,0.7142857142857143,2,7,0.34191176470588236,0.27941176470588236
2025-05-28,short,2025-05-28 09:56:00-04:00,2025-05-28 09:54:00-04:00,win,1,0.5771812080536913,37.25,120.0,2.0,17.75,3.55,0.6,2,5,0.2390745501285347,0.38303341902313626
2025-05-30,long,2025-05-30 10:44:00-04:00,2025-05-30 10:43:00-04:00,loss,0,0.3515625,32.0,60.0,6.75,13.75,4.583333333333333,0.6666666666666666,2,3,0.2321699544764795,0.19423368740515934
2025-05-30,short,2025-05-30 11:02:00-04:00,2025-05-30 11:02:00-04:00,win,1,0.4326923076923077,26.0,0.0,0.25,0.25,0.25,0.0,0,1,0.2321699544764795,0.15781487101669195
2025-06-02,short,2025-06-02 10:06:00-04:00,2025-06-02 10:05:00-04:00,loss,0,0.5228070175438596,71.25,60.0,8.75,21.75,7.25,0.6666666666666666,2,3,0.203579418344519,0.3187919463087248
2025-06-03,short,2025-06-03 09:35:00-04:00,2025-06-03 09:34:00-04:00,loss,0,0.82,25.0,60.0,9.25,25.0,8.333333333333334,1.0,3,3,0.6428571428571429,0.3246753246753247
2025-06-03,long,2025-06-03 10:11:00-04:00,2025-06-03 10:09:00-04:00,win,1,0.4769230769230769,81.25,120.0,0.75,39.25,7.85,0.8,2,5,0.3844660194174757,0.6310679611650486
2025-06-04,long,2025-06-04 10:36:00-04:00,2025-06-04 10:35:00-04:00,loss,0,1.1136363636363635,11.0,60.0,5.0,14.25,4.75,0.6666666666666666,2,3,0.1819672131147541,0.07213114754098361
2025-06-04,short,2025-06-04 10:46:00-04:00,2025-06-04 10:46:00-04:00,loss,0,0.734375,16.0,0.0,4.5,4.5,4.5,1.0,1,1,0.1819672131147541,0.10491803278688525
2025-06-04,long,2025-06-04 11:33:00-04:00,2025-06-04 11:31:00-04:00,loss,0,0.3780487804878049,41.0,120.0,3.5,16.75,3.35,1.0,5,5,0.1819672131147541,0.26885245901639343
2025-06-05,short,2025-06-05 09:38:00-04:00,2025-06-05 09:35:00-04:00,win,1,0.462882096069869,57.25,180.0,1.25,33.25,4.75,0.5714285714285714,2,7,0.453416149068323,0.7111801242236024
2025-06-06,short,2025-06-06 09:37:00-04:00,2025-06-06 09:37:00-04:00,loss,0,0.5447761194029851,33.5,0.0,15.5,15.5,15.5,0.0,0,1,0.41626794258373206,0.6411483253588517
2025-06-06,long,2025-06-06 10:00:00-04:00,2025-06-06 09:57:00-04:00,loss,0,0.6115702479338843,60.5,180.0,8.75,54.0,7.714285714285714,0.5714285714285714,3,7,0.22774869109947643,0.6335078534031413
2025-06-06,short,2025-06-06 10:32:00-04:00,2025-06-06 10:31:00-04:00,loss,0,0.4555555555555555,22.5,60.0,5.5,7.5,2.5,1.0,3,3,0.21804511278195488,0.22556390977443608
2025-06-06,long,2025-06-06 10:40:00-04:00,2025-06-06 10:39:00-04:00,win,1,0.8461538461538461,13.0,60.0,7.25,17.25,5.75,1.0,3,3,0.21804511278195488,0.13032581453634084
2025-06-06,short,2025-06-06 11:37:00-04:00,2025-06-06 11:33:00-04:00,loss,0,0.4680851063829787,70.5,240.0,5.5,32.25,3.5833333333333335,0.7777777777777778,4,9,0.16171003717472118,0.5241635687732342
2025-06-06,long,2025-06-06 11:59:00-04:00,2025-06-06 11:58:00-04:00,forced_close,0,0.3959731543624161,37.25,60.0,6.0,19.75,6.583333333333333,1.0,3,3,0.16171003717472118,0.27695167286245354
2025-06-09,long,2025-06-09 09:57:00-04:00,2025-06-09 09:56:00-04:00,loss,0,0.5131578947368421,19.0,60.0,1.75,5.25,1.75,1.0,3,3,0.34767025089605735,0.2724014336917563
2025-06-09,short,2025-06-09 10:04:00-04:00,2025-06-09 10:02:00-04:00,loss,0,0.3770491803278688,30.5,120.0,6.75,17.25,3.45,0.4,1,5,0.34767025089605735,0.43727598566308246
2025-06-10,long,2025-06-10 10:01:00-04:00,2025-06-10 09:58:00-04:00,loss,0,0.4859813084112149,53.5,180.0,2.25,30.25,4.321428571428571,0.7142857142857143,2,7,0.3953488372093023,0.7109634551495017
2025-06-10,long,2025-06-10 12:00:00-04:00,2025-06-10 11:58:00-04:00,forced_close,0,1.08,12.5,120.0,2.0,10.5,2.1,1.0,5,5,0.19800332778702162,0.08319467554076539
2025-06-11,short,2025-06-11 09:41:00-04:00,2025-06-11 09:40:00-04:00,win,1,0.4970414201183432,42.25,60.0,14.5,29.25,9.75,0.3333333333333333,1,3,0.4092664092664093,0.6525096525096525
2025-06-11,long,2025-06-11 11:16:00-04:00,2025-06-11 11:15:00-04:00,loss,0,1.0,18.25,60.0,2.75,14.75,4.916666666666667,1.0,3,3,0.17462932454695224,0.12026359143327842
2025-06-11,short,2025-06-11 11:56:00-04:00,2025-06-11 11:55:00-04:00,forced_close,0,0.4010695187165775,46.75,60.0,3.75,18.25,6.083333333333333,1.0,3,3,0.17462932454695224,0.30807248764415157
2025-06-12,long,2025-06-12 09:44:00-04:00,2025-06-12 09:42:00-04:00,loss,0,0.8235294117647058,21.25,120.0,2.0,12.75,2.55,0.4,2,5,0.7018181818181818,0.3090909090909091
2025-06-13,short,2025-06-13 10:23:00-04:00,2025-06-13 10:22:00-04:00,loss,0,0.4343434343434343,24.75,60.0,8.0,15.5,5.166666666666667,0.6666666666666666,2,3,0.3841166936790924,0.16045380875202594
2025-06-13,long,2025-06-13 10:53:00-04:00,2025-06-13 10:50:00-04:00,win,1,0.592,62.5,180.0,6.75,38.5,5.5,0.8571428571428571,6,7,0.33146853146853145,0.34965034965034963
2025-06-16,long,2025-06-16 09:39:00-04:00,2025-06-16 09:36:00-04:00,win,1,0.5721649484536082,48.5,180.0,6.0,29.5,4.214285714285714,0.7142857142857143,3,7,0.5880597014925373,0.5791044776119403
2025-06-17,short,2025-06-17 09:51:00-04:00,2025-06-17 09:49:00-04:00,loss,0,0.4545454545454545,44.0,120.0,16.5,27.5,5.5,0.6,2,5,0.5684523809523809,0.5238095238095238
2025-06-17,long,2025-06-17 10:21:00-04:00,2025-06-17 10:20:00-04:00,loss,0,0.4628099173553719,30.25,60.0,9.25,14.75,4.916666666666667,0.6666666666666666,2,3,0.45368171021377673,0.28741092636579574
2025-06-18,long,2025-06-18 10:03:00-04:00,2025-06-18 10:03:00-04:00,win,1,0.5617977528089888,44.5,0.0,5.5,5.5,5.5,1.0,1,1,0.3308457711442786,0.4427860696517413
2025-06-23,long,2025-06-23 09:47:00-04:00,2025-06-23 09:46:00-04:00,win,1,0.8719512195121951,41.0,60.0,7.75,30.75,10.25,0.6666666666666666,2,3,0.23183391003460208,0.2837370242214533
2025-06-24,long,2025-06-24 10:08:00-04:00,2025-06-24 10:04:00-04:00,loss,0,0.4771573604060913,49.25,240.0,9.0,31.75,3.5277777777777777,0.5555555555555556,3,9,0.26621160409556316,0.6723549488054608
2025-06-25,long,2025-06-25 09:43:00-04:00,2025-06-25 09:42:00-04:00,loss,0,0.6027397260273972,18.25,60.0,4.0,11.5,3.8333333333333335,1.0,3,3,0.6622807017543859,0.3201754385964912
2025-06-25,short,2025-06-25 10:19:00-04:00,2025-06-25 10:18:00-04:00,loss,0,0.6171875,32.0,60.0,0.75,13.0,4.333333333333333,0.3333333333333333,1,3,0.4603658536585366,0.3902439024390244
2025-06-26,long,2025-06-26 10:25:00-04:00,2025-06-26 10:24:00-04:00,win,1,0.8088235294117647,17.0,60.0,4.5,8.75,2.9166666666666665,0.6666666666666666,2,3,0.23940149625935161,0.16957605985037408
2025-06-27,long,2025-06-27 09:37:00-04:00,2025-06-27 09:37:00-04:00,win,1,0.7912087912087912,22.75,0.0,2.5,2.5,2.5,1.0,1,1,0.45933014354066987,0.4354066985645933
2025-06-30,short,2025-06-30 10:21:00-04:00,2025-06-30 10:13:00-04:00,win,1,0.5508474576271186,59.0,480.0,5.0,61.0,3.588235294117647,0.7058823529411765,7,17,0.3105590062111801,0.7329192546583851
2025-07-01,long,2025-07-01 09:54:00-04:00,2025-07-01 09:54:00-04:00,loss,0,0.7941176470588235,17.0,0.0,2.5,2.5,2.5,0.0,0,1,0.5067873303167421,0.3076923076923077
2025-07-01,short,2025-07-01 10:25:00-04:00,2025-07-01 10:25:00-04:00,win,1,0.3763440860215054,23.25,0.0,1.0,1.0,1.0,1.0,1,1,0.3957597173144876,0.3286219081272085
2025-07-02,long,2025-07-02 09:36:00-04:00,2025-07-02 09:36:00-04:00,win,1,0.6416666666666667,30.0,0.0,5.0,5.0,5.0,1.0,1,1,0.40860215053763443,0.6451612903225806
2025-07-03,long,2025-07-03 09:36:00-04:00,2025-07-03 09:35:00-04:00,loss,0,0.6880733944954128,27.25,60.0,1.75,15.75,5.25,1.0,3,3,0.7422222222222222,0.48444444444444446
2025-07-04,long,2025-07-04 09:52:00-04:00,2025-07-04 09:51:00-04:00,loss,0,0.6774193548387096,15.5,60.0,0.75,2.5,0.8333333333333334,1.0,3,3,0.2786885245901639,0.33879781420765026
2025-07-07,short,2025-07-07 09:40:00-04:00,2025-07-07 09:39:00-04:00,loss,0,0.5396039603960396,50.5,60.0,8.0,23.25,7.75,0.6666666666666666,2,3,0.4485049833887043,0.6710963455149501
2025-07-08,short,2025-07-08 09:58:00-04:00,2025-07-08 09:56:00-04:00,win,1,0.4791666666666667,36.0,120.0,8.0,34.75,6.95,0.8,3,5,0.35454545454545455,0.6545454545454545
2025-07-09,short,2025-07-09 11:39:00-04:00,2025-07-09 11:28:00-04:00,forced_close,0,0.4652777777777778,72.0,660.0,12.75,96.25,4.184782608695652,0.6086956521739131,4,23,0.138996138996139,0.37065637065637064
2025-07-11,long,2025-07-11 10:02:00-04:00,2025-07-11 10:02:00-04:00,loss,0,0.6774193548387096,15.5,0.0,4.75,4.75,4.75,0.0,0,1,0.45560747663551404,0.14485981308411214
2025-07-14,long,2025-07-14 10:21:00-04:00,2025-07-14 10:20:00-04:00,win,1,1.0476190476190477,10.5,60.0,12.0,17.5,5.833333333333333,0.6666666666666666,2,3,0.18900343642611683,0.07216494845360824
2025-07-14,long,2025-07-14 10:49:00-04:00,2025-07-14 10:48:00-04:00,win,1,0.4736842105263157,19.0,60.0,1.25,11.0,3.6666666666666665,0.3333333333333333,1,3,0.18900343642611683,0.13058419243986255
2025-07-15,short,2025-07-15 10:32:00-04:00,2025-07-15 10:16:00-04:00,win,1,0.4700315457413249,79.25,960.0,4.25,178.75,5.416666666666667,0.48484848484848486,3,33,0.26506024096385544,0.763855421686747
2025-07-17,short,2025-07-17 09:37:00-04:00,2025-07-17 09:36:00-04:00,loss,0,0.7410714285714286,28.0,60.0,0.5,18.0,6.0,1.0,3,3,0.4835680751173709,0.5258215962441315
2025-07-17,long,2025-07-17 09:47:00-04:00,2025-07-17 09:44:00-04:00,win,1,0.8867924528301887,13.25,180.0,5.75,16.5,2.357142857142857,0.5714285714285714,2,7,0.39015151515151514,0.20075757575757575
2025-07-18,short,2025-07-18 09:45:00-04:00,2025-07-18 09:42:00-04:00,loss,0,0.5360824742268041,24.25,180.0,4.75,15.75,2.25,0.42857142857142855,2,7,0.6635071090047393,0.4597156398104265
2025-07-23,short,2025-07-23 09:42:00-04:00,2025-07-23 09:36:00-04:00,win,1,0.518348623853211,54.5,360.0,0.0,62.75,4.826923076923077,0.46153846153846156,2,13,0.5015384615384615,0.6707692307692308
2025-07-24,short,2025-07-24 09:36:00-04:00,2025-07-24 09:36:00-04:00,win,1,0.4776119402985074,33.5,0.0,10.75,10.75,10.75,1.0,1,1,0.6452991452991453,0.5726495726495726
2025-07-28,long,2025-07-28 09:42:00-04:00,2025-07-28 09:41:00-04:00,win,1,0.5367647058823529,34.0,60.0,0.25,14.0,4.666666666666667,0.3333333333333333,1,3,0.7588235294117647,0.8
2025-07-29,short,2025-07-29 10:02:00-04:00,2025-07-29 09:58:00-04:00,win,1,0.5238095238095238,42.0,240.0,2.25,25.0,2.7777777777777777,0.4444444444444444,2,9,0.3142857142857143,0.43636363636363634
2025-07-30,long,2025-07-30 09:41:00-04:00,2025-07-30 09:39:00-04:00,loss,0,0.7946428571428571,28.0,120.0,4.75,22.25,4.45,0.8,4,5,0.4369747899159664,0.47058823529411764
2025-07-31,short,2025-07-31 10:12:00-04:00,2025-07-31 09:59:00-04:00,win,1,0.4961240310077519,96.75,780.0,2.0,148.25,5.4907407407407405,0.4444444444444444,3,27,0.3836805555555556,0.671875
2025-08-05,long,2025-08-05 09:41:00-04:00,2025-08-05 09:40:00-04:00,win,1,0.6428571428571429,17.5,60.0,2.25,11.25,3.75,0.6666666666666666,2,3,0.8851063829787233,0.2978723404255319
2025-08-05,short,2025-08-05 10:21:00-04:00,2025-08-05 10:20:00-04:00,win,1,0.7866666666666666,18.75,60.0,2.25,16.0,5.333333333333333,1.0,3,3,0.4781609195402299,0.1724137931034483
2025-08-06,long,2025-08-06 09:54:00-04:00,2025-08-06 09:53:00-04:00,loss,0,0.7878787878787878,66.0,60.0,3.5,28.25,9.416666666666666,0.6666666666666666,2,3,0.30238726790450926,0.7002652519893899
2025-08-07,long,2025-08-07 09:39:00-04:00,2025-08-07 09:37:00-04:00,win,1,0.5570469798657718,37.25,120.0,16.25,30.75,6.15,0.8,3,5,0.4117647058823529,0.7303921568627451
2025-08-07,long,2025-08-07 10:15:00-04:00,2025-08-07 10:14:00-04:00,loss,0,0.7164179104477612,16.75,60.0,2.75,3.75,1.25,0.6666666666666666,2,3,0.20638820638820637,0.16461916461916462
2025-08-07,short,2025-08-07 10:47:00-04:00,2025-08-07 10:46:00-04:00,win,1,0.6308411214953271,53.5,60.0,2.5,38.0,12.666666666666666,0.6666666666666666,1,3,0.16030534351145037,0.4083969465648855
2025-08-08,long,2025-08-08 09:40:00-04:00,2025-08-08 09:39:00-04:00,win,1,0.9433962264150944,13.25,60.0,4.0,13.75,4.583333333333333,0.6666666666666666,2,3,0.5348837209302325,0.24651162790697675
2025-08-11,long,2025-08-11 09:48:00-04:00,2025-08-11 09:47:00-04:00,loss,0,0.4673913043478261,23.0,60.0,6.0,12.75,4.25,0.3333333333333333,1,3,0.2782608695652174,0.4
2025-08-11,long,2025-08-11 10:51:00-04:00,2025-08-11 10:49:00-04:00,loss,0,0.5522388059701493,50.25,120.0,0.25,30.25,6.05,0.8,3,5,0.18497109826589594,0.5809248554913294
2025-08-12,short,2025-08-12 09:58:00-04:00,2025-08-12 09:56:00-04:00,loss,0,0.9393939393939394,57.75,120.0,8.0,54.75,10.95,1.0,5,5,0.18269230769230768,0.3701923076923077
2025-08-12,long,2025-08-12 10:27:00-04:00,2025-08-12 10:26:00-04:00,loss,0,0.5978260869565217,23.0,60.0,5.75,15.75,5.25,1.0,3,3,0.15281501340482573,0.12332439678284182
2025-08-13,long,2025-08-13 09:39:00-04:00,2025-08-13 09:38:00-04:00,loss,0,0.7474747474747475,24.75,60.0,11.75,22.0,7.333333333333333,0.3333333333333333,1,3,0.484472049689441,0.6149068322981367
2025-08-13,short,2025-08-13 10:00:00-04:00,2025-08-13 09:58:00-04:00,win,1,0.5462962962962963,27.0,120.0,8.75,28.25,5.65,0.6,1,5,0.2708333333333333,0.375
2025-08-14,long,2025-08-14 11:51:00-04:00,2025-08-14 11:28:00-04:00,forced_close,0,0.4535901926444833,142.75,1380.0,3.5,266.25,5.664893617021277,0.6170212765957447,5,47,0.1704718417047184,0.8691019786910198
2025-08-15,short,2025-08-15 09:34:00-04:00,2025-08-15 09:33:00-04:00,win,1,0.6133333333333333,37.5,60.0,1.5,4.75,1.5833333333333333,0.6666666666666666,2,3,0.831275720164609,0.6172839506172839
2025-08-18,long,2025-08-18 09:40:00-04:00,2025-08-18 09:39:00-04:00,loss,0,0.5983606557377049,30.5,60.0,8.25,27.5,9.166666666666666,0.3333333333333333,1,3,0.7277227722772277,0.6039603960396039
2025-08-18,short,2025-08-18 09:57:00-04:00,2025-08-18 09:56:00-04:00,win,1,0.4257425742574257,25.25,60.0,2.5,9.75,3.25,0.3333333333333333,1,3,0.4966216216216216,0.34121621621621623
2025-08-18,short,2025-08-18 10:43:00-04:00,2025-08-18 10:42:00-04:00,win,1,0.8363636363636363,13.75,60.0,1.25,9.5,3.1666666666666665,1.0,3,3,0.4106145251396648,0.15363128491620112
2025-08-20,short,2025-08-20 09:35:00-04:00,2025-08-20 09:35:00-04:00,win,1,0.7682926829268293,41.0,0.0,12.75,12.75,12.75,0.0,0,1,0.6964285714285714,0.5857142857142857
2025-08-21,long,2025-08-21 09:36:00-04:00,2025-08-21 09:36:00-04:00,loss,0,0.7461928934010152,49.25,0.0,14.25,14.25,14.25,0.0,0,1,0.9155405405405406,0.6655405405405406
2025-08-21,long,2025-08-21 10:09:00-04:00,2025-08-21 10:08:00-04:00,win,1,0.5,28.5,60.0,3.25,20.75,6.916666666666667,0.6666666666666666,1,3,0.5009242144177449,0.21072088724584104
2025-08-22,long,2025-08-22 09:40:00-04:00,2025-08-22 09:39:00-04:00,win,1,0.6881720430107527,23.25,60.0,2.25,14.25,4.75,1.0,3,3,0.7189189189189189,0.25135135135135134
2025-08-25,short,2025-08-25 09:41:00-04:00,2025-08-25 09:39:00-04:00,loss,0,0.4943820224719101,66.75,120.0,16.75,45.5,9.1,0.8,4,5,0.3129251700680272,0.9081632653061225
2025-08-25,long,2025-08-25 10:02:00-04:00,2025-08-25 10:02:00-04:00,win,1,0.4233576642335766,34.25,0.0,0.25,0.25,0.25,0.0,0,1,0.24533333333333332,0.36533333333333334
2025-08-26,long,2025-08-26 10:00:00-04:00,2025-08-26 09:57:00-04:00,win,1,0.4893617021276595,23.5,180.0,7.5,37.0,5.285714285714286,0.7142857142857143,3,7,0.25340599455040874,0.2561307901907357
2025-08-28,long,2025-08-28 09:40:00-04:00,2025-08-28 09:38:00-04:00,loss,0,0.6175298804780877,62.75,120.0,0.75,32.5,6.5,0.8,3,5,0.6776315789473685,0.5504385964912281
2025-08-28,short,2025-08-28 09:54:00-04:00,2025-08-28 09:53:00-04:00,loss,0,0.76,37.5,60.0,20.0,39.25,13.083333333333334,0.6666666666666666,2,3,0.5099009900990099,0.24752475247524752
2025-08-28,long,2025-08-28 10:51:00-04:00,2025-08-28 10:50:00-04:00,loss,0,0.6,17.5,60.0,0.25,7.5,2.5,0.6666666666666666,1,3,0.45241581259150804,0.10248901903367497
2025-09-01,long,2025-09-01 09:49:00-04:00,2025-09-01 09:48:00-04:00,win,1,0.8372093023255814,10.75,60.0,1.75,6.25,2.0833333333333335,1.0,3,3,0.4127906976744186,0.25
2025-09-02,short,2025-09-02 11:57:00-04:00,2025-09-02 11:57:00-04:00,loss,0,0.536,31.25,0.0,6.5,6.5,6.5,1.0,1,1,0.20568070519098922,0.12242899118511263
2025-09-03,short,2025-09-03 09:35:00-04:00,2025-09-03 09:34:00-04:00,win,1,0.4785714285714286,35.0,60.0,10.5,23.5,7.833333333333333,0.6666666666666666,2,3,0.4827586206896552,0.603448275862069
2025-09-03,long,2025-09-03 10:11:00-04:00,2025-09-03 10:10:00-04:00,loss,0,0.6016260162601627,30.75,60.0,0.25,15.5,5.166666666666667,0.6666666666666666,2,3,0.30684931506849317,0.336986301369863
2025-09-03,long,2025-09-03 10:23:00-04:00,2025-09-03 10:22:00-04:00,win,1,0.8333333333333334,21.0,60.0,1.0,6.5,2.1666666666666665,0.6666666666666666,2,3,0.30684931506849317,0.23013698630136986
2025-09-04,long,2025-09-04 09:48:00-04:00,2025-09-04 09:43:00-04:00,loss,0,0.5488505747126436,87.0,300.0,17.5,81.5,7.409090909090909,0.7272727272727273,4,11,0.32967032967032966,0.9560439560439561
2025-09-04,short,2025-09-04 10:14:00-04:00,2025-09-04 10:13:00-04:00,win,1,0.4846938775510204,49.0,60.0,0.25,19.5,6.5,0.6666666666666666,2,3,0.23715415019762845,0.38735177865612647
2025-09-04,long,2025-09-04 10:29:00-04:00,2025-09-04 10:28:00-04:00,win,1,0.5354330708661418,31.75,60.0,0.0,10.5,3.5,0.6666666666666666,2,3,0.21699819168173598,0.22965641952983726
2025-09-05,short,2025-09-05 09:46:00-04:00,2025-09-05 09:44:00-04:00,loss,0,0.6597510373443983,60.25,120.0,20.5,69.5,13.9,0.2,1,5,0.6172839506172839,0.7438271604938271
2025-09-08,long,2025-09-08 09:41:00-04:00,2025-09-08 09:40:00-04:00,win,1,0.625,50.0,60.0,8.5,33.75,11.25,0.6666666666666666,2,3,0.37748344370860926,0.6622516556291391
2025-09-09,short,2025-09-09 09:59:00-04:00,2025-09-09 09:58:00-04:00,win,1,0.64375,40.0,60.0,2.25,15.0,5.0,1.0,3,3,0.5575221238938053,0.7079646017699115
2025-09-10,short,2025-09-10 09:37:00-04:00,2025-09-10 09:37:00-04:00,win,1,0.5085714285714286,43.75,0.0,5.5,5.5,5.5,1.0,1,1,0.8654545454545455,0.6363636363636364
2025-09-11,short,2025-09-11 10:14:00-04:00,2025-09-11 10:12:00-04:00,loss,0,1.0571428571428572,17.5,120.0,4.0,27.25,5.45,0.6,2,5,0.25133689839572193,0.18716577540106952
2025-09-11,long,2025-09-11 10:50:00-04:00,2025-09-11 10:48:00-04:00,loss,0,0.3823529411764705,25.5,120.0,3.0,11.25,2.25,0.6,3,5,0.20935412026726058,0.22717149220489977
2025-09-12,short,2025-09-12 09:35:00-04:00,2025-09-12 09:34:00-04:00,win,1,0.746268656716418,16.75,60.0,6.5,14.0,4.666666666666667,1.0,3,3,0.5300546448087432,0.366120218579235
2025-09-12,long,2025-09-12 10:26:00-04:00,2025-09-12 10:23:00-04:00,win,1,0.9318181818181818,11.0,180.0,1.75,15.5,2.2142857142857144,0.8571428571428571,6,7,0.32550335570469796,0.1476510067114094
2025-09-15,long,2025-09-15 09:35:00-04:00,2025-09-15 09:35:00-04:00,win,1,0.5360824742268041,24.25,0.0,5.0,5.0,5.0,1.0,1,1,0.6024844720496895,0.6024844720496895
2025-09-22,long,2025-09-22 09:43:00-04:00,2025-09-22 09:42:00-04:00,win,1,0.6054421768707483,36.75,60.0,2.0,16.75,5.583333333333333,0.6666666666666666,2,3,0.4090909090909091,0.8352272727272727
2025-09-25,long,2025-09-25 10:14:00-04:00,2025-09-25 10:14:00-04:00,win,1,0.4111111111111111,22.5,0.0,1.5,1.5,1.5,0.0,0,1,0.29057187017001546,0.1391035548686244
2025-09-26,long,2025-09-26 09:47:00-04:00,2025-09-26 09:46:00-04:00,loss,0,0.6811594202898551,69.0,60.0,7.75,37.0,12.333333333333334,1.0,3,3,0.46004319654427644,0.5961123110151187
2025-09-26,short,2025-09-26 10:14:00-04:00,2025-09-26 10:13:00-04:00,win,1,0.954954954954955,27.75,60.0,17.75,42.25,14.083333333333334,0.3333333333333333,1,3,0.36915077989601386,0.1923743500866551
2025-09-29,long,2025-09-29 09:37:00-04:00,2025-09-29 09:37:00-04:00,win,1,0.4719101123595505,22.25,0.0,12.0,12.0,12.0,1.0,1,1,0.4887640449438202,0.5
2025-09-29,short,2025-09-29 11:41:00-04:00,2025-09-29 11:41:00-04:00,loss,0,0.423728813559322,29.5,0.0,1.5,1.5,1.5,0.0,0,1,0.15703971119133575,0.21299638989169675
2025-09-30,short,2025-09-30 09:51:00-04:00,2025-09-30 09:49:00-04:00,win,1,0.484,62.5,120.0,2.0,26.0,5.2,0.6,1,5,0.33519553072625696,0.6983240223463687
2025-09-30,long,2025-09-30 10:52:00-04:00,2025-09-30 10:51:00-04:00,win,1,0.6024096385542169,20.75,60.0,0.5,8.0,2.6666666666666665,0.6666666666666666,1,3,0.25806451612903225,0.17849462365591398
2025-09-30,short,2025-09-30 11:24:00-04:00,2025-09-30 11:23:00-04:00,win,1,0.4313725490196078,25.5,60.0,1.25,10.5,3.5,0.6666666666666666,1,3,0.21201413427561838,0.18021201413427562
2025-10-03,long,2025-10-03 09:38:00-04:00,2025-10-03 09:37:00-04:00,loss,0,0.6204379562043796,34.25,60.0,4.75,12.0,4.0,1.0,3,3,0.5988700564971752,0.7740112994350282
2025-10-06,short,2025-10-06 09:40:00-04:00,2025-10-06 09:39:00-04:00,win,1,0.7791411042944786,40.75,60.0,12.5,41.25,13.75,0.3333333333333333,1,3,0.535593220338983,0.5525423728813559
2025-10-07,long,2025-10-07 09:39:00-04:00,2025-10-07 09:38:00-04:00,loss,0,0.4851485148514851,25.25,60.0,0.5,6.5,2.1666666666666665,0.3333333333333333,1,3,0.4782608695652174,0.5489130434782609
2025-10-07,short,2025-10-07 10:35:00-04:00,2025-10-07 10:33:00-04:00,win,1,0.3684210526315789,23.75,120.0,5.75,17.25,3.45,0.4,2,5,0.3371647509578544,0.36398467432950193
2025-10-09,short,2025-10-09 09:38:00-04:00,2025-10-09 09:37:00-04:00,win,1,0.6986301369863014,18.25,60.0,4.0,14.0,4.666666666666667,0.6666666666666666,1,3,0.5307262569832403,0.40782122905027934
2025-10-10,long,2025-10-10 10:08:00-04:00,2025-10-10 10:02:00-04:00,loss,0,0.5167785234899329,74.5,360.0,13.0,78.0,6.0,0.6153846153846154,3,13,0.259946949602122,0.7904509283819628
2025-10-13,long,2025-10-13 09:56:00-04:00,2025-10-13 09:55:00-04:00,win,1,0.8913043478260869,34.5,60.0,3.0,25.5,8.5,0.6666666666666666,2,3,0.26573426573426573,0.24125874125874125
2025-10-15,short,2025-10-15 09:44:00-04:00,2025-10-15 09:44:00-04:00,loss,0,0.723404255319149,47.0,0.0,13.5,13.5,13.5,1.0,1,1,0.4626865671641791,0.5611940298507463
2025-10-15,long,2025-10-15 09:58:00-04:00,2025-10-15 09:57:00-04:00,win,1,0.6949152542372882,14.75,60.0,8.0,15.0,5.0,0.6666666666666666,1,3,0.3045186640471513,0.11591355599214145
2025-10-15,short,2025-10-15 11:44:00-04:00,2025-10-15 11:43:00-04:00,win,1,1.029126213592233,25.75,60.0,7.25,29.25,9.75,0.3333333333333333,1,3,0.1755379388448471,0.11664779161947905
2025-10-16,long,2025-10-16 09:35:00-04:00,2025-10-16 09:33:00-04:00,loss,0,0.5352112676056338,35.5,120.0,14.0,40.25,8.05,0.4,1,5,0.49230769230769234,0.5461538461538461
2025-10-16,long,2025-10-16 09:59:00-04:00,2025-10-16 09:58:00-04:00,loss,0,0.5692307692307692,48.75,60.0,9.25,42.25,14.083333333333334,0.6666666666666666,2,3,0.32160804020100503,0.4899497487437186
2025-10-16,long,2025-10-16 10:21:00-04:00,2025-10-16 10:20:00-04:00,win,1,0.5,26.5,60.0,4.5,12.75,4.25,1.0,3,3,0.2857142857142857,0.23660714285714285
2025-10-16,short,2025-10-16 11:36:00-04:00,2025-10-16 11:36:00-04:00,loss,0,0.3538461538461538,65.0,0.0,5.5,5.5,5.5,0.0,0,1,0.17704011065006917,0.359612724757953
2025-10-17,long,2025-10-17 09:38:00-04:00,2025-10-17 09:37:00-04:00,loss,0,1.0617977528089888,44.5,60.0,3.5,41.5,13.833333333333334,0.6666666666666666,2,3,0.597457627118644,0.3771186440677966
2025-10-17,long,2025-10-17 09:51:00-04:00,2025-10-17 09:50:00-04:00,win,1,0.92,25.0,60.0,8.75,26.25,8.75,1.0,3,3,0.4845360824742268,0.1718213058419244
2025-10-17,long,2025-10-17 11:43:00-04:00,2025-10-17 11:42:00-04:00,win,1,0.7733333333333333,18.75,60.0,20.25,24.25,8.083333333333334,0.6666666666666666,2,3,0.24436741767764297,0.06499133448873484
2025-10-21,short,2025-10-21 09:39:00-04:00,2025-10-21 09:37:00-04:00,win,1,0.4539473684210526,38.0,120.0,2.5,19.5,3.9,0.6,2,5,0.3711340206185567,0.7835051546391752
2025-10-21,long,2025-10-21 11:51:00-04:00,2025-10-21 11:50:00-04:00,win,1,0.6119402985074627,16.75,60.0,3.5,9.5,3.1666666666666665,1.0,3,3,0.15157894736842106,0.14105263157894737
2025-10-22,long,2025-10-22 09:58:00-04:00,2025-10-22 09:58:00-04:00,loss,0,0.4161073825503356,37.25,0.0,2.25,2.25,2.25,0.0,0,1,0.49678800856531047,0.31905781584582443
2025-10-22,short,2025-10-22 10:23:00-04:00,2025-10-22 10:20:00-04:00,win,1,0.5555555555555556,54.0,180.0,10.5,32.5,4.642857142857143,0.7142857142857143,3,7,0.49678800856531047,0.4625267665952891
2025-10-23,long,2025-10-23 09:36:00-04:00,2025-10-23 09:36:00-04:00,win,1,0.8813559322033898,29.5,0.0,10.5,10.5,10.5,1.0,1,1,0.34375,0.4609375
2025-10-24,long,2025-10-24 09:57:00-04:00,2025-10-24 09:51:00-04:00,win,1,0.4855491329479768,86.5,360.0,4.75,63.25,4.865384615384615,0.6923076923076923,6,13,0.2863070539419087,0.7178423236514523
2025-10-27,short,2025-10-27 09:42:00-04:00,2025-10-27 09:42:00-04:00,loss,0,0.6551724137931034,50.75,0.0,5.0,5.0,5.0,0.0,0,1,0.6692913385826772,0.7992125984251969
2025-10-27,long,2025-10-27 10:12:00-04:00,2025-10-27 10:12:00-04:00,loss,0,0.5357142857142857,28.0,0.0,1.0,1.0,1.0,0.0,0,1,0.5279503105590062,0.34782608695652173
2025-10-28,short,2025-10-28 09:51:00-04:00,2025-10-28 09:50:00-04:00,loss,0,0.8080808080808081,24.75,60.0,3.0,19.75,6.583333333333333,1.0,3,3,0.5169491525423728,0.4194915254237288
2025-10-29,short,2025-10-29 09:41:00-04:00,2025-10-29 09:40:00-04:00,loss,0,0.5217391304347826,28.75,60.0,7.0,17.75,5.916666666666667,0.3333333333333333,1,3,0.6143790849673203,0.7516339869281046
2025-10-29,long,2025-10-29 09:56:00-04:00,2025-10-29 09:55:00-04:00,win,1,1.065217391304348,11.5,60.0,2.75,12.0,4.0,1.0,3,3,0.39166666666666666,0.19166666666666668
2025-10-29,short,2025-10-29 10:58:00-04:00,2025-10-29 10:53:00-04:00,win,1,0.4585987261146497,39.25,300.0,2.0,29.5,2.6818181818181817,0.6363636363636364,4,11,0.28313253012048195,0.47289156626506024
2025-10-30,long,2025-10-30 09:57:00-04:00,2025-10-30 09:56:00-04:00,win,1,0.4076923076923077,32.5,60.0,9.75,24.0,8.0,0.3333333333333333,1,3,0.2782503037667072,0.15795868772782504
2025-10-30,short,2025-10-30 10:20:00-04:00,2025-10-30 10:19:00-04:00,win,1,0.7657142857142857,43.75,60.0,0.75,25.75,8.583333333333334,1.0,3,3,0.24054621848739496,0.18382352941176472
2025-10-31,short,2025-10-31 11:38:00-04:00,2025-10-31 11:20:00-04:00,forced_close,0,0.6547619047619048,126.0,1080.0,1.25,158.0,4.27027027027027,0.5945945945945946,4,37,0.17192982456140352,0.8842105263157894
2025-11-04,short,2025-11-04 09:39:00-05:00,2025-11-04 09:38:00-05:00,loss,0,0.6059322033898306,59.0,60.0,2.75,20.25,6.75,0.3333333333333333,1,3,0.38563829787234044,0.6276595744680851
2025-11-04,long,2025-11-04 09:49:00-05:00,2025-11-04 09:48:00-05:00,win,1,0.851063829787234,47.0,60.0,1.75,36.5,12.166666666666666,1.0,3,3,0.29713114754098363,0.38524590163934425
2025-11-05,short,2025-11-05 09:42:00-05:00,2025-11-05 09:40:00-05:00,loss,0,0.5246376811594203,86.25,120.0,9.75,34.75,6.95,1.0,5,5,0.5195530726256983,0.9636871508379888
2025-11-06,short,2025-11-06 09:40:00-05:00,2025-11-06 09:39:00-05:00,win,1,0.4631578947368421,47.5,60.0,3.0,18.0,6.0,1.0,3,3,0.6168582375478927,0.7279693486590039
2025-11-07,short,2025-11-07 10:01:00-05:00,2025-11-07 09:59:00-05:00,win,1,0.5625,128.0,120.0,5.25,69.75,13.95,0.8,3,5,0.3402061855670103,0.6597938144329897
2025-11-10,short,2025-11-10 11:14:00-05:00,2025-11-10 11:13:00-05:00,win,1,0.3712121212121212,66.0,60.0,4.25,20.0,6.666666666666667,0.6666666666666666,2,3,0.22948717948717948,0.3384615384615385
2025-11-11,long,2025-11-11 09:36:00-05:00,2025-11-11 09:35:00-05:00,loss,0,0.589041095890411,36.5,60.0,6.5,17.25,5.75,0.6666666666666666,1,3,0.7358490566037735,0.9182389937106918
2025-11-11,long,2025-11-11 10:02:00-05:00,2025-11-11 10:02:00-05:00,loss,0,0.6814159292035398,28.25,0.0,14.75,14.75,14.75,0.0,0,1,0.34210526315789475,0.3304093567251462
2025-11-11,short,2025-11-11 10:15:00-05:00,2025-11-11 10:11:00-05:00,win,1,0.4792626728110599,54.25,240.0,9.5,59.0,6.555555555555555,0.5555555555555556,2,9,0.28536585365853656,0.5292682926829269
2025-11-17,short,2025-11-17 11:19:00-05:00,2025-11-17 11:19:00-05:00,win,1,0.4186046511627907,32.25,0.0,1.25,1.25,1.25,1.0,1,1,0.14471544715447154,0.1048780487804878
2025-11-18,long,2025-11-18 09:38:00-05:00,2025-11-18 09:36:00-05:00,loss,0,0.4761904761904761,115.5,120.0,4.75,60.25,12.05,0.6,3,5,0.3208955223880597,0.6895522388059702
2025-11-18,short,2025-11-18 09:47:00-05:00,2025-11-18 09:46:00-05:00,win,1,0.7040816326530612,98.0,60.0,37.75,85.25,28.416666666666668,1.0,3,3,0.2577937649880096,0.47002398081534774
2025-11-19,long,2025-11-19 09:40:00-05:00,2025-11-19 09:39:00-05:00,win,1,0.8186968838526912,88.25,60.0,4.25,23.75,7.916666666666667,1.0,3,3,0.44834710743801653,0.7293388429752066
2025-11-20,long,2025-11-20 09:51:00-05:00,2025-11-20 09:50:00-05:00,win,1,0.5523465703971119,69.25,60.0,1.75,25.5,8.5,0.6666666666666666,2,3,0.709349593495935,0.5630081300813008
2025-11-21,short,2025-11-21 10:09:00-05:00,2025-11-21 10:07:00-05:00,win,1,0.51,150.0,120.0,2.0,103.75,20.75,0.8,3,5,0.46875,0.6696428571428571
2025-11-25,long,2025-11-25 11:51:00-05:00,2025-11-25 11:46:00-05:00,win,1,0.7711442786069652,50.25,300.0,0.0,58.0,5.2727272727272725,0.6363636363636364,3,11,0.22493461203138623,0.17523975588491716
2025-11-26,long,2025-11-26 09:36:00-05:00,2025-11-26 09:35:00-05:00,loss,0,0.5738636363636364,44.0,60.0,6.25,20.75,6.916666666666667,0.3333333333333333,1,3,0.5753968253968254,0.6984126984126984
2025-11-26,short,2025-11-26 09:44:00-05:00,2025-11-26 09:41:00-05:00,loss,0,0.5102040816326531,49.0,180.0,4.25,79.0,11.285714285714286,0.42857142857142855,1,7,0.4434250764525994,0.599388379204893
2025-11-26,short,2025-11-26 10:15:00-05:00,2025-11-26 10:10:00-05:00,loss,0,0.5337078651685393,89.0,300.0,6.5,61.75,5.613636363636363,0.5454545454545454,2,11,0.24701873935264054,0.606473594548552
2025-11-26,long,2025-11-26 10:44:00-05:00,2025-11-26 10:43:00-05:00,loss,0,0.3841463414634146,41.0,60.0,1.25,4.75,1.5833333333333333,0.6666666666666666,2,3,0.24701873935264054,0.27938671209540034
2025-11-27,short,2025-11-27 09:54:00-05:00,2025-11-27 09:45:00-05:00,loss,0,0.7413793103448276,14.5,540.0,1.75,19.5,1.0263157894736843,0.47368421052631576,2,19,0.31451612903225806,0.46774193548387094
2025-11-28,long,2025-11-28 09:54:00-05:00,2025-11-28 09:53:00-05:00,win,1,0.5921787709497207,44.75,60.0,0.5,8.75,2.9166666666666665,0.6666666666666666,2,3,0.19293478260869565,0.48641304347826086
2025-12-01,long,2025-12-01 09:37:00-05:00,2025-12-01 09:36:00-05:00,win,1,0.5862068965517241,29.0,60.0,20.75,23.5,7.833333333333333,0.6666666666666666,1,3,0.43543543543543545,0.3483483483483483
2025-12-01,long,2025-12-01 10:39:00-05:00,2025-12-01 10:36:00-05:00,win,1,0.48582995951417,123.5,180.0,11.75,80.5,11.5,0.8571428571428571,3,7,0.20055325034578148,0.6832641770401107
2025-12-02,short,2025-12-02 11:28:00-05:00,2025-12-02 11:26:00-05:00,win,1,0.6171875,32.0,120.0,7.5,43.75,8.75,0.6,1,5,0.12004405286343613,0.14096916299559473
2025-12-02,long,2025-12-02 11:44:00-05:00,2025-12-02 11:44:00-05:00,loss,0,0.4330708661417323,31.75,0.0,3.75,3.75,3.75,0.0,0,1,0.10634146341463414,0.12390243902439024
2025-12-03,long,2025-12-03 09:37:00-05:00,2025-12-03 09:36:00-05:00,loss,0,0.6517241379310345,72.5,60.0,9.75,31.75,10.583333333333334,0.6666666666666666,2,3,0.6118012422360248,0.9006211180124224
2025-12-03,long,2025-12-03 10:18:00-05:00,2025-12-03 10:13:00-05:00,win,1,0.5901639344262295,76.25,300.0,13.25,77.5,7.045454545454546,0.5454545454545454,3,11,0.341421143847487,0.5285961871750433
2025-12-05,long,2025-12-05 09:37:00-05:00,2025-12-05 09:37:00-05:00,loss,0,0.527027027027027,37.0,0.0,11.0,11.0,11.0,1.0,1,1,0.6839506172839506,0.3654320987654321
2025-12-05,short,2025-12-05 11:35:00-05:00,2025-12-05 11:35:00-05:00,loss,0,0.369047619047619,42.0,0.0,6.25,6.25,6.25,0.0,0,1,0.31949250288350634,0.19377162629757785
2025-12-08,short,2025-12-08 09:57:00-05:00,2025-12-08 09:51:00-05:00,win,1,0.4810126582278481,59.25,360.0,1.5,61.75,4.75,0.6153846153846154,5,13,0.38738738738738737,0.42702702702702705
2025-12-09,long,2025-12-09 09:47:00-05:00,2025-12-09 09:46:00-05:00,win,1,0.6009852216748769,50.75,60.0,4.5,26.5,8.833333333333334,0.6666666666666666,2,3,0.45576407506702415,0.5442359249329759
2025-12-10,long,2025-12-10 09:51:00-05:00,2025-12-10 09:50:00-05:00,loss,0,0.3764705882352941,42.5,60.0,2.5,14.5,4.833333333333333,1.0,3,3,0.3231132075471698,0.4009433962264151
2025-12-10,short,2025-12-10 10:01:00-05:00,2025-12-10 10:00:00-05:00,loss,0,0.526829268292683,51.25,60.0,4.0,23.0,7.666666666666667,1.0,3,3,0.3231132075471698,0.4834905660377358
2025-12-11,short,2025-12-11 09:40:00-05:00,2025-12-11 09:39:00-05:00,win,1,0.6629213483146067,66.75,60.0,6.75,25.25,8.416666666666666,1.0,3,3,0.708092485549133,0.7716763005780347
2025-12-12,long,2025-12-12 09:34:00-05:00,2025-12-12 09:33:00-05:00,win,1,0.8851351351351351,37.0,60.0,3.25,27.25,9.083333333333334,1.0,3,3,0.5152671755725191,0.5648854961832062
2025-12-12,long,2025-12-12 09:58:00-05:00,2025-12-12 09:57:00-05:00,win,1,0.4351145038167939,32.75,60.0,2.0,28.75,9.583333333333334,0.3333333333333333,1,3,0.28361344537815125,0.27521008403361347
2025-12-12,short,2025-12-12 10:03:00-05:00,2025-12-12 10:03:00-05:00,win,1,0.9666666666666668,22.5,0.0,5.5,5.5,5.5,1.0,1,1,0.28361344537815125,0.18907563025210083
2025-12-15,short,2025-12-15 09:39:00-05:00,2025-12-15 09:37:00-05:00,win,1,0.7981651376146789,54.5,120.0,17.0,78.5,15.7,0.8,3,5,0.38660907127429806,0.4708423326133909
2025-12-16,long,2025-12-16 09:34:00-05:00,2025-12-16 09:34:00-05:00,win,1,0.630901287553648,58.25,0.0,15.25,15.25,15.25,0.0,0,1,0.8832951945080092,0.5331807780320366
2025-12-16,short,2025-12-16 10:37:00-05:00,2025-12-16 10:33:00-05:00,loss,0,0.4582392776523702,110.75,240.0,10.5,89.0,9.88888888888889,0.7777777777777778,4,9,0.4232456140350877,0.4857456140350877
2025-12-16,long,2025-12-16 10:59:00-05:00,2025-12-16 10:59:00-05:00,win,1,0.4098360655737705,45.75,0.0,9.25,9.25,9.25,1.0,1,1,0.4232456140350877,0.20065789473684212
2025-12-18,short,2025-12-18 10:10:00-05:00,2025-12-18 10:02:00-05:00,loss,0,0.4525547445255474,137.0,480.0,14.0,184.75,10.867647058823529,0.6470588235294118,3,17,0.3413173652694611,0.8203592814371258
2025-12-22,short,2025-12-22 10:04:00-05:00,2025-12-22 09:56:00-05:00,win,1,0.4628571428571428,87.5,480.0,2.0,105.5,6.205882352941177,0.6470588235294118,4,17,0.24798387096774194,0.7056451612903226
2025-12-23,long,2025-12-23 09:37:00-05:00,2025-12-23 09:34:00-05:00,loss,0,0.6666666666666666,53.25,180.0,0.0,45.0,6.428571428571429,0.42857142857142855,1,7,0.8266331658291457,0.535175879396985
2025-12-23,short,2025-12-23 10:09:00-05:00,2025-12-23 10:08:00-05:00,loss,0,0.3884297520661157,30.25,60.0,2.0,3.25,1.0833333333333333,1.0,3,3,0.6633064516129032,0.2439516129032258
2025-12-23,long,2025-12-23 10:57:00-05:00,2025-12-23 10:56:00-05:00,win,1,1.068181818181818,11.0,60.0,0.0,14.0,4.666666666666667,0.3333333333333333,1,3,0.6633064516129032,0.08870967741935484
2025-12-24,long,2025-12-24 10:18:00-05:00,2025-12-24 10:15:00-05:00,loss,0,1.2,11.25,180.0,7.75,20.25,2.892857142857143,0.7142857142857143,3,7,0.7721518987341772,0.189873417721519
2025-12-26,long,2025-12-26 09:39:00-05:00,2025-12-26 09:38:00-05:00,loss,0,0.6962962962962963,33.75,60.0,1.0,16.5,5.5,0.6666666666666666,2,3,0.5787401574803149,0.531496062992126
2025-12-26,short,2025-12-26 11:22:00-05:00,2025-12-26 11:21:00-05:00,loss,0,0.5185185185185185,27.0,60.0,9.25,23.75,7.916666666666667,0.6666666666666666,2,3,0.36476426799007444,0.2679900744416873
2025-12-29,long,2025-12-29 10:21:00-05:00,2025-12-29 10:20:00-05:00,win,1,0.6428571428571429,17.5,60.0,9.5,17.25,5.75,0.6666666666666666,1,3,0.28139904610492844,0.11128775834658187
2025-12-30,short,2025-12-30 09:48:00-05:00,2025-12-30 09:47:00-05:00,loss,0,0.4825174825174825,35.75,60.0,15.0,24.75,8.25,0.6666666666666666,2,3,0.7352941176470589,0.6008403361344538
2025-12-30,long,2025-12-30 09:55:00-05:00,2025-12-30 09:54:00-05:00,win,1,0.7789473684210526,23.75,60.0,9.5,20.5,6.833333333333333,1.0,3,3,0.541795665634675,0.29411764705882354
2025-12-30,long,2025-12-30 10:56:00-05:00,2025-12-30 10:55:00-05:00,win,1,0.851063829787234,11.75,60.0,1.5,8.0,2.6666666666666665,0.6666666666666666,2,3,0.43209876543209874,0.11604938271604938
