open_date,direction,displacement_category,entry_time,pivot_time,flem_time,retrace,pivot_flem_dist,time_since_pivot_sec,body_last,body_sum,body_mean,in_dir_ratio,max_in_dir_run,bars_since_pivot,zone_over_range,pivot_over_range,label_valid,label_win,entry_price,net_pnl,setup_valid_raw
2025-01-03,long,medium,2025-01-03 14:38:00+00:00,2025-01-03 14:36:00+00:00,2025-01-03 14:33:00+00:00,0.8,42.5,120.0,5.75,41.25,8.25,0.8,3,5,0.18898488,0.18358531,1,1,21345.75,155.6,yes
2025-01-06,long,medium,2025-01-06 14:38:00+00:00,2025-01-06 14:36:00+00:00,2025-01-06 14:35:00+00:00,0.57333333,37.5,120.0,5.0,38.5,7.7,0.6,2,5,0.13997114,0.21645022,1,1,21782.75,75.1,yes
2025-01-07,short,medium,2025-01-07 14:57:00+00:00,2025-01-07 14:53:00+00:00,2025-01-07 14:39:00+00:00,-0.82898551,86.25,240.0,11.75,89.75,9.9722,0.7778,4,9,0.18120393,0.21191646,1,1,21735.25,561.6,yes
2025-01-10,short,low,2025-01-10 14:37:00+00:00,2025-01-10 14:34:00+00:00,2025-01-10 14:31:00+00:00,-0.93258427,66.75,180.0,4.25,110.0,15.7143,0.7143,3,7,0.08139535,0.20697674,1,1,21133.25,345.1,yes
2025-01-13,long,medium,2025-01-13 15:05:00+00:00,2025-01-13 15:01:00+00:00,2025-01-13 14:56:00+00:00,0.39252336,53.5,240.0,2.25,65.75,7.3056,0.6667,3,9,0.34033613,0.29971989,1,1,20802.75,54.6,yes
2025-01-14,long,low,2025-01-14 15:16:00+00:00,2025-01-14 15:13:00+00:00,2025-01-14 15:13:00+00:00,1.0,12.5,180.0,14.75,73.75,10.5357,0.7143,4,7,0.06953125,0.0390625,1,0,21091.25,-1109.0,yes
2025-01-16,short,medium,2025-01-16 14:42:00+00:00,2025-01-16 14:40:00+00:00,2025-01-16 14:34:00+00:00,-0.45756458,67.75,120.0,3.5,40.5,8.1,0.8,4,5,0.31396957,0.37482711,1,1,21446.0,866.0,yes
2025-01-16,short,medium,2025-01-16 14:43:00+00:00,2025-01-16 14:40:00+00:00,2025-01-16 14:34:00+00:00,-0.83763838,67.75,180.0,24.75,67.0,9.5714,0.8571,6,7,0.31396957,0.37482711,1,1,21441.25,129.6,yes
2025-01-17,short,medium,2025-01-17 14:37:00+00:00,2025-01-17 14:36:00+00:00,2025-01-17 14:34:00+00:00,-0.98496241,33.25,60.0,14.0,28.25,9.4167,1.0,3,3,0.16231884,0.19275362,1,1,21567.5,106.6,yes
2025-01-20,long,low,2025-01-20 14:35:30+00:00,2025-01-20 14:34:00+00:00,2025-01-20 14:33:00+00:00,1.28947368,9.5,90.0,5.75,22.25,5.5625,0.5,2,4,0.07553957,0.06834532,1,1,21737.25,51.6,yes
2025-01-20,long,low,2025-01-20 14:35:30+00:00,2025-01-20 14:34:00+00:00,2025-01-20 14:34:00+00:00,1.18032787,15.25,90.0,5.75,22.25,5.5625,0.5,2,4,0.07553957,0.10971223,1,1,21738.75,531.0,yes
2025-01-20,long,medium,2025-01-20 15:00:00+00:00,2025-01-20 14:57:00+00:00,2025-01-20 14:57:00+00:00,0.11707317,51.25,180.0,7.5,30.25,4.3214,0.5714,2,7,0.36151079,0.36870504,0,0,21742.25,-299.0,no
2025-01-23,long,medium,2025-01-23 14:39:30+00:00,2025-01-23 14:38:00+00:00,2025-01-23 14:36:00+00:00,1.00917431,27.25,90.0,5.0,28.5,7.125,0.75,2,4,0.16743119,0.25,1,0,21903.25,-43.9,yes
2025-01-23,long,high,2025-01-23 15:12:30+00:00,2025-01-23 15:06:00+00:00,2025-01-23 14:56:00+00:00,0.61764706,51.0,390.0,0.25,68.75,4.9107,0.5714,4,14,0.25229358,0.46788991,0,0,21900.0,-229.0,no
2025-01-24,short,high,2025-01-24 14:44:00+00:00,2025-01-24 14:42:00+00:00,2025-01-24 14:42:00+00:00,-0.30337079,44.5,120.0,11.75,53.25,10.65,0.4,2,5,0.33333333,0.41203704,0,0,22019.25,-699.0,no
2025-01-24,long,medium,2025-01-24 14:52:00+00:00,2025-01-24 14:51:00+00:00,2025-01-24 14:49:00+00:00,0.57954545,22.0,60.0,2.5,7.75,2.5833,0.6667,2,3,0.15972222,0.2037037,1,0,22058.25,-41.4,yes
2025-01-28,long,medium,2025-01-28 15:12:30+00:00,2025-01-28 15:09:00+00:00,2025-01-28 15:08:00+00:00,0.80092593,54.0,210.0,11.0,67.0,8.375,0.625,3,8,0.14766641,0.16526396,1,1,21347.25,1646.0,yes
2025-01-31,long,medium,2025-01-31 14:44:30+00:00,2025-01-31 14:36:00+00:00,2025-01-31 14:35:00+00:00,0.74747475,74.25,510.0,11.5,151.5,8.4167,0.5556,4,18,0.2267658,0.36802974,1,1,21808.75,1976.0,yes
2025-02-03,long,medium,2025-02-03 14:35:30+00:00,2025-02-03 14:34:00+00:00,2025-02-03 14:33:00+00:00,0.95939086,49.25,90.0,23.5,46.5,11.625,0.75,3,4,0.10231254,0.13805186,1,1,21232.0,936.0,yes
2025-02-03,long,medium,2025-02-03 14:38:00+00:00,2025-02-03 14:34:00+00:00,2025-02-03 14:32:00+00:00,0.91803279,45.75,240.0,1.5,116.0,12.8889,0.6667,3,9,0.09250175,0.12824107,1,1,21246.5,57.1,yes
2025-02-03,long,medium,2025-02-03 14:52:00+00:00,2025-02-03 14:50:00+00:00,2025-02-03 14:46:00+00:00,0.02947368,118.75,120.0,27.25,57.0,11.4,0.6,2,5,0.26909601,0.33286615,0,0,21226.75,-949.0,no
2025-02-03,long,high,2025-02-03 14:59:00+00:00,2025-02-03 14:53:00+00:00,2025-02-03 14:46:00+00:00,0.32337434,142.25,360.0,9.75,154.0,11.8462,0.6154,3,13,0.26909601,0.39873861,0,0,21228.25,-544.0,no
2025-02-03,short,medium,2025-02-03 15:08:00+00:00,2025-02-03 15:05:00+00:00,2025-02-03 15:05:00+00:00,-0.28205128,58.5,180.0,22.25,77.5,11.0714,0.7143,5,7,0.09320252,0.16398038,0,0,21164.25,-739.0,no
2025-02-03,short,medium,2025-02-03 15:11:00+00:00,2025-02-03 15:09:00+00:00,2025-02-03 15:05:00+00:00,-0.95053004,70.75,120.0,11.0,65.25,13.05,0.8,4,5,0.09320252,0.19831815,1,0,21159.0,-1144.0,yes
2025-02-05,long,medium,2025-02-05 14:44:00+00:00,2025-02-05 14:42:00+00:00,2025-02-05 14:42:00+00:00,0.4137931,36.25,120.0,7.75,29.5,5.9,0.4,2,5,0.12906725,0.15726681,1,0,21574.25,-54.9,yes
2025-02-05,short,medium,2025-02-05 15:07:00+00:00,2025-02-05 15:00:00+00:00,2025-02-05 14:33:00+00:00,-0.98888889,90.0,420.0,7.5,178.25,11.8833,0.7333,5,15,0.06941432,0.39045553,1,0,21527.5,-614.0,yes
2025-02-05,short,medium,2025-02-05 15:21:30+00:00,2025-02-05 15:00:00+00:00,2025-02-05 14:33:00+00:00,-0.92222222,90.0,1290.0,12.0,389.5,8.8523,0.6136,5,44,0.06941432,0.39045553,1,0,21516.75,-634.0,yes
2025-02-05,long,medium,2025-02-05 15:35:00+00:00,2025-02-05 15:04:00+00:00,2025-02-05 14:42:00+00:00,0.85302594,86.75,1860.0,4.0,428.25,6.7976,0.4921,6,63,0.12906725,0.37635575,1,1,21579.0,631.0,yes
2025-02-06,long,medium,2025-02-06 14:51:30+00:00,2025-02-06 14:50:00+00:00,2025-02-06 14:50:00+00:00,0.54666667,37.5,90.0,1.5,24.5,6.125,0.5,2,4,0.29596413,0.33632287,1,1,21799.25,531.0,yes
2025-02-06,long,medium,2025-02-06 14:52:30+00:00,2025-02-06 14:50:00+00:00,2025-02-06 14:50:00+00:00,0.97333333,37.5,150.0,11.5,41.0,6.8333,0.6667,2,6,0.29596413,0.33632287,1,1,21800.0,73.1,yes
2025-02-10,short,low,2025-02-10 14:34:30+00:00,2025-02-10 14:33:00+00:00,2025-02-10 14:33:00+00:00,-0.36065574,15.25,90.0,7.25,19.5,4.875,0.5,2,4,0.08250825,0.10066007,1,0,21745.5,-419.0,yes
2025-02-10,long,high,2025-02-10 14:58:00+00:00,2025-02-10 14:51:00+00:00,2025-02-10 14:49:00+00:00,0.66521739,57.5,420.0,0.75,104.0,6.9333,0.4667,2,15,0.20792079,0.37953795,1,1,21789.0,1591.0,yes
2025-02-10,long,medium,2025-02-10 14:58:00+00:00,2025-02-10 14:51:00+00:00,2025-02-10 14:46:00+00:00,0.58823529,46.75,420.0,0.75,104.0,6.9333,0.4667,2,15,0.20792079,0.30858086,1,1,21789.5,158.1,yes
2025-02-13,short,medium,2025-02-13 14:42:00+00:00,2025-02-13 14:40:00+00:00,2025-02-13 14:40:00+00:00,-0.35344828,29.0,120.0,1.75,32.25,6.45,0.6,2,5,0.12443946,0.13004484,1,0,21852.0,-614.0,yes
2025-02-13,long,medium,2025-02-13 14:53:30+00:00,2025-02-13 14:48:00+00:00,2025-02-13 14:46:00+00:00,0.77339901,50.75,330.0,3.0,57.5,4.7917,0.5,3,12,0.0896861,0.22757848,1,1,21891.25,53.6,yes
2025-02-13,long,high,2025-02-13 14:55:30+00:00,2025-02-13 14:39:00+00:00,2025-02-13 14:38:00+00:00,0.5862069,116.0,990.0,5.25,231.75,6.8162,0.6176,6,34,0.31278027,0.52017937,1,1,21899.25,651.0,yes
2025-02-13,long,high,2025-02-13 15:12:00+00:00,2025-02-13 14:39:00+00:00,2025-02-13 14:38:00+00:00,0.86853448,116.0,1980.0,7.25,433.5,6.4701,0.5672,6,67,0.31278027,0.52017937,1,1,21928.5,2161.0,yes
2025-02-14,short,low,2025-02-14 14:44:30+00:00,2025-02-14 14:42:00+00:00,2025-02-14 14:41:00+00:00,-1.30769231,6.5,150.0,1.25,27.0,4.5,0.5,2,6,0.02985075,0.07761194,1,0,22098.75,-33.4,yes
2025-02-14,long,medium,2025-02-14 14:56:00+00:00,2025-02-14 14:55:00+00:00,2025-02-14 14:51:00+00:00,0.90909091,8.25,60.0,0.25,8.0,2.6667,0.3333,1,3,0.10447761,0.09850746,1,0,22133.75,-43.4,yes
2025-02-14,long,high,2025-02-14 15:21:30+00:00,2025-02-14 15:19:00+00:00,2025-02-14 15:18:00+00:00,0.40880503,39.75,150.0,2.5,24.75,4.125,0.5,3,6,0.4119403,0.47462687,0,0,22139.25,-539.0,no
2025-02-17,short,medium,2025-02-17 14:34:00+00:00,2025-02-17 14:33:00+00:00,2025-02-17 14:33:00+00:00,-0.54166667,12.0,60.0,1.5,13.5,4.5,0.3333,1,3,0.15352697,0.19917012,1,1,22221.5,241.0,yes
2025-02-18,short,medium,2025-02-18 14:36:30+00:00,2025-02-18 14:33:00+00:00,2025-02-18 14:32:00+00:00,-0.61111111,45.0,210.0,0.75,41.0,5.125,0.625,3,8,0.09090909,0.31468531,1,1,22243.0,806.0,yes
2025-02-18,short,low,2025-02-18 14:44:00+00:00,2025-02-18 14:33:00+00:00,2025-02-18 14:31:00+00:00,-1.29487179,19.5,660.0,2.25,109.5,4.7609,0.5217,3,23,-0.04370629,0.13636364,1,1,22234.25,171.1,yes
2025-02-19,long,medium,2025-02-19 14:37:30+00:00,2025-02-19 14:36:00+00:00,2025-02-19 14:36:00+00:00,0.59574468,11.75,90.0,0.25,3.25,0.8125,0.25,1,4,0.09437751,0.09437751,0,0,22217.5,-599.0,no
2025-02-19,short,low,2025-02-19 14:42:30+00:00,2025-02-19 14:41:00+00:00,2025-02-19 14:39:00+00:00,-2.57142857,5.25,90.0,0.25,13.0,3.25,0.5,2,4,-0.02208835,0.04216867,1,1,22185.75,100.1,yes
2025-02-20,short,medium,2025-02-20 14:44:30+00:00,2025-02-20 14:42:00+00:00,2025-02-20 14:34:00+00:00,-1.30344828,36.25,150.0,17.0,51.5,8.5833,0.8333,5,6,0.08597285,0.13122172,1,1,22181.75,329.6,yes
2025-02-21,short,medium,2025-02-21 14:35:00+00:00,2025-02-21 14:33:00+00:00,2025-02-21 14:32:00+00:00,-0.02919708,34.25,120.0,14.0,23.5,4.7,0.4,2,5,0.09191919,0.13838384,1,0,22153.25,-344.0,yes
2025-02-21,short,medium,2025-02-21 14:37:00+00:00,2025-02-21 14:35:00+00:00,2025-02-21 14:32:00+00:00,-1.29411765,42.5,120.0,25.0,66.0,13.2,0.6,3,5,0.09191919,0.17171717,1,1,22146.5,2901.0,yes
2025-02-24,short,low,2025-02-24 14:37:00+00:00,2025-02-24 14:36:00+00:00,2025-02-24 14:36:00+00:00,-1.96774194,15.5,60.0,22.75,27.75,9.25,0.6667,2,3,0.02876712,0.04246575,1,1,21729.0,3636.0,yes
2025-02-24,short,low,2025-02-24 14:39:30+00:00,2025-02-24 14:38:00+00:00,2025-02-24 14:37:00+00:00,-1.00833333,30.0,90.0,7.0,31.75,7.9375,0.75,3,4,0.08082192,0.08219178,1,1,21710.0,380.6,yes
2025-02-25,short,low,2025-02-25 14:35:00+00:00,2025-02-25 14:33:00+00:00,2025-02-25 14:31:00+00:00,-2.03846154,6.5,120.0,0.5,26.75,5.35,0.4,2,5,0.03869779,0.01597052,1,0,21346.75,-64.9,yes
2025-02-25,short,medium,2025-02-25 14:38:00+00:00,2025-02-25 14:36:00+00:00,2025-02-25 14:33:00+00:00,-0.84291188,65.25,120.0,9.0,92.25,18.45,0.8,4,5,0.09213759,0.16031941,1,1,21351.75,1921.0,yes
2025-02-25,short,low,2025-02-25 14:41:00+00:00,2025-02-25 14:39:00+00:00,2025-02-25 14:38:00+00:00,-1.19354839,31.0,120.0,12.75,86.75,17.35,0.6,3,5,0.08230958,0.07616708,1,1,21343.0,253.1,yes
2025-02-26,long,medium,2025-02-26 14:41:30+00:00,2025-02-26 14:40:00+00:00,2025-02-26 14:40:00+00:00,0.23021583,34.75,90.0,8.75,39.75,9.9375,0.25,1,4,0.15254237,0.15706215,0,0,21256.25,-884.0,no
2025-02-26,long,medium,2025-02-26 14:47:30+00:00,2025-02-26 14:42:00+00:00,2025-02-26 14:39:00+00:00,0.73484848,66.0,330.0,9.75,129.25,10.7708,0.5833,3,12,0.15254237,0.29830508,1,1,21247.5,73.1,yes
2025-02-28,long,low,2025-02-28 14:48:30+00:00,2025-02-28 14:47:00+00:00,2025-02-28 14:43:00+00:00,1.05882353,42.5,90.0,0.0,58.25,14.5625,0.25,1,4,0.05984252,0.13385827,1,0,20618.0,-111.4,yes
2025-02-28,long,medium,2025-02-28 15:05:00+00:00,2025-02-28 15:03:00+00:00,2025-02-28 15:02:00+00:00,-0.18214286,70.0,120.0,34.0,121.75,24.35,0.4,2,5,0.19055118,0.22047244,1,1,20607.5,288.6,yes
2025-02-28,long,medium,2025-02-28 15:07:30+00:00,2025-02-28 14:55:00+00:00,2025-02-28 14:45:00+00:00,0.91807229,103.75,750.0,1.5,393.5,15.1346,0.6154,5,26,0.15354331,0.32677165,1,1,20634.75,1826.0,yes
2025-03-03,long,medium,2025-03-03 14:37:00+00:00,2025-03-03 14:36:00+00:00,2025-03-03 14:35:00+00:00,0.30833333,90.0,60.0,15.75,50.75,16.9167,0.3333,1,3,0.16551247,0.24930748,0,0,21074.25,-1504.0,no
2025-03-04,long,high,2025-03-04 14:48:30+00:00,2025-03-04 14:43:00+00:00,2025-03-04 14:41:00+00:00,0.69287834,168.5,330.0,26.25,241.0,20.0833,0.5833,3,12,0.2335921,0.47565279,0,0,20398.75,-1459.0,no
2025-03-04,short,high,2025-03-04 14:59:30+00:00,2025-03-04 14:38:00+00:00,2025-03-04 14:34:00+00:00,-1.16034985,171.5,1290.0,52.0,842.5,19.1477,0.5909,4,44,0.13973183,0.48412138,1,1,20282.0,2326.0,yes
2025-03-05,short,high,2025-03-05 14:54:30+00:00,2025-03-05 14:43:00+00:00,2025-03-05 14:40:00+00:00,-0.85814361,142.75,690.0,28.25,324.5,13.5208,0.625,4,24,0.29902396,0.50665484,1,1,20355.5,631.0,yes
2025-03-05,long,medium,2025-03-05 15:07:00+00:00,2025-03-05 14:57:00+00:00,2025-03-05 14:44:00+00:00,1.20350404,185.5,600.0,42.5,499.25,23.7738,0.5714,4,21,0.06033718,0.65838509,1,0,20451.0,-754.0,yes
2025-03-06,short,low,2025-03-06 14:35:30+00:00,2025-03-06 14:34:00+00:00,2025-03-06 14:33:00+00:00,-0.64319249,53.25,90.0,2.5,31.5,7.875,0.5,2,4,0.08245614,0.18684211,1,0,20259.5,-924.0,yes
2025-03-07,long,medium,2025-03-07 14:40:30+00:00,2025-03-07 14:37:00+00:00,2025-03-07 14:36:00+00:00,1.10732984,95.5,210.0,10.0,104.25,13.0312,0.75,3,8,0.10341207,0.20052493,1,1,20129.5,876.0,yes
2025-03-07,long,high,2025-03-07 15:24:30+00:00,2025-03-07 15:18:00+00:00,2025-03-07 15:17:00+00:00,0.31800263,190.25,390.0,14.0,202.5,14.4643,0.5,3,14,0.34645669,0.39947507,0,0,20129.0,-1934.0,no
2025-03-10,short,medium,2025-03-10 13:37:30+00:00,2025-03-10 13:35:00+00:00,2025-03-10 13:35:00+00:00,-0.38869258,70.75,150.0,10.5,71.75,11.9583,0.5,3,6,0.17997382,0.18520942,0,0,19816.5,-1069.0,no
2025-03-10,short,medium,2025-03-10 13:52:00+00:00,2025-03-10 13:44:00+00:00,2025-03-10 13:35:00+00:00,-0.86870897,114.25,480.0,0.25,214.0,12.5882,0.4706,2,17,0.17997382,0.29908377,1,1,19802.5,1736.0,yes
2025-03-11,long,high,2025-03-11 14:09:30+00:00,2025-03-11 14:04:00+00:00,2025-03-11 14:03:00+00:00,0.66057692,260.0,330.0,0.5,221.75,18.4792,0.5,2,12,0.47020818,0.74659009,0,0,19524.5,-1689.0,no
2025-03-12,short,medium,2025-03-12 13:55:00+00:00,2025-03-12 13:52:00+00:00,2025-03-12 13:49:00+00:00,-1.07356948,91.75,180.0,13.25,170.75,24.3929,0.7143,4,7,0.09102816,0.24034054,1,1,19642.75,3551.0,yes
2025-03-13,short,medium,2025-03-13 13:41:00+00:00,2025-03-13 13:40:00+00:00,2025-03-13 13:37:00+00:00,-0.49420849,64.75,60.0,3.75,43.5,14.5,0.3333,1,3,0.12562396,0.21547421,1,1,19519.5,2366.0,yes
2025-03-19,short,medium,2025-03-19 13:41:30+00:00,2025-03-19 13:40:00+00:00,2025-03-19 13:38:00+00:00,-1.03703704,33.75,90.0,15.25,32.0,8.0,0.75,3,4,0.1345733,0.14770241,1,0,19761.0,-454.0,yes
2025-03-24,long,high,2025-03-24 13:45:30+00:00,2025-03-24 13:44:00+00:00,2025-03-24 13:42:00+00:00,0.68493151,54.75,90.0,4.75,46.25,11.5625,0.5,1,4,0.24077329,0.38488576,1,1,20272.5,846.0,yes
2025-03-25,long,high,2025-03-25 14:10:30+00:00,2025-03-25 13:48:00+00:00,2025-03-25 13:33:00+00:00,1.06355932,59.0,1350.0,10.0,243.25,5.288,0.587,9,46,0.11380597,0.44029851,1,1,20417.5,1021.0,yes
2025-03-26,long,low,2025-03-26 13:38:00+00:00,2025-03-26 13:37:00+00:00,2025-03-26 13:36:00+00:00,0.77777778,22.5,60.0,3.0,11.5,3.8333,1.0,3,3,0.04344262,0.07377049,1,0,20456.0,-349.0,yes
2025-03-26,short,low,2025-03-26 13:46:30+00:00,2025-03-26 13:39:00+00:00,2025-03-26 13:34:00+00:00,-0.89558233,62.25,450.0,6.75,100.5,6.2812,0.75,4,16,0.06311475,0.20409836,1,1,20426.5,2991.0,yes
2025-03-27,short,medium,2025-03-27 13:35:30+00:00,2025-03-27 13:34:00+00:00,2025-03-27 13:34:00+00:00,-0.584,31.25,90.0,12.25,51.0,12.75,0.25,1,4,0.1062201,0.11961722,1,0,19976.75,-784.0,yes
2025-03-27,long,medium,2025-03-27 14:13:00+00:00,2025-03-27 14:10:00+00:00,2025-03-27 14:08:00+00:00,0.63333333,75.0,180.0,10.75,64.25,9.1786,0.5714,2,7,0.22200957,0.28708134,1,1,20064.5,2236.0,yes
2025-03-28,short,medium,2025-03-28 13:55:30+00:00,2025-03-28 13:43:00+00:00,2025-03-28 13:35:00+00:00,-0.81818182,101.75,750.0,3.25,246.25,9.4712,0.6154,5,26,0.10417966,0.25389894,1,1,19861.75,7166.0,yes
2025-04-01,short,medium,2025-04-01 14:11:00+00:00,2025-04-01 13:48:00+00:00,2025-04-01 13:36:00+00:00,-1.20766129,124.0,1380.0,17.25,519.5,11.0532,0.5319,4,47,0.02659957,0.356578,1,1,19330.5,606.0,yes
2025-04-03,long,medium,2025-04-03 13:38:00+00:00,2025-04-03 13:37:00+00:00,2025-04-03 13:35:00+00:00,0.59363958,70.75,60.0,3.75,44.25,14.75,0.6667,2,3,0.1639576,0.2,1,0,19024.25,-1214.0,yes
2025-04-03,short,low,2025-04-03 14:10:00+00:00,2025-04-03 14:08:00+00:00,2025-04-03 14:07:00+00:00,-0.74285714,61.25,120.0,2.75,26.0,5.2,1.0,5,5,0.05583039,0.17314488,1,1,18909.5,2186.0,yes
2025-04-04,short,low,2025-04-04 13:35:30+00:00,2025-04-04 13:35:00+00:00,2025-04-04 13:34:00+00:00,-0.65406977,86.0,30.0,0.25,39.25,19.625,0.5,1,2,0.07540017,0.14490312,1,1,18121.5,1801.0,yes
2025-04-04,short,high,2025-04-04 14:06:30+00:00,2025-04-04 13:59:00+00:00,2025-04-04 13:47:00+00:00,-0.59115426,231.75,450.0,8.0,219.5,13.7188,0.6875,5,16,0.22914912,0.3904802,1,1,18107.5,6561.0,yes
2025-04-07,short,low,2025-04-07 13:34:30+00:00,2025-04-07 13:34:00+00:00,2025-04-07 13:33:00+00:00,-0.31818182,82.5,30.0,37.0,79.25,39.625,0.5,1,2,0.02015711,0.04891063,1,1,16871.75,2326.0,yes
2025-04-07,long,low,2025-04-07 13:50:30+00:00,2025-04-07 13:44:00+00:00,2025-04-07 13:32:00+00:00,0.99025183,307.75,390.0,5.0,419.5,29.9643,0.7143,2,14,0.02741959,0.18245146,1,1,16974.5,5131.0,yes
2025-04-08,short,medium,2025-04-08 13:36:00+00:00,2025-04-08 13:33:00+00:00,2025-04-08 13:32:00+00:00,-0.97002725,91.75,180.0,10.75,174.25,24.8929,0.5714,2,7,0.09203212,0.22668314,1,0,18123.75,-1074.0,yes
2025-04-08,long,medium,2025-04-08 13:58:00+00:00,2025-04-08 13:50:00+00:00,2025-04-08 13:47:00+00:00,1.31364562,122.75,480.0,24.5,244.75,14.3971,0.6471,6,17,0.07350216,0.30327363,1,1,18230.0,1216.0,yes
2025-04-09,long,medium,2025-04-09 13:39:00+00:00,2025-04-09 13:37:00+00:00,2025-04-09 13:33:00+00:00,1.26045627,131.5,120.0,23.25,211.5,42.3,0.8,4,5,0.21695761,0.32793017,1,1,17374.75,2676.0,yes
2025-04-10,short,low,2025-04-10 13:42:00+00:00,2025-04-10 13:34:00+00:00,2025-04-10 13:32:00+00:00,-1.06923077,130.0,480.0,1.0,419.75,24.6912,0.5882,4,17,0.04270028,0.21146808,1,0,18731.75,-1114.0,yes
2025-04-10,short,medium,2025-04-10 13:54:30+00:00,2025-04-10 13:51:00+00:00,2025-04-10 13:45:00+00:00,-0.61403509,171.0,210.0,0.75,182.75,22.8438,0.625,2,8,0.14436763,0.27816185,1,1,18749.5,2146.0,yes
2025-04-11,long,medium,2025-04-11 13:43:00+00:00,2025-04-11 13:42:00+00:00,2025-04-11 13:40:00+00:00,1.01353965,129.25,60.0,37.25,101.5,33.8333,1.0,3,3,0.14880952,0.34193122,1,1,18500.5,1836.0,yes
2025-04-14,short,low,2025-04-14 13:33:30+00:00,2025-04-14 13:32:00+00:00,2025-04-14 13:32:00+00:00,-1.125,50.0,90.0,17.5,62.5,15.625,0.5,1,4,0.04925291,0.11068069,1,1,19199.5,2876.0,yes
2025-04-16,long,low,2025-04-16 13:36:30+00:00,2025-04-16 13:35:00+00:00,2025-04-16 13:33:00+00:00,0.72395833,48.0,90.0,9.75,22.75,5.6875,0.75,2,4,0.08425721,0.21286031,1,0,18636.5,-594.0,yes
2025-04-17,short,high,2025-04-17 14:03:30+00:00,2025-04-17 13:54:00+00:00,2025-04-17 13:50:00+00:00,-0.56685499,132.75,570.0,3.75,231.75,11.5875,0.6,7,20,0.40785498,0.5347432,1,1,18436.75,2336.0,yes
2025-04-23,long,medium,2025-04-23 13:41:30+00:00,2025-04-23 13:39:00+00:00,2025-04-23 13:39:00+00:00,0.87654321,81.0,150.0,13.5,125.25,20.875,0.5,2,6,0.1755102,0.22040816,1,1,19028.75,861.0,yes
2025-04-23,long,medium,2025-04-23 14:24:00+00:00,2025-04-23 13:39:00+00:00,2025-04-23 13:39:00+00:00,0.96604938,81.0,2700.0,15.0,1291.75,14.1951,0.4835,5,91,0.1755102,0.22040816,1,1,19060.0,1431.0,yes
2025-04-24,long,low,2025-04-24 13:39:30+00:00,2025-04-24 13:36:00+00:00,2025-04-24 13:32:30+00:00,1.27745665,43.25,210.0,3.75,56.75,7.0938,0.75,4,8,0.03859174,0.11712932,1,1,18901.0,4571.0,yes
2025-04-25,short,medium,2025-04-25 13:48:00+00:00,2025-04-25 13:47:00+00:00,2025-04-25 13:47:00+00:00,-0.67938931,32.75,60.0,8.75,23.75,7.9167,0.3333,1,3,0.12554745,0.19124088,1,0,19275.5,-839.0,yes
2025-04-25,long,high,2025-04-25 14:07:30+00:00,2025-04-25 13:53:00+00:00,2025-04-25 13:41:00+00:00,0.91159136,127.25,870.0,5.0,347.25,11.575,0.5333,4,30,0.18540146,0.74306569,1,1,19347.25,666.0,yes
2025-04-25,short,medium,2025-04-25 14:31:00+00:00,2025-04-25 14:24:30+00:00,2025-04-25 14:24:00+00:00,-2.61320755,26.5,390.0,26.5,154.0,11.0,0.5714,3,14,0.09489051,0.15474453,1,0,19262.75,-1119.0,yes
2025-04-28,short,medium,2025-04-28 14:27:30+00:00,2025-04-28 14:25:00+00:00,2025-04-28 14:24:00+00:00,-0.68421053,52.25,150.0,10.0,51.25,8.5417,0.8333,5,6,0.14078842,0.16814159,1,1,19493.0,2896.0,yes
2025-04-29,long,low,2025-04-29 13:42:00+00:00,2025-04-29 13:41:30+00:00,2025-04-29 13:41:00+00:00,0.92708333,24.0,30.0,0.25,18.0,9.0,0.5,1,2,0.07455621,0.11360947,1,1,19457.75,2006.0,yes
2025-05-01,short,medium,2025-05-01 13:35:00+00:00,2025-05-01 13:33:00+00:00,2025-05-01 13:32:00+00:00,-0.73728814,59.0,120.0,9.5,58.75,11.75,0.8,4,5,0.16744621,0.22076707,0,0,19938.0,-354.0,no
2025-05-01,short,medium,2025-05-01 13:39:00+00:00,2025-05-01 13:33:00+00:00,2025-05-01 13:32:00+00:00,-0.91525424,59.0,360.0,8.75,159.75,12.2885,0.6923,4,13,0.16744621,0.22076707,0,0,19927.0,-839.0,no
2025-05-01,short,low,2025-05-01 13:55:00+00:00,2025-05-01 13:51:30+00:00,2025-05-01 13:46:00+00:00,-1.21333333,56.25,210.0,13.75,95.75,11.9688,0.625,2,8,0.05986904,0.21047708,1,1,19943.5,411.0,yes
2025-05-01,long,low,2025-05-01 14:29:00+00:00,2025-05-01 14:28:30+00:00,2025-05-01 14:28:00+00:00,0.85507246,17.25,30.0,1.25,14.5,7.25,0.5,1,2,0.05144995,0.0645463,0,0,20003.0,-374.0,no
2025-05-01,long,low,2025-05-01 14:35:00+00:00,2025-05-01 14:32:30+00:00,2025-05-01 14:28:00+00:00,0.82905983,29.25,150.0,1.5,34.25,5.7083,0.5,2,6,0.05144995,0.10944808,1,1,20000.75,2076.0,yes
2025-05-02,long,medium,2025-05-02 13:33:30+00:00,2025-05-02 13:32:30+00:00,2025-05-02 13:32:30+00:00,0.43529412,21.25,60.0,13.5,33.5,11.1667,0.3333,1,3,0.08811749,0.11348465,1,0,20122.25,-704.0,yes
2025-05-02,short,low,2025-05-02 13:36:30+00:00,2025-05-02 13:36:00+00:00,2025-05-02 13:32:30+00:00,4.3255814,10.75,30.0,22.0,35.5,17.75,1.0,2,2,-0.14285714,0.05740988,0,0,20066.0,-479.0,no
2025-05-02,long,low,2025-05-02 13:45:30+00:00,2025-05-02 13:43:00+00:00,2025-05-02 13:42:00+00:00,0.72941176,42.5,150.0,2.5,39.0,6.5,0.6667,2,6,0.08010681,0.22696929,0,0,20110.25,-794.0,no
2025-05-02,short,medium,2025-05-02 13:51:30+00:00,2025-05-02 13:51:00+00:00,2025-05-02 13:50:00+00:00,-1.34722222,36.0,30.0,12.75,39.75,19.875,1.0,2,2,0.09479306,0.19225634,0,0,20051.5,-849.0,no
2025-05-02,long,medium,2025-05-02 14:06:00+00:00,2025-05-02 14:04:30+00:00,2025-05-02 14:04:30+00:00,1.13157895,19.0,90.0,5.75,39.75,9.9375,0.25,1,4,0.08544726,0.10146862,1,1,20129.0,681.0,yes
2025-05-05,long,medium,2025-05-05 13:45:00+00:00,2025-05-05 13:44:30+00:00,2025-05-05 13:44:00+00:00,0.56944444,18.0,30.0,4.75,11.25,5.625,1.0,2,2,0.10431655,0.1294964,1,0,20034.25,-309.0,yes
2025-05-05,long,medium,2025-05-05 13:56:00+00:00,2025-05-05 13:52:00+00:00,2025-05-05 13:50:00+00:00,0.84567901,40.5,240.0,4.5,62.5,6.9444,0.6667,3,9,0.11870504,0.29136691,1,1,20047.0,746.0,yes
2025-05-06,long,medium,2025-05-06 13:49:00+00:00,2025-05-06 13:48:00+00:00,2025-05-06 13:46:00+00:00,0.17209302,53.75,60.0,11.25,35.5,11.8333,0.3333,1,3,0.19441211,0.25029104,0,0,19821.5,-444.0,no
2025-05-06,short,medium,2025-05-06 13:59:30+00:00,2025-05-06 13:56:30+00:00,2025-05-06 13:56:00+00:00,-1.03960396,25.25,180.0,5.75,38.5,5.5,0.8571,3,7,0.10128056,0.11757858,1,0,19761.0,-474.0,yes
2025-05-06,long,high,2025-05-06 14:12:00+00:00,2025-05-06 14:00:00+00:00,2025-05-06 13:46:00+00:00,0.81584158,126.25,720.0,10.75,175.75,7.03,0.6,4,25,0.23981374,0.5878929,1,1,19830.5,1396.0,yes
2025-05-07,long,low,2025-05-07 13:33:30+00:00,2025-05-07 13:32:30+00:00,2025-05-07 13:32:30+00:00,0.47191011,22.25,60.0,8.25,36.5,12.1667,0.3333,1,3,0.07901554,0.11528497,0,0,19911.75,-329.0,no
2025-05-07,long,medium,2025-05-07 13:47:30+00:00,2025-05-07 13:35:30+00:00,2025-05-07 13:32:30+00:00,1.06372549,51.0,720.0,0.0,151.5,6.06,0.44,4,25,0.07901554,0.2642487,1,0,19920.5,-389.0,yes
2025-05-07,long,medium,2025-05-07 13:56:00+00:00,2025-05-07 13:49:00+00:00,2025-05-07 13:32:30+00:00,1.18257261,60.25,420.0,7.5,196.5,13.1,0.7333,5,15,0.07901554,0.31217617,0,1,19921.75,866.0,no
2025-05-09,long,low,2025-05-09 14:04:00+00:00,2025-05-09 14:03:30+00:00,2025-05-09 14:03:00+00:00,-0.69767442,10.75,30.0,14.5,20.0,10.0,0.5,1,2,0.03487064,0.04836895,1,0,20263.0,-514.0,yes
2025-05-14,short,medium,2025-05-14 13:54:00+00:00,2025-05-14 13:52:00+00:00,2025-05-14 13:51:30+00:00,-1.50847458,29.5,120.0,8.5,38.0,7.6,0.8,3,5,0.09469697,0.22348485,1,0,21295.0,-914.0,yes
2025-05-16,short,medium,2025-05-16 13:41:00+00:00,2025-05-16 13:39:30+00:00,2025-05-16 13:39:00+00:00,-1.10169492,29.5,90.0,15.25,31.25,7.8125,0.75,3,4,0.12146423,0.19633943,1,0,21426.75,-584.0,yes
2025-05-20,short,medium,2025-05-20 13:44:30+00:00,2025-05-20 13:40:00+00:00,2025-05-20 13:37:00+00:00,-0.73571429,35.0,270.0,5.5,79.5,7.95,0.5,2,10,0.05655527,0.35989717,1,1,21407.75,501.0,yes
2025-05-23,long,medium,2025-05-23 13:53:00+00:00,2025-05-23 13:48:00+00:00,2025-05-23 13:43:30+00:00,0.3256705,65.25,300.0,26.25,155.0,14.0909,0.5455,2,11,0.17443409,0.34753662,1,1,20891.5,1346.0,yes
2025-05-27,long,low,2025-05-27 13:58:30+00:00,2025-05-27 13:56:00+00:00,2025-05-27 13:55:30+00:00,1.04,12.5,150.0,2.5,11.5,1.9167,0.5,2,6,0.03921569,0.05767013,1,1,21290.75,1241.0,yes
2025-05-28,long,low,2025-05-28 13:37:00+00:00,2025-05-28 13:35:30+00:00,2025-05-28 13:35:00+00:00,0.88157895,19.0,90.0,0.0,15.0,3.75,0.5,2,4,0.06498195,0.13718412,1,1,21527.75,281.0,yes
2025-05-28,short,low,2025-05-28 13:55:30+00:00,2025-05-28 13:53:00+00:00,2025-05-28 13:52:00+00:00,-1.32307692,16.25,150.0,2.75,25.0,4.1667,0.6667,2,6,0.066787,0.11732852,1,1,21486.25,676.0,yes
2025-06-02,short,medium,2025-06-02 14:07:00+00:00,2025-06-02 14:04:00+00:00,2025-06-02 14:02:00+00:00,-0.36595745,58.75,180.0,12.5,58.5,8.3571,0.7143,4,7,0.17785235,0.26286353,1,0,21271.25,-839.0,yes
2025-06-03,long,medium,2025-06-03 14:12:30+00:00,2025-06-03 14:08:30+00:00,2025-06-03 14:07:30+00:00,1.0483871,46.5,240.0,6.25,71.25,7.9167,0.7778,3,9,0.04696133,0.25690608,1,1,21600.0,1161.0,yes
2025-06-04,long,low,2025-06-04 14:36:00+00:00,2025-06-04 14:34:30+00:00,2025-06-04 14:34:00+00:00,0.8,8.75,90.0,5.0,16.25,4.0625,0.5,2,4,0.03934426,0.05737705,0,0,21754.0,-549.0,no
2025-06-05,short,medium,2025-06-05 13:38:00+00:00,2025-06-05 13:34:00+00:00,2025-06-05 13:33:00+00:00,-0.66463415,41.0,240.0,1.25,51.5,5.7222,0.5556,2,9,0.11349693,0.16768916,1,1,21790.25,1161.0,yes
2025-06-05,short,low,2025-06-05 14:41:00+00:00,2025-06-05 14:39:00+00:00,2025-06-05 14:29:00+00:00,-1.91549296,17.75,120.0,3.75,45.0,9.0,0.4,1,5,0.04601227,0.07259714,0,0,21772.25,-1164.0,no
2025-06-06,long,medium,2025-06-06 14:00:00+00:00,2025-06-06 13:56:30+00:00,2025-06-06 13:56:00+00:00,1.37804878,20.5,210.0,8.75,59.75,7.4688,0.625,3,8,0.10223048,0.15241636,1,0,21840.0,-999.0,yes
2025-06-06,short,medium,2025-06-06 14:32:00+00:00,2025-06-06 14:30:00+00:00,2025-06-06 14:29:30+00:00,-0.85135135,18.5,120.0,5.5,21.5,4.3,0.8,3,5,0.11524164,0.13754647,0,0,21780.75,-319.0,no
2025-06-06,long,high,2025-06-06 14:46:30+00:00,2025-06-06 14:32:00+00:00,2025-06-06 13:56:00+00:00,0.64411028,99.75,870.0,1.0,158.25,5.275,0.5667,4,30,0.39962825,0.74163569,1,1,21829.25,391.0,yes
2025-06-09,short,low,2025-06-09 13:47:00+00:00,2025-06-09 13:45:00+00:00,2025-06-09 13:42:30+00:00,-0.92771084,20.75,120.0,1.25,18.5,3.7,0.8,2,5,0.05623902,0.14586995,0,0,21785.5,-364.0,no
2025-06-10,long,medium,2025-06-10 14:38:00+00:00,2025-06-10 13:44:00+00:00,2025-06-10 13:43:00+00:00,0.77714286,43.75,3240.0,8.5,384.75,3.5298,0.5046,5,109,0.05657238,0.29118136,0,0,21873.5,-374.0,no
2025-06-11,short,medium,2025-06-11 13:43:00+00:00,2025-06-11 13:39:30+00:00,2025-06-11 13:38:00+00:00,-1.43055556,18.0,210.0,3.25,64.5,8.0625,0.625,2,8,0.092257,0.11861614,1,1,21979.75,701.0,yes
2025-06-12,long,low,2025-06-12 13:42:00+00:00,2025-06-12 13:41:00+00:00,2025-06-12 13:41:00+00:00,0.54794521,18.25,60.0,2.5,24.0,8.0,0.3333,1,3,0.08204334,0.1130031,1,0,21871.75,-434.0,yes
2025-06-13,short,medium,2025-06-13 14:27:00+00:00,2025-06-13 14:24:00+00:00,2025-06-13 14:21:30+00:00,-0.85555556,45.0,180.0,8.5,56.25,8.0357,0.7143,3,7,0.0954495,0.19977802,1,0,21657.0,-379.0,yes
2025-06-16,long,low,2025-06-16 13:37:30+00:00,2025-06-16 13:35:00+00:00,2025-06-16 13:35:00+00:00,0.91578947,23.75,150.0,6.0,24.0,4.0,0.6667,4,6,0.04773562,0.11627907,1,1,22078.0,1616.0,yes
2025-06-17,long,medium,2025-06-17 14:09:00+00:00,2025-06-17 14:00:00+00:00,2025-06-17 13:46:30+00:00,-0.17241379,36.25,540.0,3.25,74.0,3.8947,0.5789,8,19,-0.44180523,0.34441805,1,1,22098.5,111.0,yes
2025-06-18,long,low,2025-06-18 14:08:00+00:00,2025-06-18 14:02:00+00:00,2025-06-18 14:00:00+00:00,1.51818182,27.5,360.0,3.0,84.0,6.4615,0.5385,5,13,0.07090103,0.16248154,1,1,22024.5,1206.0,yes
2025-06-23,long,low,2025-06-23 13:45:00+00:00,2025-06-23 13:44:00+00:00,2025-06-23 13:44:00+00:00,0.7797619,42.0,60.0,3.5,63.0,21.0,0.3333,1,3,0.0433526,0.16184971,1,1,21876.5,2206.0,yes
2025-06-24,long,low,2025-06-24 14:16:00+00:00,2025-06-24 14:08:30+00:00,2025-06-24 13:52:00+00:00,1.22764228,30.75,450.0,1.75,103.75,6.4844,0.5625,2,16,0.0608365,0.2338403,1,1,22305.25,856.0,yes
2025-06-25,long,low,2025-06-25 13:39:30+00:00,2025-06-25 13:38:30+00:00,2025-06-25 13:37:00+00:00,1.2244898,12.25,60.0,5.75,16.5,5.5,0.6667,2,3,0.08176101,0.10272537,1,0,22534.5,-229.0,yes
2025-06-25,short,low,2025-06-25 14:14:00+00:00,2025-06-25 14:13:00+00:00,2025-06-25 14:12:30+00:00,-3.12121212,8.25,60.0,18.5,24.5,8.1667,0.6667,2,3,0.0293501,0.06918239,1,0,22487.75,-119.0,yes
2025-06-26,short,medium,2025-06-26 13:35:00+00:00,2025-06-26 13:34:00+00:00,2025-06-26 13:33:30+00:00,-0.15853659,20.5,60.0,6.25,11.25,3.75,0.6667,2,3,0.13043478,0.1426087,1,1,22534.75,506.0,yes
2025-06-26,long,low,2025-06-26 14:27:30+00:00,2025-06-26 14:23:30+00:00,2025-06-26 14:22:30+00:00,0.90909091,13.75,240.0,0.0,26.25,2.9167,0.5556,3,9,0.03652174,0.09565217,1,1,22571.0,611.0,yes
2025-06-27,long,low,2025-06-27 13:37:00+00:00,2025-06-27 13:36:00+00:00,2025-06-27 13:34:00+00:00,0.9010989,22.75,60.0,2.5,18.5,6.1667,1.0,3,3,0.08112875,0.16049383,1,1,22723.5,1436.0,yes
2025-06-30,short,low,2025-06-30 14:20:30+00:00,2025-06-30 14:12:30+00:00,2025-06-30 14:12:00+00:00,-4.19354839,7.75,480.0,6.75,56.0,3.2941,0.6471,7,17,0.05279503,0.09627329,1,1,22829.5,286.0,yes
2025-07-01,long,low,2025-07-01 13:54:00+00:00,2025-07-01 13:53:00+00:00,2025-07-01 13:53:00+00:00,1.04761905,10.5,60.0,2.5,15.25,5.0833,0.3333,1,3,0.02885572,0.04179104,1,0,22831.5,-284.0,yes
2025-07-01,short,low,2025-07-01 14:25:00+00:00,2025-07-01 14:24:00+00:00,2025-07-01 14:23:30+00:00,-0.69642857,14.0,60.0,1.0,7.5,2.5,0.6667,2,3,0.03880597,0.05572139,1,1,22788.75,1431.0,yes
2025-07-02,long,low,2025-07-02 13:36:00+00:00,2025-07-02 13:35:30+00:00,2025-07-02 13:34:00+00:00,0.9047619,26.25,30.0,5.0,13.0,6.5,1.0,2,2,0.0748731,0.13324873,1,1,22679.75,2921.0,yes
2025-07-03,long,medium,2025-07-03 13:50:30+00:00,2025-07-03 13:42:00+00:00,2025-07-03 13:31:30+00:00,0.73059361,54.75,510.0,4.5,82.75,4.5972,0.7222,7,18,0.0845481,0.31924198,1,1,22972.0,1586.0,yes
2025-07-04,long,low,2025-07-04 13:51:00+00:00,2025-07-04 13:50:00+00:00,2025-07-04 13:45:00+00:00,0.90909091,11.0,60.0,0.75,4.75,1.5833,0.6667,2,3,0.06410256,0.18803419,1,0,22923.0,-169.0,yes
2025-07-04,long,medium,2025-07-04 14:27:00+00:00,2025-07-04 13:58:30+00:00,2025-07-04 13:45:00+00:00,0.96323529,34.0,1710.0,0.75,120.25,2.0733,0.4483,4,58,0.06410256,0.58119658,1,1,22924.25,291.0,yes
2025-07-07,short,medium,2025-07-07 13:48:00+00:00,2025-07-07 13:44:00+00:00,2025-07-07 13:37:30+00:00,-0.61764706,25.5,240.0,11.25,56.5,6.2778,0.4444,3,9,0.07611549,0.26771654,1,0,22933.0,-569.0,yes
2025-07-07,short,medium,2025-07-07 14:02:30+00:00,2025-07-07 13:52:00+00:00,2025-07-07 13:37:30+00:00,-1.48850575,43.5,630.0,10.0,142.0,6.4545,0.6818,4,22,0.07611549,0.45669291,0,0,22904.25,-584.0,no
2025-07-09,short,low,2025-07-09 14:41:30+00:00,2025-07-09 14:41:00+00:00,2025-07-09 14:40:00+00:00,3.76923077,3.25,30.0,1.0,12.75,6.375,1.0,2,2,-0.1003861,0.01673102,1,1,22984.0,701.0,yes
2025-07-11,long,low,2025-07-11 14:06:00+00:00,2025-07-11 14:05:00+00:00,2025-07-11 14:00:00+00:00,0.38028169,17.75,60.0,7.0,23.0,7.6667,0.3333,1,3,0.05272109,0.1207483,1,1,22961.25,586.0,yes
2025-07-14,long,low,2025-07-14 14:52:00+00:00,2025-07-14 14:47:30+00:00,2025-07-14 14:47:30+00:00,1.60344828,14.5,270.0,2.5,42.75,4.275,0.5,4,10,0.03606103,0.08044383,1,1,22972.25,506.0,yes
2025-07-17,short,low,2025-07-17 13:39:00+00:00,2025-07-17 13:35:30+00:00,2025-07-17 13:35:30+00:00,-0.92307692,13.0,210.0,2.5,49.5,6.1875,0.625,3,8,0.06535948,0.06797386,1,0,23085.25,-219.0,yes
2025-07-17,long,low,2025-07-17 13:48:30+00:00,2025-07-17 13:43:30+00:00,2025-07-17 13:43:30+00:00,1.01886792,13.25,300.0,0.25,30.75,2.7955,0.5455,2,11,0.04836601,0.06928105,1,1,23127.5,711.0,yes
2025-07-17,long,low,2025-07-17 14:30:00+00:00,2025-07-17 14:24:00+00:00,2025-07-17 14:24:00+00:00,3.73809524,10.5,360.0,0.5,38.5,2.9615,0.6154,6,13,0.03137255,0.05490196,1,1,23154.25,1536.0,yes
2025-07-18,short,medium,2025-07-18 13:44:30+00:00,2025-07-18 13:41:00+00:00,2025-07-18 13:39:00+00:00,-0.53608247,24.25,210.0,3.0,15.0,1.875,0.5,2,8,0.08687259,0.18725869,1,0,23271.75,-429.0,yes
2025-07-18,short,medium,2025-07-18 14:01:30+00:00,2025-07-18 13:48:30+00:00,2025-07-18 13:39:00+00:00,-0.7654321,40.5,780.0,1.25,122.0,4.5185,0.5556,3,27,0.08687259,0.31274131,1,1,23266.5,816.0,yes
2025-07-21,long,low,2025-07-21 13:34:00+00:00,2025-07-21 13:33:00+00:00,2025-07-21 13:33:00+00:00,0.77777778,11.25,60.0,1.25,8.5,2.8333,0.3333,1,3,0.06323529,0.06617647,1,1,23296.25,1991.0,yes
2025-07-23,short,low,2025-07-23 13:41:00+00:00,2025-07-23 13:35:00+00:00,2025-07-23 13:35:00+00:00,-0.93589744,19.5,360.0,4.25,59.0,4.5385,0.3846,2,13,0.03630363,0.12871287,1,1,23215.0,946.0,yes
2025-07-24,short,medium,2025-07-24 13:34:00+00:00,2025-07-24 13:32:00+00:00,2025-07-24 13:32:00+00:00,-0.28767123,18.25,120.0,6.25,30.75,6.15,0.4,1,5,0.12958435,0.17848411,1,0,23355.25,-299.0,yes
2025-07-24,short,high,2025-07-24 14:01:00+00:00,2025-07-24 13:48:30+00:00,2025-07-24 13:43:30+00:00,-0.86893204,51.5,750.0,6.75,135.0,5.1923,0.5385,4,26,0.12224939,0.50366748,1,1,23349.0,326.0,yes
2025-07-25,long,medium,2025-07-25 13:47:00+00:00,2025-07-25 13:45:30+00:00,2025-07-25 13:45:30+00:00,0.8,8.75,90.0,0.5,2.5,0.625,0.5,2,4,0.08883249,0.08883249,1,1,23369.25,771.0,yes
2025-07-28,long,medium,2025-07-28 13:43:30+00:00,2025-07-28 13:40:30+00:00,2025-07-28 13:37:30+00:00,0.63114754,30.5,180.0,1.25,21.75,3.1071,0.4286,1,7,0.07438017,0.33608815,1,1,23491.25,596.0,yes
2025-07-29,short,medium,2025-07-29 14:03:30+00:00,2025-07-29 13:57:00+00:00,2025-07-29 13:57:00+00:00,-1.30252101,29.75,390.0,8.75,57.25,4.0893,0.5,2,14,0.11435239,0.13885648,1,1,23567.0,791.0,yes
2025-07-30,long,low,2025-07-30 13:41:00+00:00,2025-07-30 13:38:30+00:00,2025-07-30 13:38:30+00:00,1.08823529,17.0,150.0,4.75,32.5,5.4167,0.6667,4,6,0.08241758,0.18681319,1,0,23504.0,-454.0,yes
2025-07-30,long,high,2025-07-30 14:22:00+00:00,2025-07-30 14:12:00+00:00,2025-07-30 13:47:30+00:00,0.76076555,52.25,600.0,0.25,80.75,3.8452,0.6667,4,21,0.27197802,0.57417582,1,1,23503.25,466.0,yes
2025-07-31,short,low,2025-07-31 14:12:00+00:00,2025-07-31 13:58:00+00:00,2025-07-31 13:57:00+00:00,-3.17741935,15.5,840.0,2.0,158.5,5.4655,0.4828,3,29,0.02793296,0.05772812,1,1,23657.0,1076.0,yes
2025-11-04,short,medium,2025-11-04 14:38:30+00:00,2025-11-04 14:37:00+00:00,2025-11-04 14:34:00+00:00,-0.6059322,59.0,90.0,4.5,39.5,9.875,0.75,3,4,0.18418202,0.25568797,1,0,25679.5,-88.4,yes
2025-11-04,long,medium,2025-11-04 14:49:00+00:00,2025-11-04 14:47:00+00:00,2025-11-04 14:44:00+00:00,0.98449612,32.25,120.0,1.75,57.75,11.55,0.6,3,5,0.156013,0.13976165,1,1,25775.5,148.6,yes
2025-11-06,short,low,2025-11-06 14:35:00+00:00,2025-11-06 14:34:00+00:00,2025-11-06 14:33:00+00:00,-2.33333333,15.0,60.0,21.0,61.75,20.5833,0.6667,2,3,-0.00103466,0.03103983,1,1,25646.0,613.6,yes
2025-11-11,short,low,2025-11-11 15:13:30+00:00,2025-11-11 15:10:00+00:00,2025-11-11 15:06:00+00:00,-1.66666667,13.5,210.0,4.25,55.0,6.875,0.5,2,8,0.06716418,0.08059701,1,1,25573.75,108.6,yes
