open_date,direction,entry_time,pivot_time,outcome,label_win,retrace,pivot_flem_dist,time_since_pivot_sec,body_last,body_sum,body_mean,in_dir_ratio,max_in_dir_run,bars_since_pivot,zone_over_range,pivot_over_range,dist_to_extrema_atr,zone_to_extrema_atr
2025-01-02,short,2025-01-02 12:01:00-05:00,2025-01-02 11:59:00-05:00,forced_close,0,0.5660377358490566,39.75,120.0,7.5,28.0,5.6,0.6,2,5,0.10990990990990991,0.14324324324324325,7.67446211412535,8.054256314312441
2025-01-03,long,2025-01-03 09:57:00-05:00,2025-01-03 09:52:00-05:00,loss,0,0.5535714285714286,126.0,300.0,8.75,107.5,9.772727272727273,0.6363636363636364,4,11,0.25039619651347067,0.7987321711568938,2.1028307336799537,3.825534373194685
2025-01-03,long,2025-01-03 10:33:00-05:00,2025-01-03 10:31:00-05:00,win,1,0.7243243243243244,46.25,120.0,7.75,33.25,6.65,0.6,2,5,0.21944444444444444,0.2569444444444444,3.8633623576691227,4.669792364367046
2025-01-06,long,2025-01-06 09:37:00-05:00,2025-01-06 09:37:00-05:00,win,1,0.58,37.5,0.0,5.75,5.75,5.75,0.0,0,1,0.6,0.4918032786885246,0.7508532423208191,0.8327645051194539
2025-01-07,short,2025-01-07 09:57:00-05:00,2025-01-07 09:54:00-05:00,win,1,0.605,100.0,180.0,11.75,66.0,9.428571428571429,0.7142857142857143,3,7,0.21348314606741572,0.898876404494382,1.234338747099768,3.7896365042536733
2025-01-08,long,2025-01-08 09:52:00-05:00,2025-01-08 09:51:00-05:00,loss,0,0.8790322580645161,31.0,60.0,41.75,69.75,23.25,0.3333333333333333,1,3,0.3105263157894737,0.3263157894736842,1.4137042761463163,0.7861926841834106
2025-01-08,short,2025-01-08 10:43:00-05:00,2025-01-08 10:41:00-05:00,win,1,0.88,18.75,120.0,6.0,46.25,9.25,0.8,3,5,0.1688125894134478,0.1072961373390558,3.0475552578700604,3.6289350301406564
2025-01-08,long,2025-01-08 10:55:00-05:00,2025-01-08 10:55:00-05:00,loss,0,0.5104895104895105,35.75,0.0,5.25,5.25,5.25,0.0,0,1,0.1688125894134478,0.20457796852646637,3.100261551874455,2.3679163034001744
2025-01-08,short,2025-01-08 11:05:00-05:00,2025-01-08 11:04:00-05:00,win,1,1.0327868852459017,15.25,60.0,5.25,18.5,6.166666666666667,1.0,3,3,0.1688125894134478,0.08726752503576538,4.2745098039215685,5.0588235294117645
2025-01-08,short,2025-01-08 11:14:00-05:00,2025-01-08 11:14:00-05:00,loss,0,0.5431034482758621,29.0,0.0,1.25,1.25,1.25,1.0,1,1,0.1688125894134478,0.1659513590844063,4.9730215827338125,4.872302158273381
2025-01-08,long,2025-01-08 11:31:00-05:00,2025-01-08 11:30:00-05:00,win,1,0.6287425149700598,41.75,60.0,5.0,26.25,8.75,0.6666666666666666,2,3,0.1688125894134478,0.23891273247496422,3.604290822407628,3.237187127532777
2025-01-10,short,2025-01-10 09:36:00-05:00,2025-01-10 09:35:00-05:00,win,1,0.5732899022801303,76.75,60.0,8.25,60.5,20.166666666666668,0.3333333333333333,1,3,0.5645645645645646,0.9219219219219219,0.8904214559386974,0.7777777777777778
2025-01-13,long,2025-01-13 10:06:00-05:00,2025-01-13 10:02:00-05:00,loss,0,0.7148148148148148,67.5,240.0,5.25,81.0,9.0,0.7777777777777778,3,9,0.15220949263502456,0.44189852700491,1.0173333333333334,2.9026666666666667
2025-01-13,long,2025-01-13 10:19:00-05:00,2025-01-13 10:16:00-05:00,loss,0,0.4666666666666667,86.25,180.0,6.5,42.75,6.107142857142857,0.5714285714285714,2,7,0.1507293354943274,0.5591572123176661,3.205831903945111,3.806174957118353
2025-01-13,short,2025-01-13 11:30:00-05:00,2025-01-13 11:28:00-05:00,loss,0,0.8208955223880597,16.75,120.0,6.5,14.5,2.9,0.6,3,5,0.13025210084033614,0.0938375350140056,3.819634703196347,3.308219178082192
2025-01-13,long,2025-01-13 11:41:00-05:00,2025-01-13 11:40:00-05:00,win,1,0.4141414141414141,49.5,60.0,19.25,32.25,10.75,1.0,3,3,0.13025210084033614,0.2773109243697479,4.647242455775235,6.0312174817898025
2025-01-14,long,2025-01-14 09:42:00-05:00,2025-01-14 09:40:00-05:00,loss,0,0.6289308176100629,39.75,120.0,17.5,44.75,8.95,0.6,2,5,0.42247191011235957,0.35730337078651686,0.1378396288933068,1.5679257786613652
2025-01-14,long,2025-01-14 10:15:00-05:00,2025-01-14 10:14:00-05:00,win,1,0.4093567251461988,42.75,60.0,3.25,16.0,5.333333333333333,0.6666666666666666,2,3,0.2874617737003058,0.26146788990825687,2.189003436426117,2.189003436426117
2025-01-14,short,2025-01-14 10:25:00-05:00,2025-01-14 10:25:00-05:00,win,1,0.6886792452830188,26.5,0.0,11.25,11.25,11.25,0.0,0,1,0.2874617737003058,0.1620795107033639,3.791208791208791,3.120879120879121
2025-01-16,short,2025-01-16 11:18:00-05:00,2025-01-16 11:10:00-05:00,win,1,0.4963898916967509,138.5,480.0,9.5,120.25,7.073529411764706,0.6470588235294118,5,17,0.2191358024691358,0.8549382716049383,4.136960600375235,6.645403377110695
2025-01-17,short,2025-01-17 09:37:00-05:00,2025-01-17 09:37:00-05:00,win,1,0.5032258064516129,38.75,0.0,14.0,14.0,14.0,1.0,1,1,0.6239130434782608,0.33695652173913043,0.40942323314378554,1.1242891957757921
2025-01-20,long,2025-01-20 10:09:00-05:00,2025-01-20 10:08:00-05:00,loss,0,0.803030303030303,16.5,60.0,6.5,11.25,3.75,0.3333333333333333,1,3,0.21722846441947566,0.24719101123595505,3.968970380818053,3.968970380818053
2025-01-23,long,2025-01-23 10:00:00-05:00,2025-01-23 09:57:00-05:00,loss,0,0.490566037735849,39.75,180.0,3.25,35.5,5.071428571428571,0.42857142857142855,1,7,0.4449760765550239,0.7607655502392344,1.8613861386138615,2.1782178217821784
2025-01-23,long,2025-01-23 10:21:00-05:00,2025-01-23 10:21:00-05:00,win,1,0.5048543689320388,25.75,0.0,6.75,6.75,6.75,0.0,0,1,0.4449760765550239,0.49282296650717705,3.205724508050089,2.7549194991055455
2025-01-24,short,2025-01-24 09:44:00-05:00,2025-01-24 09:43:00-05:00,loss,0,0.5730337078651685,44.5,60.0,11.75,34.25,11.416666666666666,0.6666666666666666,2,3,0.3175355450236967,0.8436018957345972,1.7154150197628457,1.9920948616600789
2025-01-24,long,2025-01-24 10:01:00-05:00,2025-01-24 09:58:00-05:00,loss,0,0.4571428571428571,35.0,180.0,4.75,33.25,4.75,0.42857142857142855,1,7,0.21474358974358973,0.44871794871794873,1.7131578947368422,1.8605263157894738
2025-01-24,short,2025-01-24 10:12:00-05:00,2025-01-24 10:11:00-05:00,win,1,0.5957446808510638,23.5,60.0,12.5,34.5,11.5,0.3333333333333333,1,3,0.21474358974358973,0.30128205128205127,2.309604519774011,2.2779661016949153
2025-01-28,long,2025-01-28 10:12:00-05:00,2025-01-28 10:10:00-05:00,win,1,0.3981481481481481,54.0,120.0,10.75,38.75,7.75,0.8,2,5,0.11459589867310012,0.2605548854041013,0.8911917098445595,2.0
2025-01-31,long,2025-01-31 09:45:00-05:00,2025-01-31 09:44:00-05:00,win,1,0.875,36.0,60.0,13.0,35.25,11.75,0.6666666666666666,2,3,0.3602693602693603,0.48484848484848486,1.3086053412462908,1.900593471810089
2025-02-03,long,2025-02-03 09:59:00-05:00,2025-02-03 09:59:00-05:00,loss,0,0.5157894736842106,47.5,0.0,9.75,9.75,9.75,0.0,0,1,0.28822495606326887,0.3339191564147627,3.112009237875289,3.1039260969976907
2025-02-03,short,2025-02-03 10:07:00-05:00,2025-02-03 10:06:00-05:00,win,1,0.5427350427350427,58.5,60.0,2.0,8.5,2.8333333333333335,1.0,3,3,0.24082232011747431,0.3436123348017621,0.7720295622512792,1.0585559977259806
2025-02-05,long,2025-02-05 09:44:00-05:00,2025-02-05 09:43:00-05:00,loss,0,0.6482758620689655,36.25,60.0,7.75,19.5,6.5,0.6666666666666666,2,3,0.33454545454545453,0.5272727272727272,1.0907424381301558,1.527039413382218
2025-02-05,short,2025-02-05 10:09:00-05:00,2025-02-05 10:06:00-05:00,loss,0,0.5944444444444444,45.0,180.0,7.75,40.5,5.785714285714286,0.5714285714285714,3,7,0.21296296296296297,0.4166666666666667,0.973753280839895,1.2493438320209973
2025-02-05,short,2025-02-05 10:24:00-05:00,2025-02-05 10:24:00-05:00,loss,0,0.4521276595744681,47.0,0.0,7.25,7.25,7.25,0.0,0,1,0.21296296296296297,0.4351851851851852,1.8513302034428794,1.489827856025039
2025-02-05,long,2025-02-05 10:34:00-05:00,2025-02-05 10:33:00-05:00,win,1,0.5548780487804879,41.0,60.0,1.5,14.25,4.75,0.6666666666666666,1,3,0.21296296296296297,0.37962962962962965,2.1142303969022262,2.764762826718296
2025-02-06,short,2025-02-06 09:38:00-05:00,2025-02-06 09:36:00-05:00,loss,0,0.464968152866242,39.25,120.0,3.0,17.0,3.4,0.4,2,5,0.6918604651162791,0.9127906976744186,1.1909959072305594,0.6507503410641201
2025-02-06,long,2025-02-06 09:52:00-05:00,2025-02-06 09:51:00-05:00,win,1,0.5466666666666666,37.5,60.0,5.0,16.75,5.583333333333333,0.6666666666666666,1,3,0.38636363636363635,0.487012987012987,0.7615062761506275,1.9916317991631798
2025-02-06,long,2025-02-06 10:09:00-05:00,2025-02-06 10:05:00-05:00,win,1,0.6918604651162791,43.0,240.0,9.5,45.75,5.083333333333333,0.8888888888888888,5,9,0.35103244837758113,0.5073746312684366,0.7804323094425484,2.659840728100114
2025-02-06,short,2025-02-06 10:54:00-05:00,2025-02-06 10:53:00-05:00,loss,0,0.3507462686567164,33.5,60.0,2.75,10.5,3.5,0.6666666666666666,2,3,0.26681614349775784,0.3004484304932735,1.579937304075235,0.7753396029258097
2025-02-06,long,2025-02-06 11:09:00-05:00,2025-02-06 11:06:00-05:00,win,1,0.6666666666666666,21.0,180.0,1.75,39.5,5.642857142857143,0.7142857142857143,3,7,0.26681614349775784,0.18834080717488788,5.818471337579618,6.10828025477707
2025-02-06,long,2025-02-06 11:52:00-05:00,2025-02-06 11:52:00-05:00,loss,0,0.5569620253164557,19.75,0.0,4.5,4.5,4.5,1.0,1,1,0.26681614349775784,0.17713004484304934,6.919540229885057,7.3486590038314175
2025-02-13,short,2025-02-13 09:42:00-05:00,2025-02-13 09:41:00-05:00,loss,0,0.4310344827586206,29.0,60.0,1.75,13.0,4.333333333333333,0.6666666666666666,2,3,0.15948275862068967,0.25,0.7049891540130152,1.0433839479392624
2025-02-13,long,2025-02-13 09:47:00-05:00,2025-02-13 09:46:00-05:00,loss,0,1.0298507462686568,16.75,60.0,34.75,55.0,18.333333333333332,0.3333333333333333,1,3,0.15948275862068967,0.14439655172413793,3.5122979620520027,2.7449051300070275
2025-02-13,long,2025-02-13 09:53:00-05:00,2025-02-13 09:52:00-05:00,win,1,0.6,25.0,60.0,7.5,15.5,5.166666666666667,1.0,3,3,0.15948275862068967,0.21551724137931033,2.81692573402418,3.3730569948186533
2025-02-14,short,2025-02-14 09:45:00-05:00,2025-02-14 09:43:00-05:00,loss,0,0.7397260273972602,18.25,120.0,11.0,29.0,5.8,0.6,2,5,0.505,0.365,1.1472868217054264,0.7596899224806202
2025-02-14,long,2025-02-14 09:56:00-05:00,2025-02-14 09:56:00-05:00,loss,0,0.7373737373737373,24.75,0.0,0.25,0.25,0.25,0.0,0,1,0.4675925925925926,0.4583333333333333,0.6287978863936592,1.2206076618229855
2025-02-14,long,2025-02-14 10:21:00-05:00,2025-02-14 10:20:00-05:00,loss,0,0.4716981132075472,39.75,60.0,0.25,12.5,4.166666666666667,1.0,3,3,0.3506944444444444,0.5520833333333334,1.5934959349593496,2.6178861788617884
2025-02-14,long,2025-02-14 10:49:00-05:00,2025-02-14 10:42:00-05:00,win,1,0.4978723404255319,58.75,420.0,5.25,47.5,3.1666666666666665,0.8,6,15,0.3506944444444444,0.8159722222222222,2.301038062283737,3.342560553633218
2025-02-17,short,2025-02-17 09:35:00-05:00,2025-02-17 09:34:00-05:00,win,1,0.9791666666666666,12.0,60.0,6.25,13.0,4.333333333333333,0.6666666666666666,2,3,0.41216216216216217,0.32432432432432434,0.5581395348837209,1.73421926910299
2025-02-17,long,2025-02-17 11:50:00-05:00,2025-02-17 11:37:00-05:00,loss,0,0.4935064935064935,19.25,780.0,0.0,21.0,0.7777777777777778,0.4074074074074074,4,27,0.25311203319502074,0.31950207468879666,3.0056497175141246,3.2429378531073447
2025-02-19,short,2025-02-19 09:43:00-05:00,2025-02-19 09:42:00-05:00,win,1,0.7714285714285715,17.5,60.0,5.75,6.75,2.25,0.6666666666666666,1,3,0.36923076923076925,0.358974358974359,0.4646017699115044,1.176991150442478
2025-02-19,short,2025-02-19 10:52:00-05:00,2025-02-19 10:51:00-05:00,win,1,0.4651162790697674,21.5,60.0,2.75,7.25,2.4166666666666665,1.0,3,3,0.17391304347826086,0.20772946859903382,8.063116370808679,8.14595660749507
2025-02-19,long,2025-02-19 11:15:00-05:00,2025-02-19 11:14:00-05:00,win,1,0.56,18.75,60.0,0.75,3.25,1.0833333333333333,0.6666666666666666,2,3,0.1702127659574468,0.1773049645390071,0.8676716917922948,1.3132328308207704
2025-02-21,short,2025-02-21 09:37:00-05:00,2025-02-21 09:36:00-05:00,win,1,0.7,42.5,60.0,25.0,48.75,16.25,1.0,3,3,0.4084967320261438,0.5555555555555556,0.35476718403547675,1.605321507760532
2025-02-24,short,2025-02-24 09:40:00-05:00,2025-02-24 09:39:00-05:00,win,1,0.9029850746268656,33.5,60.0,4.75,18.0,6.0,0.6666666666666666,2,3,0.25,0.32211538461538464,0.35325602140945583,1.344335414808207
2025-02-25,short,2025-02-25 09:41:00-05:00,2025-02-25 09:40:00-05:00,win,1,0.698744769874477,59.75,60.0,12.75,46.25,15.416666666666666,1.0,3,3,0.32646048109965636,0.8213058419243986,0.1676190476190476,1.3714285714285714
2025-02-26,long,2025-02-26 09:44:00-05:00,2025-02-26 09:43:00-05:00,win,1,0.45625,80.0,60.0,2.25,22.75,7.583333333333333,0.3333333333333333,1,3,0.5539358600583091,0.9329446064139941,1.510204081632653,1.1020408163265305
2025-02-28,long,2025-02-28 09:49:00-05:00,2025-02-28 09:48:00-05:00,loss,0,0.6267123287671232,73.0,60.0,9.75,53.75,17.916666666666668,0.3333333333333333,1,3,0.25609756097560976,0.3956639566395664,0.805993690851735,1.0764984227129337
2025-02-28,long,2025-02-28 10:05:00-05:00,2025-02-28 10:04:00-05:00,win,1,0.5231143552311436,102.75,60.0,34.0,67.25,22.416666666666668,0.6666666666666666,2,3,0.24076433121019108,0.5235668789808917,2.06875,1.5125
2025-03-03,long,2025-03-03 09:37:00-05:00,2025-03-03 09:37:00-05:00,loss,0,0.4833333333333333,90.0,0.0,15.75,15.75,15.75,0.0,0,1,0.3887468030690537,0.9207161125319693,1.614262560777958,1.5494327390599676
2025-03-04,short,2025-03-04 09:53:00-05:00,2025-03-04 09:53:00-05:00,win,1,0.5555555555555556,60.75,0.0,19.25,19.25,19.25,1.0,1,1,0.22886297376093295,0.35422740524781343,0.40277296360485265,0.9608318890814558
2025-03-05,long,2025-03-05 09:46:00-05:00,2025-03-05 09:46:00-05:00,loss,0,0.5147058823529411,51.0,0.0,10.5,10.5,10.5,0.0,0,1,0.29071803852889666,0.3572679509632224,0.8948587308939323,0.4409448818897638
2025-03-05,long,2025-03-05 10:07:00-05:00,2025-03-05 10:07:00-05:00,win,1,0.6197183098591549,53.25,0.0,42.5,42.5,42.5,1.0,1,1,0.18322295805739514,0.23509933774834438,0.058072750478621565,1.036375239310785
2025-03-05,short,2025-03-05 10:48:00-05:00,2025-03-05 10:47:00-05:00,win,1,0.5968992248062015,64.5,60.0,9.75,31.5,10.5,1.0,3,3,0.18322295805739514,0.2847682119205298,3.7511574074074074,4.1157407407407405
2025-03-06,short,2025-03-06 09:36:00-05:00,2025-03-06 09:35:00-05:00,loss,0,0.6431924882629108,53.25,60.0,24.5,53.0,17.666666666666668,0.6666666666666666,1,3,0.6175637393767706,0.603399433427762,0.1170774647887324,0.8318661971830986
2025-03-06,short,2025-03-06 09:44:00-05:00,2025-03-06 09:43:00-05:00,loss,0,0.706766917293233,66.5,60.0,11.75,52.25,17.416666666666668,1.0,3,3,0.5956284153005464,0.726775956284153,0.47645687645687645,0.881118881118881
2025-03-07,long,2025-03-07 09:39:00-05:00,2025-03-07 09:38:00-05:00,win,1,0.7041884816753927,95.5,60.0,0.5,50.25,16.75,1.0,3,3,0.5183374083129584,0.9339853300733496,0.671462829736211,1.1810551558752997
2025-03-07,short,2025-03-07 10:56:00-05:00,2025-03-07 10:55:00-05:00,win,1,0.4379310344827586,72.5,60.0,1.25,35.5,11.833333333333334,0.6666666666666666,2,3,0.14940098661028894,0.204369274136716,3.101123595505618,3.0730337078651684
2025-03-10,short,2025-03-10 09:37:00-04:00,2025-03-10 09:36:00-04:00,loss,0,0.5017667844522968,70.75,60.0,3.75,30.0,10.0,1.0,3,3,0.2743764172335601,0.6417233560090703,0.7304097771387491,1.5815959741193386
2025-03-11,long,2025-03-11 10:09:00-04:00,2025-03-11 10:08:00-04:00,win,1,0.7670454545454546,44.0,60.0,45.25,62.5,20.833333333333332,0.6666666666666666,2,3,0.14711538461538462,0.16923076923076924,1.5124653739612188,2.822406894429055
2025-03-11,short,2025-03-11 10:59:00-04:00,2025-03-11 10:55:00-04:00,loss,0,0.531810766721044,153.25,240.0,5.0,87.0,9.666666666666666,0.7777777777777778,3,9,0.10983488872936109,0.44005743000717873,1.944041450777202,4.243523316062176
2025-03-11,long,2025-03-11 11:12:00-04:00,2025-03-11 11:11:00-04:00,win,1,0.4067796610169492,44.25,60.0,50.75,64.5,21.5,1.0,3,3,0.10983488872936109,0.12706389088298636,2.7008849557522128,4.057522123893806
2025-03-11,long,2025-03-11 11:29:00-04:00,2025-03-11 11:28:00-04:00,loss,0,0.6515151515151515,49.5,60.0,10.0,37.75,12.583333333333334,0.6666666666666666,2,3,0.10983488872936109,0.14213926776740848,4.4913705583756345,4.65482233502538
2025-03-11,long,2025-03-11 11:39:00-04:00,2025-03-11 11:39:00-04:00,win,1,0.4270462633451957,70.25,0.0,16.25,16.25,16.25,1.0,1,1,0.10983488872936109,0.20172290021536252,4.367688022284122,5.1086350974930355
2025-03-12,short,2025-03-12 09:52:00-04:00,2025-03-12 09:52:00-04:00,win,1,0.5137254901960784,63.75,0.0,30.25,30.25,30.25,0.0,0,1,0.3202846975088968,0.45373665480427045,1.474003466204506,0.8431542461005199
2025-03-12,short,2025-03-12 10:15:00-04:00,2025-03-12 10:15:00-04:00,win,1,0.8513513513513513,37.0,0.0,26.25,26.25,26.25,1.0,1,1,0.22871664548919948,0.1880559085133418,1.030895983522142,2.624098867147271
2025-03-13,short,2025-03-13 09:41:00-04:00,2025-03-13 09:41:00-04:00,win,1,0.5444015444015444,64.75,0.0,3.75,3.75,3.75,0.0,0,1,0.5635838150289018,0.7485549132947977,0.8012232415902141,0.9235474006116208
2025-03-14,long,2025-03-14 10:03:00-04:00,2025-03-14 10:03:00-04:00,win,1,0.9,35.0,0.0,1.5,1.5,1.5,1.0,1,1,0.20179948586118251,0.17994858611825193,3.553784860557769,4.191235059760956
2025-03-14,long,2025-03-14 10:28:00-04:00,2025-03-14 10:28:00-04:00,win,1,0.3807339449541284,54.5,0.0,6.0,6.0,6.0,0.0,0,1,0.20179948586118251,0.2802056555269923,5.429582448690729,5.211606510969569
2025-03-17,short,2025-03-17 11:32:00-04:00,2025-03-17 11:31:00-04:00,win,1,0.3894736842105263,23.75,60.0,4.75,11.5,3.8333333333333335,1.0,3,3,0.1111111111111111,0.1227390180878553,1.5208535402521823,1.6159068865179438
2025-03-19,short,2025-03-19 09:42:00-04:00,2025-03-19 09:41:00-04:00,loss,0,1.037037037037037,33.75,60.0,17.25,38.5,12.833333333333334,1.0,3,3,0.2625,0.3375,0.6037151702786377,2.595975232198142
2025-03-26,long,2025-03-26 09:38:00-04:00,2025-03-26 09:38:00-04:00,win,1,0.6333333333333333,22.5,0.0,3.0,3.0,3.0,1.0,1,1,0.32051282051282054,0.38461538461538464,0.5833333333333334,0.9761904761904762
2025-03-27,short,2025-03-27 09:36:00-04:00,2025-03-27 09:35:00-04:00,win,1,0.584,31.25,60.0,4.5,37.25,12.416666666666666,0.6666666666666666,1,3,0.3779342723004695,0.2934272300469484,0.5927687916270219,1.09895337773549
2025-03-27,long,2025-03-27 10:13:00-04:00,2025-03-27 10:11:00-04:00,win,1,0.4866666666666667,75.0,120.0,10.75,40.75,8.15,0.8,2,5,0.24393939393939393,0.45454545454545453,1.0664819944598338,2.249307479224377
2025-03-28,short,2025-03-28 09:56:00-04:00,2025-03-28 09:55:00-04:00,win,1,0.6688741721854304,37.75,60.0,8.0,16.25,5.416666666666667,1.0,3,3,0.36609336609336607,0.371007371007371,0.38653198653198656,1.5744107744107745
2025-03-31,long,2025-03-31 11:34:00-04:00,2025-03-31 11:32:00-04:00,win,1,0.549645390070922,70.5,120.0,4.0,29.25,5.85,0.6,3,5,0.12975609756097561,0.2751219512195122,1.8631677600749768,2.138706654170572
2025-04-01,short,2025-04-01 09:38:00-04:00,2025-04-01 09:38:00-04:00,loss,0,0.8531468531468531,35.75,0.0,28.0,28.0,28.0,0.0,0,1,0.40897097625329815,0.37730870712401055,0.8577712609970676,0.24413489736070385
2025-04-01,long,2025-04-01 09:44:00-04:00,2025-04-01 09:44:00-04:00,win,1,0.665158371040724,55.25,0.0,6.25,6.25,6.25,1.0,1,1,0.40897097625329815,0.58311345646438,0.8763808521830616,1.3771699105733826
2025-04-01,short,2025-04-01 10:11:00-04:00,2025-04-01 10:11:00-04:00,win,1,0.9147286821705426,32.25,0.0,17.25,17.25,17.25,1.0,1,1,0.24180967238689546,0.20124804992199688,0.2737430167597766,1.186219739292365
2025-04-03,long,2025-04-03 09:38:00-04:00,2025-04-03 09:38:00-04:00,win,1,0.5406360424028268,70.75,0.0,3.75,3.75,3.75,1.0,1,1,0.6027397260273972,0.4845890410958904,0.6314826113483831,1.273947528981086
2025-04-03,long,2025-04-03 09:51:00-04:00,2025-04-03 09:50:00-04:00,loss,0,0.5845824411134903,116.75,60.0,2.5,56.5,18.833333333333332,1.0,3,3,0.5390505359877489,0.7151607963246555,1.380204241948154,1.6551453260015712
2025-04-03,short,2025-04-03 10:09:00-04:00,2025-04-03 10:09:00-04:00,win,1,0.5959183673469388,61.25,0.0,3.75,3.75,3.75,1.0,1,1,0.4808743169398907,0.33469945355191255,0.5337052533705253,0.5141794514179452
2025-04-04,short,2025-04-04 09:36:00-04:00,2025-04-04 09:36:00-04:00,win,1,0.6540697674418605,86.0,0.0,25.0,25.0,25.0,1.0,1,1,0.49039881831610044,0.5081240768094535,0.3346153846153846,0.9461538461538461
2025-04-04,short,2025-04-04 10:06:00-04:00,2025-04-04 10:06:00-04:00,win,1,1.0600858369098711,58.25,0.0,7.75,7.75,7.75,1.0,1,1,0.3405128205128205,0.23897435897435898,1.8907915993537963,2.460743134087237
2025-04-07,short,2025-04-07 09:36:00-04:00,2025-04-07 09:35:00-04:00,win,1,0.8696969696969697,82.5,60.0,19.5,80.5,26.833333333333332,0.6666666666666666,1,3,0.30060422960725075,0.4984894259818731,0.34790612057063963,0.8955361251725724
2025-04-08,short,2025-04-08 11:06:00-04:00,2025-04-08 11:03:00-04:00,win,1,0.4225352112676056,71.0,180.0,20.25,50.75,7.25,0.5714285714285714,4,7,0.13135593220338984,0.24067796610169492,2.3402736466389054,2.839976204640095
2025-04-09,long,2025-04-09 09:36:00-04:00,2025-04-09 09:35:00-04:00,loss,0,0.512087912087912,113.75,60.0,28.5,59.75,19.916666666666668,0.6666666666666666,2,3,0.48059701492537316,0.6791044776119403,1.0249033920137398,1.0459424645770716
2025-04-10,long,2025-04-10 09:35:00-04:00,2025-04-10 09:34:00-04:00,win,1,0.5734597156398105,52.75,60.0,9.25,95.5,31.833333333333332,0.3333333333333333,1,3,0.5538461538461539,0.40576923076923077,0.79842784952274,0.42784952274003374
2025-04-10,short,2025-04-10 09:55:00-04:00,2025-04-10 09:54:00-04:00,win,1,0.7119565217391305,46.0,60.0,18.75,45.75,15.25,1.0,3,3,0.37402597402597404,0.23896103896103896,0.8265524625267666,1.5203426124197001
2025-04-11,short,2025-04-11 09:38:00-04:00,2025-04-11 09:37:00-04:00,loss,0,0.6247334754797441,117.25,60.0,21.25,61.25,20.416666666666668,0.6666666666666666,2,3,0.5227722772277228,0.9287128712871288,0.9931565440547476,0.9277159965782721
2025-04-11,long,2025-04-11 10:58:00-04:00,2025-04-11 10:57:00-04:00,loss,0,0.3636363636363636,121.0,60.0,18.0,32.5,10.833333333333334,0.3333333333333333,1,3,0.1746031746031746,0.3201058201058201,4.7902735562310035,4.091185410334346
2025-04-11,short,2025-04-11 11:11:00-04:00,2025-04-11 11:11:00-04:00,win,1,0.3535620052770448,94.75,0.0,18.75,18.75,18.75,1.0,1,1,0.1746031746031746,0.25066137566137564,2.2505694760820045,2.6195899772209565
2025-04-11,long,2025-04-11 11:43:00-04:00,2025-04-11 11:42:00-04:00,win,1,0.5250836120401338,74.75,60.0,5.5,31.75,10.583333333333334,0.3333333333333333,1,3,0.1746031746031746,0.19775132275132276,3.7070063694267517,4.286624203821656
2025-04-15,long,2025-04-15 09:38:00-04:00,2025-04-15 09:36:00-04:00,win,1,0.5602836879432624,70.5,120.0,4.75,72.75,14.55,0.8,3,5,0.3210702341137124,0.9431438127090301,0.6778523489932886,1.3624161073825503
2025-04-15,short,2025-04-15 10:30:00-04:00,2025-04-15 10:29:00-04:00,loss,0,0.4070796460176991,56.5,60.0,24.0,40.5,13.5,0.3333333333333333,1,3,0.1095890410958904,0.2579908675799087,1.603284356093345,1.0224719101123596
2025-04-15,long,2025-04-15 10:41:00-04:00,2025-04-15 10:41:00-04:00,win,1,0.3571428571428571,66.5,0.0,4.25,4.25,4.25,0.0,0,1,0.1095890410958904,0.3036529680365297,5.210962396430848,5.451880178457617
2025-04-15,long,2025-04-15 10:50:00-04:00,2025-04-15 10:47:00-04:00,forced_close,0,0.5679611650485437,103.0,180.0,21.0,82.5,11.785714285714286,0.5714285714285714,3,7,0.1095890410958904,0.4703196347031963,3.972193614830072,4.404737384140062
2025-04-16,long,2025-04-16 09:36:00-04:00,2025-04-16 09:36:00-04:00,win,1,0.5,48.0,0.0,0.75,0.75,0.75,1.0,1,1,0.7828571428571428,0.5485714285714286,0.6053357865685373,0.4894204231830727
2025-04-16,short,2025-04-16 09:59:00-04:00,2025-04-16 09:59:00-04:00,loss,0,0.7704081632653061,49.0,0.0,7.25,7.25,7.25,1.0,1,1,0.4391025641025641,0.3141025641025641,0.5370843989769821,1.7723785166240411
2025-04-16,short,2025-04-16 10:14:00-04:00,2025-04-16 10:13:00-04:00,loss,0,0.4794520547945205,73.0,60.0,7.25,20.75,6.916666666666667,1.0,3,3,0.40472673559822747,0.43131462333825704,2.479166666666667,2.815705128205128
2025-04-16,long,2025-04-16 10:53:00-04:00,2025-04-16 10:52:00-04:00,loss,0,0.4952830188679245,53.0,60.0,1.0,12.0,4.0,1.0,3,3,0.40472673559822747,0.31314623338257014,2.1029411764705883,2.235294117647059
2025-04-16,long,2025-04-16 11:09:00-04:00,2025-04-16 11:07:00-04:00,win,1,0.5520504731861199,79.25,120.0,0.75,29.5,5.9,1.0,5,5,0.40472673559822747,0.46824224519940916,2.129141886151232,1.8079864061172473
2025-04-17,short,2025-04-17 09:59:00-04:00,2025-04-17 09:55:00-04:00,win,1,0.5141242937853108,132.75,240.0,24.25,75.25,8.36111111111111,0.7777777777777778,6,9,0.24157303370786518,0.9943820224719101,2.8577981651376145,3.251146788990826
2025-04-23,long,2025-04-23 09:42:00-04:00,2025-04-23 09:40:00-04:00,win,1,0.4854700854700854,146.25,120.0,7.25,85.75,17.15,0.6,2,5,0.23469387755102042,0.7461734693877551,1.343008739076155,2.105805243445693
2025-04-23,short,2025-04-23 11:43:00-04:00,2025-04-23 11:42:00-04:00,win,1,0.3810810810810811,92.5,60.0,5.0,25.75,8.583333333333334,1.0,3,3,0.14814814814814814,0.29790660225442833,1.803680981595092,2.8171779141104296
2025-04-24,long,2025-04-24 09:35:00-04:00,2025-04-24 09:34:00-04:00,win,1,0.7621951219512195,41.0,60.0,18.0,34.75,11.583333333333334,0.6666666666666666,2,3,0.612565445026178,0.8586387434554974,0.9276595744680851,0.6297872340425532
2025-04-25,short,2025-04-25 09:50:00-04:00,2025-04-25 09:50:00-04:00,win,1,0.7086614173228346,31.75,0.0,6.75,6.75,6.75,0.0,0,1,0.338785046728972,0.2967289719626168,0.9370444002650762,1.4473161033797215
2025-04-25,long,2025-04-25 10:06:00-04:00,2025-04-25 10:05:00-04:00,win,1,0.3736263736263736,45.5,60.0,17.75,38.0,12.666666666666666,0.6666666666666666,1,3,0.28487229862475444,0.3575638506876228,1.037344398340249,1.053941908713693
2025-04-25,short,2025-04-25 10:27:00-04:00,2025-04-25 10:25:00-04:00,win,1,0.5497630331753555,52.75,120.0,4.25,61.5,12.3,0.6,1,5,0.21354933726067746,0.31075110456553756,1.1276712328767122,1.8180821917808219
2025-04-25,long,2025-04-25 10:54:00-04:00,2025-04-25 10:52:00-04:00,loss,0,0.7894736842105263,38.0,120.0,19.5,50.0,10.0,0.6,2,5,0.2116788321167883,0.22189781021897811,3.41522491349481,3.596885813148789
2025-04-25,long,2025-04-25 11:00:00-04:00,2025-04-25 11:00:00-04:00,win,1,0.5757575757575758,57.75,0.0,13.75,13.75,13.75,0.0,0,1,0.2116788321167883,0.3372262773722628,3.297687861271676,3.004335260115607
2025-04-28,short,2025-04-28 10:31:00-04:00,2025-04-28 10:26:00-04:00,win,1,0.6384976525821596,106.5,300.0,18.25,91.5,8.318181818181818,0.8181818181818182,5,11,0.18972332015810275,0.5612648221343873,0.837696335078534,4.104712041884817
2025-04-30,long,2025-04-30 10:40:00-04:00,2025-04-30 10:39:00-04:00,win,1,0.4221311475409836,61.0,60.0,3.0,30.0,10.0,0.3333333333333333,1,3,0.2730125523012552,0.25523012552301255,1.7644151565074135,1.8220757825370677
2025-05-01,short,2025-05-01 09:35:00-04:00,2025-05-01 09:34:00-04:00,win,1,0.576271186440678,59.0,60.0,9.5,23.75,7.916666666666667,1.0,3,3,0.42258064516129035,0.7612903225806451,0.4261168384879725,1.2302405498281788
2025-05-01,long,2025-05-01 10:33:00-04:00,2025-05-01 10:33:00-04:00,win,1,0.4214876033057851,30.25,0.0,6.5,6.5,6.5,0.0,0,1,0.22241086587436332,0.20543293718166383,1.4867256637168142,0.9137168141592921
2025-05-01,short,2025-05-01 12:00:00-04:00,2025-05-01 12:00:00-04:00,loss,0,0.3945578231292517,36.75,0.0,0.75,0.75,0.75,1.0,1,1,0.1225444340505145,0.13751169317118803,5.169811320754717,5.018867924528302
2025-05-02,long,2025-05-02 09:46:00-04:00,2025-05-02 09:44:00-04:00,loss,0,0.7294117647058823,42.5,120.0,0.5,36.5,7.3,0.6,2,5,0.3423913043478261,0.46195652173913043,0.5986842105263158,0.7460526315789474
2025-05-02,short,2025-05-02 09:57:00-04:00,2025-05-02 09:57:00-04:00,loss,0,0.4976744186046511,53.75,0.0,8.75,8.75,8.75,1.0,1,1,0.2985781990521327,0.509478672985782,1.5691922354414527,1.8847839699436444
2025-05-02,long,2025-05-02 10:06:00-04:00,2025-05-02 10:05:00-04:00,win,1,0.7517241379310344,36.25,60.0,5.75,28.75,9.583333333333334,0.3333333333333333,1,3,0.2630480167014614,0.302713987473904,0.5997322623828648,1.2931726907630523
2025-05-05,long,2025-05-05 09:47:00-04:00,2025-05-05 09:46:00-04:00,loss,0,0.7395833333333334,24.0,60.0,1.25,7.5,2.5,0.6666666666666666,1,3,0.4854014598540146,0.35036496350364965,0.588336192109777,1.032590051457976
2025-05-05,long,2025-05-05 09:55:00-04:00,2025-05-05 09:54:00-04:00,win,1,0.6549295774647887,35.5,60.0,7.5,19.75,6.583333333333333,0.6666666666666666,2,3,0.4360655737704918,0.46557377049180326,1.6019900497512438,1.3582089552238807
2025-05-05,long,2025-05-05 10:39:00-04:00,2025-05-05 10:37:00-04:00,forced_close,0,0.5222772277227723,101.0,120.0,11.0,51.0,10.2,1.0,5,5,0.2644135188866799,0.8031809145129225,1.9870129870129871,4.090909090909091
2025-05-06,short,2025-05-06 09:58:00-04:00,2025-05-06 09:57:00-04:00,win,1,0.4305555555555556,36.0,60.0,8.0,16.0,5.333333333333333,0.6666666666666666,2,3,0.28662420382165604,0.3057324840764331,1.3784246575342465,1.5582191780821917
2025-05-09,long,2025-05-09 10:07:00-04:00,2025-05-09 10:06:00-04:00,loss,0,1.0,35.5,60.0,7.75,28.25,9.416666666666666,1.0,3,3,0.42857142857142855,0.4717607973421927,0.3316168898043254,1.1967044284243047
2025-05-14,short,2025-05-14 09:54:00-04:00,2025-05-14 09:53:00-04:00,loss,0,0.6666666666666666,54.0,60.0,8.5,31.75,10.583333333333334,1.0,3,3,0.22504892367906065,0.4227005870841487,0.38832116788321164,1.5124087591240876
2025-05-14,long,2025-05-14 10:29:00-04:00,2025-05-14 10:29:00-04:00,win,1,0.7258064516129032,15.5,0.0,2.5,2.5,2.5,1.0,1,1,0.2178030303030303,0.11742424242424243,3.7482837528604116,3.9725400457665905
2025-05-14,long,2025-05-14 11:17:00-04:00,2025-05-14 11:16:00-04:00,win,1,0.578125,16.0,60.0,1.25,8.0,2.6666666666666665,0.3333333333333333,1,3,0.2178030303030303,0.12121212121212122,3.868208092485549,4.013872832369942
2025-05-15,long,2025-05-15 10:51:00-04:00,2025-05-15 10:51:00-04:00,win,1,0.4693877551020408,36.75,0.0,5.5,5.5,5.5,1.0,1,1,0.26329113924050634,0.3721518987341772,2.725806451612903,2.5161290322580645
2025-05-16,short,2025-05-16 09:34:00-04:00,2025-05-16 09:33:00-04:00,win,1,0.7647058823529411,21.25,60.0,8.5,18.5,6.166666666666667,0.3333333333333333,1,3,0.7177033492822966,0.40669856459330145,0.6278026905829596,0.6614349775784754
2025-05-16,short,2025-05-16 09:58:00-04:00,2025-05-16 09:57:00-04:00,win,1,0.3963963963963964,27.75,60.0,1.5,11.0,3.6666666666666665,0.6666666666666666,2,3,0.4601226993865031,0.34049079754601225,2.7737226277372264,2.5693430656934306
2025-05-16,short,2025-05-16 10:24:00-04:00,2025-05-16 10:21:00-04:00,win,1,0.5448717948717948,39.0,180.0,5.25,43.75,6.25,0.42857142857142855,1,7,0.4601226993865031,0.4785276073619632,3.72264631043257,3.1348600508905853
2025-05-20,short,2025-05-20 09:59:00-04:00,2025-05-20 09:55:00-04:00,loss,0,0.5833333333333334,78.0,240.0,6.25,44.0,4.888888888888889,0.7777777777777778,6,9,0.282798833819242,0.9096209912536443,1.6946202531645569,2.4920886075949364
2025-05-20,long,2025-05-20 10:46:00-04:00,2025-05-20 10:42:00-04:00,loss,0,1.12,12.5,240.0,1.75,23.5,2.611111111111111,0.5555555555555556,2,9,0.25,0.12886597938144329,0.4425287356321839,1.3275862068965516
2025-05-20,short,2025-05-20 11:07:00-04:00,2025-05-20 11:04:00-04:00,loss,0,0.5114503816793893,32.75,180.0,6.0,26.25,3.75,0.5714285714285714,2,7,0.2493573264781491,0.33676092544987146,4.068692206076618,4.161162483487451
2025-05-20,short,2025-05-20 11:24:00-04:00,2025-05-20 11:20:00-04:00,loss,0,0.4972677595628415,45.75,240.0,6.0,27.25,3.0277777777777777,0.5555555555555556,4,9,0.2493573264781491,0.4704370179948586,6.159010600706713,5.565371024734982
2025-05-22,long,2025-05-22 11:01:00-04:00,2025-05-22 10:58:00-04:00,forced_close,0,0.4549618320610687,163.75,180.0,0.0,73.0,10.428571428571429,0.5714285714285714,3,7,0.10046189376443418,0.75635103926097,4.763705103969754,7.741020793950851
2025-05-27,long,2025-05-27 09:59:00-04:00,2025-05-27 09:58:00-04:00,win,1,1.0555555555555556,9.0,60.0,3.0,8.25,2.75,1.0,3,3,0.38072289156626504,0.08674698795180723,0.01639344262295082,0.819672131147541
2025-05-28,long,2025-05-28 09:39:00-04:00,2025-05-28 09:36:00-04:00,win,1,1.105263157894737,19.0,180.0,13.25,35.5,5.071428571428571,0.7142857142857143,2,7,0.34191176470588236,0.27941176470588236,0.7209612817089452,1.9893190921228303
2025-05-28,short,2025-05-28 09:56:00-04:00,2025-05-28 09:54:00-04:00,win,1,0.5771812080536913,37.25,120.0,2.0,17.75,3.55,0.6,2,5,0.2390745501285347,0.38303341902313626,1.0621707060063224,1.7850368809272916
2025-05-30,long,2025-05-30 10:44:00-04:00,2025-05-30 10:43:00-04:00,loss,0,0.3515625,32.0,60.0,6.75,13.75,4.583333333333333,0.6666666666666666,2,3,0.2321699544764795,0.19423368740515934,1.8803418803418803,0.5982905982905983
2025-05-30,short,2025-05-30 11:02:00-04:00,2025-05-30 11:02:00-04:00,win,1,0.4326923076923077,26.0,0.0,0.25,0.25,0.25,0.0,0,1,0.2321699544764795,0.15781487101669195,8.232394366197184,7.73943661971831
2025-06-02,short,2025-06-02 10:06:00-04:00,2025-06-02 10:05:00-04:00,loss,0,0.5228070175438596,71.25,60.0,8.75,21.75,7.25,0.6666666666666666,2,3,0.203579418344519,0.3187919463087248,1.3942251031231585,1.7242192103712435
2025-06-03,short,2025-06-03 09:35:00-04:00,2025-06-03 09:34:00-04:00,loss,0,0.82,25.0,60.0,9.25,25.0,8.333333333333334,1.0,3,3,0.6428571428571429,0.3246753246753247,0.1283422459893048,0.874331550802139
2025-06-03,short,2025-06-03 09:44:00-04:00,2025-06-03 09:43:00-04:00,loss,0,0.4741784037558685,53.25,60.0,5.25,20.25,6.75,0.6666666666666666,2,3,0.577259475218659,0.6209912536443148,2.2444444444444445,1.6
2025-06-03,long,2025-06-03 10:11:00-04:00,2025-06-03 10:09:00-04:00,win,1,0.4769230769230769,81.25,120.0,0.75,39.25,7.85,0.8,2,5,0.3844660194174757,0.6310679611650486,2.0851063829787235,2.147163120567376
2025-06-04,long,2025-06-04 10:36:00-04:00,2025-06-04 10:35:00-04:00,loss,0,1.1136363636363635,11.0,60.0,5.0,14.25,4.75,0.6666666666666666,2,3,0.1819672131147541,0.07213114754098361,3.605755395683453,3.948201438848921
2025-06-04,short,2025-06-04 10:46:00-04:00,2025-06-04 10:46:00-04:00,loss,0,0.734375,16.0,0.0,4.5,4.5,4.5,1.0,1,1,0.1819672131147541,0.10491803278688525,5.2592592592592595,5.611111111111111
2025-06-04,short,2025-06-04 10:53:00-04:00,2025-06-04 10:52:00-04:00,loss,0,0.7457627118644068,14.75,60.0,10.5,19.5,6.5,0.6666666666666666,2,3,0.1819672131147541,0.09672131147540984,5.440909090909091,4.820454545454545
2025-06-04,long,2025-06-04 11:33:00-04:00,2025-06-04 11:31:00-04:00,loss,0,0.3780487804878049,41.0,120.0,3.5,16.75,3.35,1.0,5,5,0.1819672131147541,0.26885245901639343,2.8046357615894038,4.543046357615894
2025-06-04,long,2025-06-04 11:51:00-04:00,2025-06-04 11:50:00-04:00,forced_close,0,0.4406779661016949,44.25,60.0,3.0,16.0,5.333333333333333,1.0,3,3,0.1819672131147541,0.2901639344262295,2.204724409448819,3.601049868766404
2025-06-05,short,2025-06-05 09:38:00-04:00,2025-06-05 09:35:00-04:00,win,1,0.462882096069869,57.25,180.0,1.25,33.25,4.75,0.5714285714285714,2,7,0.453416149068323,0.7111801242236024,0.9440559440559441,1.3846153846153846
2025-06-05,short,2025-06-05 10:33:00-04:00,2025-06-05 10:30:00-04:00,loss,0,0.5210643015521065,112.75,180.0,2.75,62.25,8.892857142857142,0.8571428571428571,3,7,0.24620573355817876,0.760539629005059,2.830525272547076,6.202180376610506
2025-06-06,short,2025-06-06 09:37:00-04:00,2025-06-06 09:37:00-04:00,loss,0,0.5447761194029851,33.5,0.0,15.5,15.5,15.5,0.0,0,1,0.41626794258373206,0.6411483253588517,1.1950617283950618,0.7901234567901234
2025-06-06,long,2025-06-06 10:00:00-04:00,2025-06-06 09:57:00-04:00,loss,0,0.6115702479338843,60.5,180.0,8.75,54.0,7.714285714285714,0.5714285714285714,3,7,0.22774869109947643,0.6335078534031413,1.7086092715231789,2.847682119205298
2025-06-06,short,2025-06-06 10:32:00-04:00,2025-06-06 10:31:00-04:00,win,1,0.4555555555555555,22.5,60.0,5.5,7.5,2.5,1.0,3,3,0.21804511278195488,0.22556390977443608,0.6498486377396568,1.3703329969727547
2025-06-06,long,2025-06-06 10:40:00-04:00,2025-06-06 10:39:00-04:00,win,1,0.8461538461538461,13.0,60.0,7.25,17.25,5.75,1.0,3,3,0.21804511278195488,0.13032581453634084,2.4508009153318078,3.443935926773455
2025-06-06,short,2025-06-06 11:37:00-04:00,2025-06-06 11:33:00-04:00,loss,0,0.4680851063829787,70.5,240.0,5.5,32.25,3.5833333333333335,0.7777777777777778,4,9,0.16171003717472118,0.5241635687732342,3.139841688654353,3.8601583113456464
2025-06-06,long,2025-06-06 11:59:00-04:00,2025-06-06 11:58:00-04:00,forced_close,0,0.3959731543624161,37.25,60.0,6.0,19.75,6.583333333333333,1.0,3,3,0.16171003717472118,0.27695167286245354,5.5058823529411764,5.694117647058824
2025-06-09,long,2025-06-09 09:57:00-04:00,2025-06-09 09:56:00-04:00,loss,0,0.5131578947368421,19.0,60.0,1.75,5.25,1.75,1.0,3,3,0.34767025089605735,0.2724014336917563,0.45985401459854014,0.340632603406326
2025-06-10,long,2025-06-10 10:01:00-04:00,2025-06-10 09:58:00-04:00,loss,0,0.4859813084112149,53.5,180.0,2.25,30.25,4.321428571428571,0.7142857142857143,2,7,0.3953488372093023,0.7109634551495017,1.5927189988623436,1.7360637087599544
2025-06-10,long,2025-06-10 12:00:00-04:00,2025-06-10 11:58:00-04:00,forced_close,0,1.08,12.5,120.0,2.0,10.5,2.1,1.0,5,5,0.19800332778702162,0.08319467554076539,2.098434004474273,3.413870246085011
2025-06-11,short,2025-06-11 09:42:00-04:00,2025-06-11 09:40:00-04:00,win,1,0.5443786982248521,42.25,120.0,5.5,51.75,10.35,0.4,1,5,0.4092664092664093,0.6525096525096525,1.0080775444264944,1.6066235864297254
2025-06-11,long,2025-06-11 11:16:00-04:00,2025-06-11 11:15:00-04:00,loss,0,1.0,18.25,60.0,2.75,14.75,4.916666666666667,1.0,3,3,0.17462932454695224,0.12026359143327842,1.74235807860262,2.5676855895196504
2025-06-11,long,2025-06-11 11:38:00-04:00,2025-06-11 11:37:00-04:00,loss,0,0.4591836734693877,24.5,60.0,2.5,6.5,2.1666666666666665,1.0,3,3,0.17462932454695224,0.1614497528830313,3.993288590604027,3.946308724832215
2025-06-11,short,2025-06-11 11:56:00-04:00,2025-06-11 11:55:00-04:00,forced_close,0,0.4010695187165775,46.75,60.0,3.75,18.25,6.083333333333333,1.0,3,3,0.17462932454695224,0.30807248764415157,6.781869688385269,6.603399433427762
2025-06-12,long,2025-06-12 09:44:00-04:00,2025-06-12 09:42:00-04:00,loss,0,0.8235294117647058,21.25,120.0,2.0,12.75,2.55,0.4,2,5,0.7018181818181818,0.3090909090909091,0.5321266968325792,1.0389140271493214
2025-06-12,long,2025-06-12 10:01:00-04:00,2025-06-12 09:59:00-04:00,loss,0,0.5985401459854015,34.25,120.0,2.75,17.0,3.4,0.6,2,5,0.6348684210526315,0.4506578947368421,1.8339181286549708,1.817543859649123
2025-06-12,long,2025-06-12 10:07:00-04:00,2025-06-12 10:06:00-04:00,win,1,0.4598540145985401,34.25,60.0,32.5,42.5,14.166666666666666,1.0,3,3,0.5545977011494253,0.3936781609195402,0.4315992292870906,2.090558766859345
2025-06-13,short,2025-06-13 10:23:00-04:00,2025-06-13 10:22:00-04:00,loss,0,0.4343434343434343,24.75,60.0,8.0,15.5,5.166666666666667,0.6666666666666666,2,3,0.3841166936790924,0.16045380875202594,1.0826010544815465,1.0579964850615113
2025-06-13,long,2025-06-13 10:55:00-04:00,2025-06-13 10:50:00-04:00,win,1,0.98,62.5,300.0,8.0,67.5,6.136363636363637,0.8181818181818182,8,11,0.33146853146853145,0.34965034965034963,2.415245737211635,4.1283851554663995
2025-06-16,long,2025-06-16 09:39:00-04:00,2025-06-16 09:36:00-04:00,win,1,0.5721649484536082,48.5,180.0,6.0,29.5,4.214285714285714,0.7142857142857143,3,7,0.5880597014925373,0.5791044776119403,0.6389776357827476,1.4696485623003195
2025-06-17,short,2025-06-17 09:51:00-04:00,2025-06-17 09:49:00-04:00,loss,0,0.4545454545454545,44.0,120.0,16.5,27.5,5.5,0.6,2,5,0.5684523809523809,0.5238095238095238,2.261758691206544,1.7034764826175868
2025-06-17,long,2025-06-17 10:21:00-04:00,2025-06-17 10:20:00-04:00,loss,0,0.4628099173553719,30.25,60.0,9.25,14.75,4.916666666666667,0.6666666666666666,2,3,0.45368171021377673,0.28741092636579574,2.4819277108433737,2.674698795180723
2025-06-17,long,2025-06-17 10:48:00-04:00,2025-06-17 10:43:00-04:00,forced_close,0,0.5234042553191489,58.75,300.0,2.0,39.75,3.6136363636363638,0.5454545454545454,3,11,0.45368171021377673,0.5581947743467933,2.693939393939394,2.3545454545454545
2025-06-18,long,2025-06-18 10:03:00-04:00,2025-06-18 10:03:00-04:00,win,1,0.5617977528089888,44.5,0.0,5.5,5.5,5.5,1.0,1,1,0.3308457711442786,0.4427860696517413,1.0755885997521684,2.1858736059479553
2025-06-23,long,2025-06-23 09:47:00-04:00,2025-06-23 09:46:00-04:00,win,1,0.8719512195121951,41.0,60.0,7.75,30.75,10.25,0.6666666666666666,2,3,0.23183391003460208,0.2837370242214533,0.41509433962264153,1.1886792452830188
2025-06-24,long,2025-06-24 10:12:00-04:00,2025-06-24 10:11:00-04:00,win,1,0.8444444444444444,11.25,60.0,3.75,15.0,5.0,0.6666666666666666,2,3,0.26621160409556316,0.15358361774744028,2.300751879699248,2.691729323308271
2025-06-25,long,2025-06-25 09:43:00-04:00,2025-06-25 09:42:00-04:00,loss,0,0.6027397260273972,18.25,60.0,4.0,11.5,3.8333333333333335,1.0,3,3,0.6622807017543859,0.3201754385964912,0.28118393234672306,1.1395348837209303
2025-06-25,long,2025-06-25 10:06:00-04:00,2025-06-25 10:05:00-04:00,loss,0,0.4655172413793103,43.5,60.0,4.5,11.5,3.8333333333333335,0.6666666666666666,2,3,0.604,0.696,3.232267037552156,1.5771905424200279
2025-06-25,short,2025-06-25 10:19:00-04:00,2025-06-25 10:18:00-04:00,loss,0,0.6171875,32.0,60.0,0.75,13.0,4.333333333333333,0.3333333333333333,1,3,0.4603658536585366,0.3902439024390244,0.8833333333333333,1.6
2025-06-25,short,2025-06-25 10:49:00-04:00,2025-06-25 10:46:00-04:00,win,1,0.4806866952789699,58.25,180.0,3.5,37.75,5.392857142857143,0.8571428571428571,5,7,0.4415204678362573,0.6812865497076024,2.502906976744186,2.238372093023256
2025-06-26,long,2025-06-26 10:25:00-04:00,2025-06-26 10:24:00-04:00,win,1,0.8088235294117647,17.0,60.0,4.5,8.75,2.9166666666666665,0.6666666666666666,2,3,0.23940149625935161,0.16957605985037408,0.9462738301559792,0.9705372616984402
2025-06-27,long,2025-06-27 09:43:00-04:00,2025-06-27 09:41:00-04:00,win,1,0.6724137931034483,29.0,120.0,1.25,17.25,3.45,0.8,3,5,0.39344262295081966,0.47540983606557374,0.453027139874739,1.534446764091858
2025-06-30,short,2025-06-30 10:36:00-04:00,2025-06-30 10:13:00-04:00,loss,0,0.5084745762711864,59.0,1380.0,0.5,146.5,3.117021276595745,0.574468085106383,7,47,0.3105590062111801,0.7329192546583851,2.6486486486486487,5.25
2025-07-01,long,2025-07-01 09:54:00-04:00,2025-07-01 09:54:00-04:00,loss,0,0.7941176470588235,17.0,0.0,2.5,2.5,2.5,0.0,0,1,0.5067873303167421,0.3076923076923077,0.4117647058823529,0.9436274509803921
2025-07-01,short,2025-07-01 10:25:00-04:00,2025-07-01 10:25:00-04:00,win,1,0.3763440860215054,23.25,0.0,1.0,1.0,1.0,1.0,1,1,0.3957597173144876,0.3286219081272085,0.9368029739776951,1.3184634448574968
2025-07-02,long,2025-07-02 09:36:00-04:00,2025-07-02 09:36:00-04:00,win,1,0.6416666666666667,30.0,0.0,5.0,5.0,5.0,1.0,1,1,0.40860215053763443,0.6451612903225806,0.5672609400324149,1.1231766612641816
2025-07-03,long,2025-07-03 09:36:00-04:00,2025-07-03 09:35:00-04:00,loss,0,0.6880733944954128,27.25,60.0,1.75,15.75,5.25,1.0,3,3,0.7422222222222222,0.48444444444444446,0.3351749539594844,0.7476979742173112
2025-07-03,long,2025-07-03 09:45:00-04:00,2025-07-03 09:43:00-04:00,win,1,0.5251141552511416,54.75,120.0,3.75,19.25,3.85,1.0,5,5,0.7422222222222222,0.9733333333333334,1.7412935323383083,1.0099502487562189
2025-07-04,long,2025-07-04 09:54:00-04:00,2025-07-04 09:51:00-04:00,loss,0,1.0,15.5,180.0,1.0,8.75,1.25,0.8571428571428571,6,7,0.2786885245901639,0.33879781420765026,0.6950354609929078,1.6217494089834514
2025-07-04,long,2025-07-04 11:31:00-04:00,2025-07-04 11:20:00-04:00,forced_close,0,0.6428571428571429,35.0,660.0,0.25,44.25,1.923913043478261,0.6086956521739131,2,23,0.21794871794871795,0.5982905982905983,2.5815602836879434,4.964539007092199
2025-07-07,short,2025-07-07 10:33:00-04:00,2025-07-07 10:27:00-04:00,forced_close,0,0.5934959349593496,61.5,360.0,1.0,46.0,3.5384615384615383,0.6923076923076923,8,13,0.4340836012861736,0.7909967845659164,2.6466431095406358,4.106007067137809
2025-07-09,short,2025-07-09 11:39:00-04:00,2025-07-09 11:28:00-04:00,forced_close,0,0.4652777777777778,72.0,660.0,12.75,96.25,4.184782608695652,0.6086956521739131,4,23,0.138996138996139,0.37065637065637064,4.325722983257229,5.178082191780821
2025-07-11,long,2025-07-11 10:02:00-04:00,2025-07-11 10:02:00-04:00,loss,0,0.6774193548387096,15.5,0.0,4.75,4.75,4.75,0.0,0,1,0.45560747663551404,0.14485981308411214,0.90633608815427,0.90633608815427
2025-07-11,long,2025-07-11 11:28:00-04:00,2025-07-11 11:26:00-04:00,win,1,0.3618421052631579,38.0,120.0,3.0,13.75,2.75,0.4,2,5,0.3373702422145329,0.2629757785467128,4.815533980582524,3.825242718446602
2025-07-14,long,2025-07-14 10:21:00-04:00,2025-07-14 10:20:00-04:00,win,1,1.0476190476190477,10.5,60.0,12.0,17.5,5.833333333333333,0.6666666666666666,2,3,0.18900343642611683,0.07216494845360824,0.6371681415929203,2.0
2025-07-14,long,2025-07-14 10:49:00-04:00,2025-07-14 10:48:00-04:00,win,1,0.4736842105263157,19.0,60.0,1.25,11.0,3.6666666666666665,0.3333333333333333,1,3,0.18900343642611683,0.13058419243986255,2.7157190635451505,2.6454849498327757
2025-07-15,short,2025-07-15 10:39:00-04:00,2025-07-15 10:16:00-04:00,win,1,0.4794952681388013,79.25,1380.0,3.5,220.5,4.691489361702128,0.46808510638297873,3,47,0.26506024096385544,0.763855421686747,2.732572877059569,5.41191381495564
2025-07-17,short,2025-07-17 09:37:00-04:00,2025-07-17 09:36:00-04:00,loss,0,0.7410714285714286,28.0,60.0,0.5,18.0,6.0,1.0,3,3,0.4835680751173709,0.5258215962441315,0.3023255813953488,1.2790697674418605
2025-07-17,long,2025-07-17 09:47:00-04:00,2025-07-17 09:44:00-04:00,win,1,0.8867924528301887,13.25,180.0,5.75,16.5,2.357142857142857,0.5714285714285714,2,7,0.39015151515151514,0.20075757575757575,0.7057444314185228,0.8370457209847596
2025-07-18,short,2025-07-18 09:45:00-04:00,2025-07-18 09:42:00-04:00,loss,0,0.5360824742268041,24.25,180.0,4.75,15.75,2.25,0.42857142857142855,2,7,0.6635071090047393,0.4597156398104265,1.0742138364779874,0.7924528301886793
2025-07-18,short,2025-07-18 09:53:00-04:00,2025-07-18 09:49:00-04:00,win,1,0.8950617283950617,40.5,240.0,4.75,47.25,5.25,0.6666666666666666,2,9,0.5957446808510638,0.6893617021276596,1.0796915167095116,1.2416452442159382
2025-07-23,short,2025-07-23 09:42:00-04:00,2025-07-23 09:36:00-04:00,win,1,0.518348623853211,54.5,360.0,0.0,62.75,4.826923076923077,0.46153846153846156,2,13,0.5015384615384615,0.6707692307692308,1.3099808061420344,2.021113243761996
2025-07-24,short,2025-07-24 09:36:00-04:00,2025-07-24 09:36:00-04:00,win,1,0.4776119402985074,33.5,0.0,10.75,10.75,10.75,1.0,1,1,0.6452991452991453,0.5726495726495726,0.24347826086956523,0.8420289855072464
2025-07-24,short,2025-07-24 10:01:00-04:00,2025-07-24 09:59:00-04:00,win,1,0.7377049180327869,30.5,120.0,6.75,26.75,5.35,0.6,3,5,0.5613382899628253,0.45353159851301117,1.7948717948717947,2.2535612535612533
2025-07-28,long,2025-07-28 09:42:00-04:00,2025-07-28 09:41:00-04:00,win,1,0.5367647058823529,34.0,60.0,0.25,14.0,4.666666666666667,0.3333333333333333,1,3,0.7588235294117647,0.8,0.9462486002239642,0.5968645016797313
2025-07-29,short,2025-07-29 10:02:00-04:00,2025-07-29 09:58:00-04:00,win,1,0.5238095238095238,42.0,240.0,2.25,25.0,2.7777777777777777,0.4444444444444444,2,9,0.3142857142857143,0.43636363636363634,1.0049164208456245,2.0235988200589974
2025-07-30,long,2025-07-30 09:41:00-04:00,2025-07-30 09:39:00-04:00,loss,0,0.7946428571428571,28.0,120.0,4.75,22.25,4.45,0.8,4,5,0.4369747899159664,0.47058823529411764,0.48510638297872344,0.9446808510638298
2025-07-30,long,2025-07-30 10:06:00-04:00,2025-07-30 10:02:00-04:00,win,1,0.4674556213017751,42.25,240.0,3.75,33.0,3.6666666666666665,0.5555555555555556,2,9,0.34098360655737703,0.5540983606557377,2.910688140556369,2.890190336749634
2025-07-31,short,2025-07-31 10:12:00-04:00,2025-07-31 09:59:00-04:00,win,1,0.4961240310077519,96.75,780.0,2.0,148.25,5.4907407407407405,0.4444444444444444,3,27,0.3836805555555556,0.671875,2.750775594622544,5.139607032057911
2025-08-05,long,2025-08-05 09:41:00-04:00,2025-08-05 09:40:00-04:00,win,1,0.6428571428571429,17.5,60.0,2.25,11.25,3.75,0.6666666666666666,2,3,0.8851063829787233,0.2978723404255319,0.19148936170212766,0.2127659574468085
2025-08-05,long,2025-08-05 10:07:00-04:00,2025-08-05 10:07:00-04:00,loss,0,0.6162162162162163,46.25,0.0,0.25,0.25,0.25,0.0,0,1,0.5546666666666666,0.49333333333333335,2.47953216374269,1.871345029239766
2025-08-05,short,2025-08-05 10:21:00-04:00,2025-08-05 10:20:00-04:00,win,1,0.7866666666666666,18.75,60.0,2.25,16.0,5.333333333333333,1.0,3,3,0.4781609195402299,0.1724137931034483,0.35555555555555557,0.9925925925925926
2025-08-06,long,2025-08-06 09:54:00-04:00,2025-08-06 09:53:00-04:00,loss,0,0.7878787878787878,66.0,60.0,3.5,28.25,9.416666666666666,0.6666666666666666,2,3,0.30238726790450926,0.7002652519893899,0.5903614457831325,2.5617469879518073
2025-08-06,long,2025-08-06 10:32:00-04:00,2025-08-06 10:28:00-04:00,win,1,0.4722222222222222,72.0,240.0,2.0,82.0,9.11111111111111,0.7777777777777778,4,9,0.20917431192660552,0.5284403669724771,4.1117117117117115,5.183783783783784
2025-08-07,long,2025-08-07 10:15:00-04:00,2025-08-07 10:14:00-04:00,loss,0,0.7164179104477612,16.75,60.0,2.75,3.75,1.25,0.6666666666666666,2,3,0.20638820638820637,0.16461916461916462,2.6155038759689924,2.9085271317829458
2025-08-07,short,2025-08-07 10:47:00-04:00,2025-08-07 10:46:00-04:00,win,1,0.6308411214953271,53.5,60.0,2.5,38.0,12.666666666666666,0.6666666666666666,1,3,0.16030534351145037,0.4083969465648855,0.9645669291338583,2.3700787401574805
2025-08-08,long,2025-08-08 09:40:00-04:00,2025-08-08 09:39:00-04:00,win,1,0.9433962264150944,13.25,60.0,4.0,13.75,4.583333333333333,0.6666666666666666,2,3,0.5348837209302325,0.24651162790697675,0.5521235521235521,0.7644787644787644
2025-08-11,long,2025-08-11 09:48:00-04:00,2025-08-11 09:47:00-04:00,loss,0,0.4673913043478261,23.0,60.0,6.0,12.75,4.25,0.3333333333333333,1,3,0.2782608695652174,0.4,1.232810615199035,0.5235223160434258
2025-08-11,long,2025-08-11 10:51:00-04:00,2025-08-11 10:49:00-04:00,loss,0,0.5522388059701493,50.25,120.0,0.25,30.25,6.05,0.8,3,5,0.18497109826589594,0.5809248554913294,1.7829232995658466,2.978292329956585
2025-08-11,long,2025-08-11 11:16:00-04:00,2025-08-11 11:10:00-04:00,forced_close,0,0.6161616161616161,49.5,360.0,3.75,36.75,2.826923076923077,0.6923076923076923,4,13,0.18497109826589594,0.5722543352601156,2.236111111111111,3.5729166666666665
2025-08-12,short,2025-08-12 09:58:00-04:00,2025-08-12 09:56:00-04:00,loss,0,0.9393939393939394,57.75,120.0,8.0,54.75,10.95,1.0,5,5,0.18269230769230768,0.3701923076923077,0.35992089650626236,2.5655899802241264
2025-08-12,long,2025-08-12 10:28:00-04:00,2025-08-12 10:26:00-04:00,loss,0,0.8586956521739131,23.0,120.0,0.25,17.25,3.45,0.8,4,5,0.15281501340482573,0.12332439678284182,3.140331491712707,3.5889502762430943
2025-08-12,long,2025-08-12 10:57:00-04:00,2025-08-12 10:56:00-04:00,win,1,0.3684210526315789,38.0,60.0,3.75,14.0,4.666666666666667,0.6666666666666666,1,3,0.15281501340482573,0.2037533512064343,3.3003802281368824,4.11660329531052
2025-08-13,long,2025-08-13 09:39:00-04:00,2025-08-13 09:38:00-04:00,loss,0,0.7474747474747475,24.75,60.0,11.75,22.0,7.333333333333333,0.3333333333333333,1,3,0.484472049689441,0.6149068322981367,1.1346444780635403,1.2102874432677762
2025-08-13,long,2025-08-13 09:54:00-04:00,2025-08-13 09:52:00-04:00,loss,0,0.75,19.0,120.0,2.5,17.5,3.5,0.2,1,5,0.4588235294117647,0.4470588235294118,1.1779310344827587,1.5448275862068965
2025-08-13,short,2025-08-13 10:00:00-04:00,2025-08-13 09:58:00-04:00,win,1,0.5462962962962963,27.0,120.0,8.75,28.25,5.65,0.6,1,5,0.2708333333333333,0.375,0.7000000000000001,1.9361702127659575
2025-08-14,long,2025-08-14 11:51:00-04:00,2025-08-14 11:28:00-04:00,forced_close,0,0.4535901926444833,142.75,1380.0,3.5,266.25,5.664893617021277,0.6170212765957447,5,47,0.1704718417047184,0.8691019786910198,5.815384615384616,10.31888111888112
2025-08-15,short,2025-08-15 09:34:00-04:00,2025-08-15 09:33:00-04:00,win,1,0.6133333333333333,37.5,60.0,1.5,4.75,1.5833333333333333,0.6666666666666666,2,3,0.831275720164609,0.6172839506172839,0.5113636363636364,0.3327922077922078
2025-08-15,short,2025-08-15 10:46:00-04:00,2025-08-15 10:16:00-04:00,win,1,0.5650319829424307,117.25,1800.0,0.5,321.75,5.274590163934426,0.5409836065573771,3,61,0.3488773747841105,0.8100172711571675,3.4706586826347303,6.320958083832335
2025-08-18,long,2025-08-18 09:40:00-04:00,2025-08-18 09:39:00-04:00,loss,0,0.5983606557377049,30.5,60.0,8.25,27.5,9.166666666666666,0.3333333333333333,1,3,0.7277227722772277,0.6039603960396039,1.0870588235294119,0.711764705882353
2025-08-18,long,2025-08-18 09:48:00-04:00,2025-08-18 09:43:00-04:00,loss,0,0.4607329842931937,47.75,300.0,8.75,45.75,4.159090909090909,0.6363636363636364,2,11,0.7277227722772277,0.9455445544554455,1.0387596899224807,0.8527131782945736
2025-08-18,short,2025-08-18 09:57:00-04:00,2025-08-18 09:56:00-04:00,win,1,0.4257425742574257,25.25,60.0,2.5,9.75,3.25,0.3333333333333333,1,3,0.4966216216216216,0.34121621621621623,1.1395348837209303,1.5302325581395348
2025-08-18,short,2025-08-18 10:09:00-04:00,2025-08-18 10:08:00-04:00,loss,0,0.5026455026455027,47.25,60.0,3.25,22.0,7.333333333333333,0.6666666666666666,2,3,0.44144144144144143,0.5675675675675675,2.7001321003963015,2.4227212681638046
2025-08-18,short,2025-08-18 10:43:00-04:00,2025-08-18 10:42:00-04:00,win,1,0.8363636363636363,13.75,60.0,1.25,9.5,3.1666666666666665,1.0,3,3,0.4106145251396648,0.15363128491620112,2.287443267776097,2.7745839636913767
2025-08-18,short,2025-08-18 10:57:00-04:00,2025-08-18 10:56:00-04:00,loss,0,0.5757575757575758,16.5,60.0,9.75,17.25,5.75,0.6666666666666666,2,3,0.3475177304964539,0.15602836879432624,4.532786885245902,3.748633879781421
2025-08-18,short,2025-08-18 11:04:00-04:00,2025-08-18 11:01:00-04:00,win,1,0.4615384615384615,22.75,180.0,2.5,21.5,3.0714285714285716,0.5714285714285714,3,7,0.3475177304964539,0.21513002364066194,5.719360568383659,4.873889875666075
2025-08-20,short,2025-08-20 09:35:00-04:00,2025-08-20 09:35:00-04:00,win,1,0.7682926829268293,41.0,0.0,12.75,12.75,12.75,0.0,0,1,0.6964285714285714,0.5857142857142857,0.7295081967213115,0.6967213114754098
2025-08-21,long,2025-08-21 09:36:00-04:00,2025-08-21 09:36:00-04:00,loss,0,0.7461928934010152,49.25,0.0,14.25,14.25,14.25,0.0,0,1,0.9155405405405406,0.6655405405405406,0.6980961015412511,0.15865820489573887
2025-08-21,long,2025-08-21 10:09:00-04:00,2025-08-21 10:08:00-04:00,win,1,0.5,28.5,60.0,3.25,20.75,6.916666666666667,0.6666666666666666,1,3,0.5009242144177449,0.21072088724584104,0.5348314606741573,0.9752808988764045
2025-08-21,long,2025-08-21 10:43:00-04:00,2025-08-21 10:42:00-04:00,win,1,0.5590062111801242,40.25,60.0,8.25,25.75,8.583333333333334,0.6666666666666666,2,3,0.35103626943005184,0.20854922279792745,5.105882352941176,4.851336898395721
2025-08-21,long,2025-08-21 11:29:00-04:00,2025-08-21 11:16:00-04:00,loss,0,0.6158357771260997,85.25,780.0,0.25,176.75,6.546296296296297,0.4444444444444444,4,27,0.35103626943005184,0.4417098445595855,5.182089552238805,4.513432835820895
2025-08-22,long,2025-08-22 09:40:00-04:00,2025-08-22 09:39:00-04:00,win,1,0.6881720430107527,23.25,60.0,2.25,14.25,4.75,1.0,3,3,0.7189189189189189,0.25135135135135134,0.644106463878327,0.8448669201520912
2025-08-22,long,2025-08-22 10:00:00-04:00,2025-08-22 09:59:00-04:00,win,1,0.5738636363636364,44.0,60.0,137.75,154.5,51.5,0.6666666666666666,1,3,0.25552353506243997,0.1690682036503362,1.763018065887354,5.742826780021255
2025-08-25,short,2025-08-25 09:41:00-04:00,2025-08-25 09:39:00-04:00,loss,0,0.4943820224719101,66.75,120.0,16.75,45.5,9.1,0.8,4,5,0.3129251700680272,0.9081632653061225,2.180841539838854,2.170098478066249
2025-08-25,long,2025-08-25 10:02:00-04:00,2025-08-25 10:02:00-04:00,win,1,0.4233576642335766,34.25,0.0,0.25,0.25,0.25,0.0,0,1,0.24533333333333332,0.36533333333333334,1.1571428571428573,1.1571428571428573
2025-08-26,long,2025-08-26 10:00:00-04:00,2025-08-26 09:57:00-04:00,win,1,0.4893617021276595,23.5,180.0,7.5,37.0,5.285714285714286,0.7142857142857143,3,7,0.25340599455040874,0.2561307901907357,0.8860759493670886,1.4683544303797469
2025-08-28,long,2025-08-28 09:40:00-04:00,2025-08-28 09:38:00-04:00,loss,0,0.6175298804780877,62.75,120.0,0.75,32.5,6.5,0.8,3,5,0.6776315789473685,0.5504385964912281,0.7558479532163743,1.1820175438596492
2025-08-28,short,2025-08-28 09:54:00-04:00,2025-08-28 09:53:00-04:00,loss,0,0.76,37.5,60.0,20.0,39.25,13.083333333333334,0.6666666666666666,2,3,0.5099009900990099,0.24752475247524752,0.9494348602022605,1.2492563950029745
2025-08-28,short,2025-08-28 10:20:00-04:00,2025-08-28 10:09:00-04:00,loss,0,0.4792899408284023,84.5,660.0,12.0,145.0,6.304347826086956,0.6086956521739131,3,23,0.45241581259150804,0.49487554904831627,3.907578558225508,2.9371534195933453
2025-08-28,long,2025-08-28 10:51:00-04:00,2025-08-28 10:50:00-04:00,loss,0,0.6,17.5,60.0,0.25,7.5,2.5,0.6666666666666666,1,3,0.45241581259150804,0.10248901903367497,2.0991325898389093,2.550185873605948
2025-08-28,long,2025-08-28 11:09:00-04:00,2025-08-28 11:06:00-04:00,win,1,0.4411764705882353,34.0,180.0,3.5,30.25,4.321428571428571,0.5714285714285714,1,7,0.45241581259150804,0.19912152269399708,2.990791896869245,3.790055248618785
2025-08-28,long,2025-08-28 11:31:00-04:00,2025-08-28 11:30:00-04:00,forced_close,0,0.4061302681992337,65.25,60.0,4.25,22.75,7.583333333333333,1.0,3,3,0.4250343878954608,0.35900962861072905,4.10831234256927,3.367758186397985
2025-09-01,long,2025-09-01 09:49:00-04:00,2025-09-01 09:48:00-04:00,win,1,0.8372093023255814,10.75,60.0,1.75,6.25,2.0833333333333335,1.0,3,3,0.4127906976744186,0.25,0.3804347826086957,1.3695652173913044
2025-09-02,short,2025-09-02 11:57:00-04:00,2025-09-02 11:57:00-04:00,loss,0,0.536,31.25,0.0,6.5,6.5,6.5,1.0,1,1,0.20568070519098922,0.12242899118511263,0.84,2.0676923076923077
2025-09-03,long,2025-09-03 10:11:00-04:00,2025-09-03 10:10:00-04:00,loss,0,0.6016260162601627,30.75,60.0,0.25,15.5,5.166666666666667,0.6666666666666666,2,3,0.30684931506849317,0.336986301369863,0.5861513687600645,1.0370370370370372
2025-09-03,long,2025-09-03 10:23:00-04:00,2025-09-03 10:22:00-04:00,win,1,0.8333333333333334,21.0,60.0,1.0,6.5,2.1666666666666665,0.6666666666666666,2,3,0.30684931506849317,0.23013698630136986,0.6993006993006993,1.2867132867132867
2025-09-03,long,2025-09-03 11:42:00-04:00,2025-09-03 11:41:00-04:00,loss,0,0.5662650602409639,20.75,60.0,0.5,10.75,3.5833333333333335,1.0,3,3,0.1792,0.1328,6.685714285714286,6.704761904761905
2025-09-04,long,2025-09-04 09:48:00-04:00,2025-09-04 09:43:00-04:00,loss,0,0.5488505747126436,87.0,300.0,17.5,81.5,7.409090909090909,0.7272727272727273,4,11,0.32967032967032966,0.9560439560439561,2.366344005956813,2.543559195830231
2025-09-04,short,2025-09-04 10:14:00-04:00,2025-09-04 10:13:00-04:00,win,1,0.4846938775510204,49.0,60.0,0.25,19.5,6.5,0.6666666666666666,2,3,0.23715415019762845,0.38735177865612647,1.353515625,1.94140625
2025-09-04,long,2025-09-04 10:29:00-04:00,2025-09-04 10:28:00-04:00,win,1,0.5354330708661418,31.75,60.0,0.0,10.5,3.5,0.6666666666666666,2,3,0.21699819168173598,0.22965641952983726,4.298109010011124,3.7997775305895445
2025-09-05,short,2025-09-05 09:46:00-04:00,2025-09-05 09:44:00-04:00,loss,0,0.6597510373443983,60.25,120.0,20.5,69.5,13.9,0.2,1,5,0.6172839506172839,0.7438271604938271,1.648843930635838,1.2543352601156068
2025-09-05,short,2025-09-05 09:56:00-04:00,2025-09-05 09:55:00-04:00,win,1,0.6994818652849741,48.25,60.0,5.75,40.5,13.5,0.3333333333333333,1,3,0.6172839506172839,0.595679012345679,0.7153945666235446,1.1228978007761967
2025-09-08,long,2025-09-08 09:41:00-04:00,2025-09-08 09:40:00-04:00,win,1,0.625,50.0,60.0,8.5,33.75,11.25,0.6666666666666666,2,3,0.37748344370860926,0.6622516556291391,1.1749773345421577,1.5448776065276517
2025-09-09,short,2025-09-09 09:59:00-04:00,2025-09-09 09:58:00-04:00,win,1,0.64375,40.0,60.0,2.25,15.0,5.0,1.0,3,3,0.5575221238938053,0.7079646017699115,0.7612293144208038,1.6548463356973995
2025-09-09,short,2025-09-09 10:16:00-04:00,2025-09-09 10:13:00-04:00,win,1,0.4696969696969697,49.5,180.0,3.5,28.0,4.0,0.7142857142857143,3,7,0.41042345276872966,0.6449511400651465,2.67986798679868,2.7876787678767876
2025-09-10,short,2025-09-10 09:38:00-04:00,2025-09-10 09:37:00-04:00,win,1,0.7371428571428571,43.75,60.0,4.75,15.5,5.166666666666667,1.0,3,3,0.8654545454545455,0.6363636363636364,0.27876106194690264,0.36836283185840707
2025-09-11,short,2025-09-11 10:19:00-04:00,2025-09-11 10:19:00-04:00,loss,0,0.6153846153846154,29.25,0.0,0.0,0.0,0.0,0.0,0,1,0.25133689839572193,0.31283422459893045,3.2749445676274944,3.926829268292683
2025-09-11,long,2025-09-11 10:50:00-04:00,2025-09-11 10:48:00-04:00,loss,0,0.3823529411764705,25.5,120.0,3.0,11.25,2.25,0.6,3,5,0.20935412026726058,0.22717149220489977,1.9808795411089868,2.7304015296367115
2025-09-11,long,2025-09-11 11:02:00-04:00,2025-09-11 10:56:00-04:00,win,1,0.6417112299465241,46.75,360.0,2.75,47.25,3.6346153846153846,0.7692307692307693,4,13,0.20935412026726058,0.41648106904231624,1.203125,2.2312499999999997
2025-09-12,short,2025-09-12 10:14:00-04:00,2025-09-12 10:11:00-04:00,loss,0,0.4830508474576271,59.0,180.0,2.0,24.75,3.5357142857142856,0.8571428571428571,6,7,0.3943089430894309,0.959349593495935,3.5481335952848725,4.098231827111984
2025-09-12,long,2025-09-12 10:26:00-04:00,2025-09-12 10:23:00-04:00,win,1,0.9318181818181818,11.0,180.0,1.75,15.5,2.2142857142857144,0.8571428571428571,6,7,0.32550335570469796,0.1476510067114094,0.14583333333333331,1.2638888888888888
2025-09-15,long,2025-09-15 09:35:00-04:00,2025-09-15 09:35:00-04:00,win,1,0.5360824742268041,24.25,0.0,5.0,5.0,5.0,1.0,1,1,0.6024844720496895,0.6024844720496895,0.3472222222222222,0.8888888888888888
2025-09-25,long,2025-09-25 10:14:00-04:00,2025-09-25 10:14:00-04:00,win,1,0.4111111111111111,22.5,0.0,1.5,1.5,1.5,0.0,0,1,0.29057187017001546,0.1391035548686244,0.7388535031847133,0.25477707006369427
2025-09-26,long,2025-09-26 09:49:00-04:00,2025-09-26 09:46:00-04:00,loss,0,0.7971014492753623,69.0,180.0,6.5,50.0,7.142857142857143,0.8571428571428571,3,7,0.46004319654427644,0.5961123110151187,0.25870646766169153,2.218905472636816
2025-09-26,short,2025-09-26 10:14:00-04:00,2025-09-26 10:13:00-04:00,win,1,0.954954954954955,27.75,60.0,17.75,42.25,14.083333333333334,0.3333333333333333,1,3,0.36915077989601386,0.1923743500866551,1.0405405405405406,0.6096096096096096
2025-09-26,short,2025-09-26 10:46:00-04:00,2025-09-26 10:43:00-04:00,win,1,0.8795811518324608,47.75,180.0,3.0,65.0,9.285714285714286,0.7142857142857143,4,7,0.24970691676436108,0.223915592028136,4.238993710691824,4.20125786163522
2025-09-29,long,2025-09-29 09:37:00-04:00,2025-09-29 09:37:00-04:00,win,1,0.4719101123595505,22.25,0.0,12.0,12.0,12.0,1.0,1,1,0.4887640449438202,0.5,0.28620102214650767,1.2402044293015333
2025-09-29,short,2025-09-29 11:41:00-04:00,2025-09-29 11:41:00-04:00,loss,0,0.423728813559322,29.5,0.0,1.5,1.5,1.5,0.0,0,1,0.15703971119133575,0.21299638989169675,1.481159420289855,0.9536231884057971
2025-09-29,short,2025-09-29 11:49:00-04:00,2025-09-29 11:48:00-04:00,forced_close,0,0.5785123966942148,30.25,60.0,0.5,10.75,3.5833333333333335,0.6666666666666666,2,3,0.15703971119133575,0.2184115523465704,1.1124437781109444,0.9865067466266866
2025-09-30,short,2025-09-30 09:52:00-04:00,2025-09-30 09:49:00-04:00,loss,0,0.676,62.5,180.0,0.5,36.25,5.178571428571429,0.7142857142857143,3,7,0.33519553072625696,0.6983240223463687,1.0593869731800767,3.191570881226054
2025-09-30,long,2025-09-30 10:52:00-04:00,2025-09-30 10:51:00-04:00,win,1,0.6024096385542169,20.75,60.0,0.5,8.0,2.6666666666666665,0.6666666666666666,1,3,0.25806451612903225,0.17849462365591398,0.5203836930455635,0.5371702637889688
2025-09-30,short,2025-09-30 11:24:00-04:00,2025-09-30 11:23:00-04:00,win,1,0.4313725490196078,25.5,60.0,1.25,10.5,3.5,0.6666666666666666,1,3,0.21201413427561838,0.18021201413427562,5.223076923076923,5.6179487179487175
2025-10-03,long,2025-10-03 09:38:00-04:00,2025-10-03 09:37:00-04:00,loss,0,0.6204379562043796,34.25,60.0,4.75,12.0,4.0,1.0,3,3,0.5988700564971752,0.7740112994350282,0.43209876543209874,0.8765432098765432
2025-10-03,long,2025-10-03 09:52:00-04:00,2025-10-03 09:51:00-04:00,loss,0,0.8488372093023255,21.5,60.0,7.25,17.0,5.666666666666667,0.3333333333333333,1,3,0.5,0.4056603773584906,1.1187214611872147,1.2945205479452055
2025-10-06,short,2025-10-06 09:40:00-04:00,2025-10-06 09:39:00-04:00,win,1,0.7791411042944786,40.75,60.0,12.5,41.25,13.75,0.3333333333333333,1,3,0.535593220338983,0.5525423728813559,1.1361974405850093,1.3775137111517368
2025-10-07,long,2025-10-07 09:44:00-04:00,2025-10-07 09:43:00-04:00,win,1,0.472,31.25,60.0,0.25,4.75,1.5833333333333333,0.3333333333333333,1,3,0.4782608695652174,0.6793478260869565,1.104,1.536
2025-10-09,short,2025-10-09 09:38:00-04:00,2025-10-09 09:37:00-04:00,win,1,0.6986301369863014,18.25,60.0,4.0,14.0,4.666666666666667,0.6666666666666666,1,3,0.5307262569832403,0.40782122905027934,0.48848684210526316,0.9473684210526315
2025-10-10,long,2025-10-10 10:08:00-04:00,2025-10-10 10:02:00-04:00,loss,0,0.5167785234899329,74.5,360.0,13.0,78.0,6.0,0.6153846153846154,3,13,0.259946949602122,0.7904509283819628,2.7375886524822697,3.9574468085106385
2025-10-10,long,2025-10-10 10:26:00-04:00,2025-10-10 10:18:00-04:00,loss,0,0.5205882352941177,85.0,480.0,0.0,75.25,4.426470588235294,0.5294117647058824,5,17,0.259946949602122,0.9018567639257294,2.7069988137603795,4.633451957295374
2025-10-13,long,2025-10-13 09:56:00-04:00,2025-10-13 09:55:00-04:00,win,1,0.8913043478260869,34.5,60.0,3.0,25.5,8.5,0.6666666666666666,2,3,0.26573426573426573,0.24125874125874125,0.28903225806451616,1.0658064516129033
2025-10-15,short,2025-10-15 09:47:00-04:00,2025-10-15 09:46:00-04:00,win,1,0.6059322033898306,59.0,60.0,4.25,29.25,9.75,0.6666666666666666,2,3,0.4626865671641791,0.7044776119402985,1.087456846950518,1.4499424626006905
2025-10-15,long,2025-10-15 09:58:00-04:00,2025-10-15 09:57:00-04:00,win,1,0.6949152542372882,14.75,60.0,8.0,15.0,5.0,0.6666666666666666,1,3,0.3045186640471513,0.11591355599214145,0.3620689655172414,0.6896551724137931
2025-10-15,short,2025-10-15 11:44:00-04:00,2025-10-15 11:43:00-04:00,win,1,1.029126213592233,25.75,60.0,7.25,29.25,9.75,0.3333333333333333,1,3,0.1755379388448471,0.11664779161947905,2.1934032983508245,2.8755622188905545
2025-10-16,long,2025-10-16 09:59:00-04:00,2025-10-16 09:58:00-04:00,loss,0,0.5692307692307692,48.75,60.0,9.25,42.25,14.083333333333334,0.6666666666666666,2,3,0.32160804020100503,0.4899497487437186,1.539617486338798,2.0081967213114753
2025-10-16,long,2025-10-16 10:09:00-04:00,2025-10-16 10:09:00-04:00,loss,0,0.4814814814814814,54.0,0.0,12.5,12.5,12.5,0.0,0,1,0.32160804020100503,0.542713567839196,2.784090909090909,2.0880681818181817
2025-10-16,long,2025-10-16 10:21:00-04:00,2025-10-16 10:20:00-04:00,win,1,0.5,26.5,60.0,4.5,12.75,4.25,1.0,3,3,0.2857142857142857,0.23660714285714285,1.785876993166287,2.2323462414578588
2025-10-16,short,2025-10-16 11:36:00-04:00,2025-10-16 11:36:00-04:00,loss,0,0.3538461538461538,65.0,0.0,5.5,5.5,5.5,0.0,0,1,0.17704011065006917,0.359612724757953,1.973431734317343,1.7357933579335791
2025-10-17,long,2025-10-17 09:38:00-04:00,2025-10-17 09:37:00-04:00,loss,0,1.0617977528089888,44.5,60.0,3.5,41.5,13.833333333333334,0.6666666666666666,2,3,0.597457627118644,0.3771186440677966,0.3532513181019332,1.0017574692442883
2025-10-17,long,2025-10-17 09:51:00-04:00,2025-10-17 09:50:00-04:00,win,1,0.92,25.0,60.0,8.75,26.25,8.75,1.0,3,3,0.4845360824742268,0.1718213058419244,0.696800406297613,1.350939563230066
2025-10-17,long,2025-10-17 11:43:00-04:00,2025-10-17 11:42:00-04:00,win,1,0.7733333333333333,18.75,60.0,20.25,24.25,8.083333333333334,0.6666666666666666,2,3,0.24436741767764297,0.06499133448873484,7.427230046948357,7.154929577464789
2025-10-21,long,2025-10-21 11:51:00-04:00,2025-10-21 11:50:00-04:00,win,1,0.6119402985074627,16.75,60.0,3.5,9.5,3.1666666666666665,1.0,3,3,0.15157894736842106,0.14105263157894737,0.30963665086887837,1.5260663507109005
2025-10-22,long,2025-10-22 10:02:00-04:00,2025-10-22 10:00:00-04:00,loss,0,0.5612903225806452,38.75,120.0,2.25,19.5,3.9,0.6,3,5,0.49678800856531047,0.33190578158458245,1.087790110998991,1.01715438950555
2025-10-22,long,2025-10-22 10:09:00-04:00,2025-10-22 10:07:00-04:00,loss,0,0.4764705882352941,42.5,120.0,4.5,22.0,4.4,0.6,2,5,0.49678800856531047,0.3640256959314775,1.6025917926565876,1.0885529157667386
2025-10-22,short,2025-10-22 10:23:00-04:00,2025-10-22 10:20:00-04:00,win,1,0.5555555555555556,54.0,180.0,10.5,32.5,4.642857142857143,0.7142857142857143,3,7,0.49678800856531047,0.4625267665952891,1.8102189781021898,2.3795620437956204
2025-10-24,long,2025-10-24 10:06:00-04:00,2025-10-24 09:51:00-04:00,loss,0,0.6502890173410405,86.5,900.0,15.25,238.0,7.67741935483871,0.7096774193548387,6,31,0.2863070539419087,0.7178423236514523,0.6257575757575757,3.5106060606060603
2025-10-24,long,2025-10-24 11:03:00-04:00,2025-10-24 11:02:00-04:00,win,1,0.6142857142857143,17.5,60.0,13.0,18.75,6.25,1.0,3,3,0.2863070539419087,0.14522821576763487,4.128964059196617,4.898520084566596
2025-10-27,short,2025-10-27 09:42:00-04:00,2025-10-27 09:42:00-04:00,loss,0,0.6551724137931034,50.75,0.0,5.0,5.0,5.0,0.0,0,1,0.6692913385826772,0.7992125984251969,1.049689440993789,0.7959183673469388
2025-10-27,long,2025-10-27 10:29:00-04:00,2025-10-27 10:21:00-04:00,forced_close,0,0.726027397260274,54.75,480.0,1.25,82.5,4.852941176470588,0.5294117647058824,3,17,0.5279503105590062,0.6801242236024845,0.9182968929804373,1.3371691599539701
2025-10-28,short,2025-10-28 09:51:00-04:00,2025-10-28 09:50:00-04:00,loss,0,0.8080808080808081,24.75,60.0,3.0,19.75,6.583333333333333,1.0,3,3,0.5169491525423728,0.4194915254237288,0.24676850763807287,0.9048178613396005
2025-10-28,short,2025-10-28 10:25:00-04:00,2025-10-28 10:01:00-04:00,win,1,0.6809815950920245,40.75,1440.0,1.25,184.0,3.7551020408163267,0.46938775510204084,4,49,0.46923076923076923,0.6269230769230769,2.1355932203389827,1.8745762711864404
2025-10-29,short,2025-10-29 09:41:00-04:00,2025-10-29 09:40:00-04:00,loss,0,0.5217391304347826,28.75,60.0,7.0,17.75,5.916666666666667,0.3333333333333333,1,3,0.6143790849673203,0.7516339869281046,1.3636363636363635,0.6577540106951871
2025-10-29,short,2025-10-29 10:58:00-04:00,2025-10-29 10:53:00-04:00,win,1,0.4585987261146497,39.25,300.0,2.0,29.5,2.6818181818181817,0.6363636363636364,4,11,0.28313253012048195,0.47289156626506024,1.4227642276422765,1.5934959349593496
2025-10-30,long,2025-10-30 09:57:00-04:00,2025-10-30 09:56:00-04:00,win,1,0.4076923076923077,32.5,60.0,9.75,24.0,8.0,0.3333333333333333,1,3,0.2782503037667072,0.15795868772782504,0.9820143884892086,0.6630695443645084
2025-10-30,short,2025-10-30 10:20:00-04:00,2025-10-30 10:19:00-04:00,win,1,0.7657142857142857,43.75,60.0,0.75,25.75,8.583333333333334,1.0,3,3,0.24054621848739496,0.18382352941176472,3.2977777777777773,4.0055555555555555
2025-10-30,short,2025-10-30 10:48:00-04:00,2025-10-30 10:47:00-04:00,win,1,0.5725190839694656,32.75,60.0,5.5,17.5,5.833333333333333,1.0,3,3,0.24054621848739496,0.13760504201680673,4.757062146892656,5.8192090395480225
2025-10-30,short,2025-10-30 11:16:00-04:00,2025-10-30 11:15:00-04:00,win,1,0.5857142857142857,35.0,60.0,5.0,22.75,7.583333333333333,1.0,3,3,0.24054621848739496,0.14705882352941177,6.468546637744034,7.81995661605206
2025-10-31,short,2025-10-31 11:38:00-04:00,2025-10-31 11:20:00-04:00,forced_close,0,0.6547619047619048,126.0,1080.0,1.25,158.0,4.27027027027027,0.5945945945945946,4,37,0.17192982456140352,0.8842105263157894,3.3404825737265416,8.857908847184987
2025-11-04,long,2025-11-04 09:49:00-05:00,2025-11-04 09:48:00-05:00,win,1,0.851063829787234,47.0,60.0,1.75,36.5,12.166666666666666,1.0,3,3,0.29713114754098363,0.38524590163934425,0.25741399762752076,1.4365361803084222
2025-11-05,short,2025-11-05 09:42:00-05:00,2025-11-05 09:40:00-05:00,loss,0,0.5246376811594203,86.25,120.0,9.75,34.75,6.95,1.0,5,5,0.5195530726256983,0.9636871508379888,0.9556592765460911,1.3045507584597433
2025-11-06,short,2025-11-06 09:40:00-05:00,2025-11-06 09:39:00-05:00,win,1,0.4631578947368421,47.5,60.0,3.0,18.0,6.0,1.0,3,3,0.6168582375478927,0.7279693486590039,0.75625,0.859375
2025-11-07,short,2025-11-07 10:01:00-05:00,2025-11-07 09:59:00-05:00,win,1,0.5625,128.0,120.0,5.25,69.75,13.95,0.8,3,5,0.3402061855670103,0.6597938144329897,1.2340237990304097,3.159100925517849
2025-11-10,short,2025-11-10 11:14:00-05:00,2025-11-10 11:13:00-05:00,win,1,0.3712121212121212,66.0,60.0,4.25,20.0,6.666666666666667,0.6666666666666666,2,3,0.22948717948717948,0.3384615384615385,2.2493415276558384,2.581211589113257
2025-11-11,long,2025-11-11 09:36:00-05:00,2025-11-11 09:35:00-05:00,loss,0,0.589041095890411,36.5,60.0,6.5,17.25,5.75,0.6666666666666666,1,3,0.7358490566037735,0.9182389937106918,0.4117647058823529,0.49411764705882355
2025-11-11,long,2025-11-11 10:02:00-05:00,2025-11-11 10:02:00-05:00,loss,0,0.6814159292035398,28.25,0.0,14.75,14.75,14.75,0.0,0,1,0.34210526315789475,0.3304093567251462,1.6506024096385543,1.0240963855421688
2025-11-11,short,2025-11-11 10:18:00-05:00,2025-11-11 10:11:00-05:00,win,1,0.728110599078341,54.25,420.0,4.5,95.25,6.35,0.5333333333333333,2,15,0.28536585365853656,0.5292682926829269,0.8452012383900929,2.2538699690402475
2025-11-17,short,2025-11-17 11:19:00-05:00,2025-11-17 11:19:00-05:00,win,1,0.4186046511627907,32.25,0.0,1.25,1.25,1.25,1.0,1,1,0.14471544715447154,0.1048780487804878,0.8298969072164949,0.3848797250859107
2025-11-18,long,2025-11-18 09:38:00-05:00,2025-11-18 09:36:00-05:00,loss,0,0.4761904761904761,115.5,120.0,4.75,60.25,12.05,0.6,3,5,0.3208955223880597,0.6895522388059702,1.0866359447004608,1.2152073732718893
2025-11-18,short,2025-11-18 09:47:00-05:00,2025-11-18 09:46:00-05:00,win,1,0.7040816326530612,98.0,60.0,37.75,85.25,28.416666666666668,1.0,3,3,0.2577937649880096,0.47002398081534774,0.16831683168316833,1.613861386138614
2025-11-19,long,2025-11-19 09:40:00-05:00,2025-11-19 09:39:00-05:00,win,1,0.8186968838526912,88.25,60.0,4.25,23.75,7.916666666666667,1.0,3,3,0.44834710743801653,0.7293388429752066,0.26687763713080165,1.386603375527426
2025-11-20,long,2025-11-20 09:51:00-05:00,2025-11-20 09:50:00-05:00,win,1,0.5523465703971119,69.25,60.0,1.75,25.5,8.5,0.6666666666666666,2,3,0.709349593495935,0.5630081300813008,0.7691036761668733,0.5956216439487816
2025-11-20,long,2025-11-20 10:19:00-05:00,2025-11-20 10:17:00-05:00,win,1,0.6026785714285714,112.0,120.0,11.25,85.0,17.0,0.6,3,5,0.5619967793880838,0.7214170692431562,2.822515795519816,1.8655944859276277
2025-11-25,long,2025-11-25 11:51:00-05:00,2025-11-25 11:46:00-05:00,win,1,0.7711442786069652,50.25,300.0,0.0,58.0,5.2727272727272725,0.6363636363636364,3,11,0.22493461203138623,0.17523975588491716,0.7627695800227015,0.42905788876276957
2025-11-26,long,2025-11-26 09:36:00-05:00,2025-11-26 09:35:00-05:00,loss,0,0.5738636363636364,44.0,60.0,6.25,20.75,6.916666666666667,0.3333333333333333,1,3,0.5753968253968254,0.6984126984126984,0.9212903225806452,0.9664516129032259
2025-11-26,short,2025-11-26 09:44:00-05:00,2025-11-26 09:41:00-05:00,loss,0,0.5102040816326531,49.0,180.0,4.25,79.0,11.285714285714286,0.42857142857142855,1,7,0.4434250764525994,0.599388379204893,1.0094043887147335,0.658307210031348
2025-11-26,long,2025-11-26 10:44:00-05:00,2025-11-26 10:43:00-05:00,loss,0,0.3841463414634146,41.0,60.0,1.25,4.75,1.5833333333333333,0.6666666666666666,2,3,0.24701873935264054,0.27938671209540034,3.6242840778923253,2.3894616265750286
2025-11-27,short,2025-11-27 11:11:00-05:00,2025-11-27 10:14:00-05:00,forced_close,0,0.5662650602409639,20.75,3420.0,3.5,113.0,0.9826086956521739,0.46956521739130436,8,115,0.3023255813953488,0.6434108527131783,1.8064516129032258,4.0
2025-11-28,long,2025-11-28 09:54:00-05:00,2025-11-28 09:53:00-05:00,win,1,0.5921787709497207,44.75,60.0,0.5,8.75,2.9166666666666665,0.6666666666666666,2,3,0.19293478260869565,0.48641304347826086,2.0793357933579335,2.64760147601476
2025-12-01,long,2025-12-01 09:37:00-05:00,2025-12-01 09:36:00-05:00,win,1,0.5862068965517241,29.0,60.0,20.75,23.5,7.833333333333333,0.6666666666666666,1,3,0.43543543543543545,0.3483483483483483,0.1111111111111111,0.8888888888888888
2025-12-01,long,2025-12-01 10:39:00-05:00,2025-12-01 10:36:00-05:00,win,1,0.48582995951417,123.5,180.0,11.75,80.5,11.5,0.8571428571428571,3,7,0.20055325034578148,0.6832641770401107,2.2229007633587785,4.29618320610687
2025-12-02,short,2025-12-02 11:28:00-05:00,2025-12-02 11:26:00-05:00,win,1,0.6171875,32.0,120.0,7.5,43.75,8.75,0.6,1,5,0.12004405286343613,0.14096916299559473,0.5788367203924316,1.196916608269096
2025-12-02,long,2025-12-02 11:44:00-05:00,2025-12-02 11:44:00-05:00,loss,0,0.4330708661417323,31.75,0.0,3.75,3.75,3.75,0.0,0,1,0.10634146341463414,0.12390243902439024,7.4696485623003195,7.5702875399361025
2025-12-02,long,2025-12-02 11:47:00-05:00,2025-12-02 11:47:00-05:00,forced_close,0,0.6081871345029239,42.75,0.0,1.0,1.0,1.0,0.0,0,1,0.10634146341463414,0.16682926829268294,8.220415537488709,8.561878952122855
2025-12-03,long,2025-12-03 09:37:00-05:00,2025-12-03 09:36:00-05:00,loss,0,0.6517241379310345,72.5,60.0,9.75,31.75,10.583333333333334,0.6666666666666666,2,3,0.6118012422360248,0.9006211180124224,0.7749128919860627,0.6968641114982579
2025-12-03,long,2025-12-03 09:47:00-05:00,2025-12-03 09:45:00-05:00,loss,0,0.4691780821917808,73.0,120.0,2.5,29.25,5.85,0.8,4,5,0.569364161849711,0.8439306358381503,1.2845439650464228,0.9557618787547789
2025-12-05,long,2025-12-05 09:37:00-05:00,2025-12-05 09:37:00-05:00,loss,0,0.527027027027027,37.0,0.0,11.0,11.0,11.0,1.0,1,1,0.6839506172839506,0.3654320987654321,0.23917525773195877,1.0556701030927835
2025-12-05,long,2025-12-05 09:52:00-05:00,2025-12-05 09:52:00-05:00,win,1,0.9230769230769232,16.25,0.0,15.5,15.5,15.5,1.0,1,1,0.5906183368869936,0.13859275053304904,0.23696682464454977,1.2132701421800949
2025-12-05,short,2025-12-05 11:35:00-05:00,2025-12-05 11:35:00-05:00,loss,0,0.369047619047619,42.0,0.0,6.25,6.25,6.25,0.0,0,1,0.31949250288350634,0.19377162629757785,1.495480690221857,1.1733771569433031
2025-12-05,short,2025-12-05 11:48:00-05:00,2025-12-05 11:47:00-05:00,loss,0,0.3504273504273504,58.5,60.0,3.75,17.75,5.916666666666667,0.3333333333333333,1,3,0.31949250288350634,0.2698961937716263,2.4758842443729905,1.5305466237942122
2025-12-08,short,2025-12-08 09:57:00-05:00,2025-12-08 09:51:00-05:00,win,1,0.4810126582278481,59.25,360.0,1.5,61.75,4.75,0.6153846153846154,5,13,0.38738738738738737,0.42702702702702705,1.282780410742496,2.4881516587677726
2025-12-09,long,2025-12-09 10:13:00-05:00,2025-12-09 10:09:00-05:00,win,1,0.4611872146118721,54.75,240.0,3.25,51.5,5.722222222222222,0.7777777777777778,3,9,0.38636363636363635,0.49772727272727274,1.3381424706943192,1.565374211000902
2025-12-10,long,2025-12-10 09:51:00-05:00,2025-12-10 09:50:00-05:00,loss,0,0.3764705882352941,42.5,60.0,2.5,14.5,4.833333333333333,1.0,3,3,0.3231132075471698,0.4009433962264151,1.1686956521739131,0.4747826086956522
2025-12-10,short,2025-12-10 10:01:00-05:00,2025-12-10 10:00:00-05:00,loss,0,0.526829268292683,51.25,60.0,4.0,23.0,7.666666666666667,1.0,3,3,0.3231132075471698,0.4834905660377358,2.008748906386702,3.0376202974628175
2025-12-10,short,2025-12-10 10:35:00-05:00,2025-12-10 10:23:00-05:00,win,1,0.6859205776173285,69.25,720.0,11.75,126.0,5.04,0.56,3,25,0.3231132075471698,0.6533018867924528,2.298507462686567,4.710990502035278
2025-12-11,short,2025-12-11 09:40:00-05:00,2025-12-11 09:39:00-05:00,win,1,0.6629213483146067,66.75,60.0,6.75,25.25,8.416666666666666,1.0,3,3,0.708092485549133,0.7716763005780347,0.45448676565526147,0.7172369270497095
2025-12-12,long,2025-12-12 09:34:00-05:00,2025-12-12 09:33:00-05:00,win,1,0.8851351351351351,37.0,60.0,3.25,27.25,9.083333333333334,1.0,3,3,0.5152671755725191,0.5648854961832062,0.19970414201183434,0.8136094674556213
2025-12-12,long,2025-12-12 09:58:00-05:00,2025-12-12 09:57:00-05:00,win,1,0.4351145038167939,32.75,60.0,2.0,28.75,9.583333333333334,0.3333333333333333,1,3,0.28361344537815125,0.27521008403361347,3.187551187551188,2.774774774774775
2025-12-12,short,2025-12-12 10:03:00-05:00,2025-12-12 10:03:00-05:00,win,1,0.9666666666666668,22.5,0.0,5.5,5.5,5.5,1.0,1,1,0.28361344537815125,0.18907563025210083,0.38202247191011235,1.1123595505617978
2025-12-15,short,2025-12-15 09:39:00-05:00,2025-12-15 09:37:00-05:00,win,1,0.7981651376146789,54.5,120.0,17.0,78.5,15.7,0.8,3,5,0.38660907127429806,0.4708423326133909,0.40832049306625573,2.1879815100154083
2025-12-16,long,2025-12-16 09:34:00-05:00,2025-12-16 09:34:00-05:00,win,1,0.630901287553648,58.25,0.0,15.25,15.25,15.25,0.0,0,1,0.8832951945080092,0.5331807780320366,0.6927426955702168,0.2403393025447691
2025-12-16,long,2025-12-16 09:45:00-05:00,2025-12-16 09:45:00-05:00,loss,0,0.3545454545454545,82.5,0.0,29.5,29.5,29.5,0.0,0,1,0.6868327402135231,0.5871886120996441,2.8543076229138475,1.1114118177717636
2025-12-16,short,2025-12-16 10:37:00-05:00,2025-12-16 10:33:00-05:00,loss,0,0.4582392776523702,110.75,240.0,10.5,89.0,9.88888888888889,0.7777777777777778,4,9,0.4232456140350877,0.4857456140350877,1.6874621441550575,1.0006056935190792
2025-12-16,long,2025-12-16 10:59:00-05:00,2025-12-16 10:59:00-05:00,win,1,0.4098360655737705,45.75,0.0,9.25,9.25,9.25,1.0,1,1,0.4232456140350877,0.20065789473684212,2.9849056603773585,3.5924528301886793
2025-12-16,long,2025-12-16 11:11:00-05:00,2025-12-16 11:11:00-05:00,loss,0,0.367816091954023,65.25,0.0,23.75,23.75,23.75,0.0,0,1,0.4232456140350877,0.28618421052631576,6.241379310344827,4.689655172413793
2025-12-16,long,2025-12-16 11:47:00-05:00,2025-12-16 11:29:00-05:00,forced_close,0,0.4772277227722772,126.25,1080.0,23.75,348.0,9.405405405405405,0.6216216216216216,6,37,0.4232456140350877,0.5537280701754386,7.3485232067510555,4.820253164556962
2025-12-18,short,2025-12-18 10:10:00-05:00,2025-12-18 10:02:00-05:00,loss,0,0.4525547445255474,137.0,480.0,14.0,184.75,10.867647058823529,0.6470588235294118,3,17,0.3413173652694611,0.8203592814371258,2.5313653136531364,4.0088560885608855
2025-12-22,short,2025-12-22 10:04:00-05:00,2025-12-22 09:56:00-05:00,win,1,0.4628571428571428,87.5,480.0,2.0,105.5,6.205882352941177,0.6470588235294118,4,17,0.24798387096774194,0.7056451612903226,2.506,4.662
2025-12-23,long,2025-12-23 09:37:00-05:00,2025-12-23 09:34:00-05:00,loss,0,0.6666666666666666,53.25,180.0,0.0,45.0,6.428571428571429,0.42857142857142855,1,7,0.8266331658291457,0.535175879396985,0.6,0.575
2025-12-23,short,2025-12-23 10:09:00-05:00,2025-12-23 10:08:00-05:00,loss,0,0.3884297520661157,30.25,60.0,2.0,3.25,1.0833333333333333,1.0,3,3,0.6633064516129032,0.2439516129032258,0.8280961182994454,0.5563770794824399
2025-12-23,short,2025-12-23 10:12:00-05:00,2025-12-23 10:11:00-05:00,loss,0,0.8125,44.0,60.0,3.25,27.5,9.166666666666666,0.6666666666666666,2,3,0.6633064516129032,0.3548387096774194,0.6345975948196115,0.5568917668825162
2025-12-23,long,2025-12-23 10:57:00-05:00,2025-12-23 10:56:00-05:00,win,1,1.068181818181818,11.0,60.0,0.0,14.0,4.666666666666667,0.3333333333333333,1,3,0.6633064516129032,0.08870967741935484,2.523605150214592,3.7253218884120174
2025-12-24,long,2025-12-24 10:18:00-05:00,2025-12-24 10:15:00-05:00,loss,0,1.2,11.25,180.0,7.75,20.25,2.892857142857143,0.7142857142857143,3,7,0.7721518987341772,0.189873417721519,1.0648769574944073,1.691275167785235
2025-12-24,long,2025-12-24 10:41:00-05:00,2025-12-24 10:27:00-05:00,win,1,0.4962962962962963,33.75,840.0,1.75,57.5,1.9827586206896552,0.5172413793103449,3,29,0.7721518987341772,0.569620253164557,3.0833333333333335,2.25
2025-12-26,long,2025-12-26 09:39:00-05:00,2025-12-26 09:38:00-05:00,loss,0,0.6962962962962963,33.75,60.0,1.0,16.5,5.5,0.6666666666666666,2,3,0.5787401574803149,0.531496062992126,0.4678998911860718,0.750816104461371
2025-12-26,short,2025-12-26 11:22:00-05:00,2025-12-26 11:21:00-05:00,loss,0,0.5185185185185185,27.0,60.0,9.25,23.75,7.916666666666667,0.6666666666666666,2,3,0.36476426799007444,0.2679900744416873,4.291095890410959,3.8116438356164384
2025-12-29,long,2025-12-29 10:21:00-05:00,2025-12-29 10:20:00-05:00,win,1,0.6428571428571429,17.5,60.0,9.5,17.25,5.75,0.6666666666666666,1,3,0.28139904610492844,0.11128775834658187,5.978213507625273,6.7254901960784315
2025-12-29,long,2025-12-29 10:53:00-05:00,2025-12-29 10:52:00-05:00,win,1,0.3609467455621302,42.25,60.0,9.0,23.25,7.75,1.0,3,3,0.28139904610492844,0.2686804451510334,8.553571428571429,7.875
2025-12-30,short,2025-12-30 09:48:00-05:00,2025-12-30 09:47:00-05:00,loss,0,0.4825174825174825,35.75,60.0,15.0,24.75,8.25,0.6666666666666666,2,3,0.7352941176470589,0.6008403361344538,1.693950177935943,0.7846975088967971
2025-12-30,long,2025-12-30 09:55:00-05:00,2025-12-30 09:54:00-05:00,win,1,0.7789473684210526,23.75,60.0,9.5,20.5,6.833333333333333,1.0,3,3,0.541795665634675,0.29411764705882354,0.014846235418875926,1.2619300106044538
2025-12-30,long,2025-12-30 10:56:00-05:00,2025-12-30 10:55:00-05:00,win,1,0.851063829787234,11.75,60.0,1.5,8.0,2.6666666666666665,0.6666666666666666,2,3,0.43209876543209874,0.11604938271604938,4.051282051282051,4.282051282051282
