day,direction,entry_time,entry_price,exit_time,exit_price,pnl,contracts,risk_dollars,outcome,exit_reason,pivot,flem,flem_saved_time,reentry_time,pivot_time,risk,target,stop_time,stop_price,retrace_at_entry,strong_count_recent3,very_strong
2025-01-08,short,2025-01-08 10:43:00-05:00,21318.25,2025-01-08 10:44:30-05:00,21298.45,59.39999999999782,3,99.0,win,target_scale1,21334.75,21316.0,2025-01-08 10:41:00-05:00,2025-01-08 10:41:00-05:00,2025-01-08 10:41:00-05:00,16.5,21298.45,,,0.88,0,False
2025-01-08,short,2025-01-08 10:43:00-05:00,21318.25,2025-01-08 10:51:00-05:00,21331.75,-40.5,3,99.0,loss,stop,21334.75,21316.0,2025-01-08 10:41:00-05:00,2025-01-08 10:41:00-05:00,2025-01-08 10:41:00-05:00,16.5,21277.0,2025-01-08 10:51:00-05:00,21326.5,0.88,0,False
2025-01-08,short,2025-01-08 11:06:00-05:00,21315.25,2025-01-08 11:07:00-05:00,21293.65,64.79999999999563,3,108.0,win,target_scale1,21333.25,21318.0,2025-01-08 11:04:00-05:00,2025-01-08 11:04:00-05:00,2025-01-08 11:04:00-05:00,18.0,21293.65,,,1.180327868852459,0,False
2025-01-08,short,2025-01-08 11:06:00-05:00,21315.25,2025-01-08 11:11:00-05:00,21342.75,-82.5,3,108.0,loss,stop,21333.25,21318.0,2025-01-08 11:04:00-05:00,2025-01-08 11:04:00-05:00,2025-01-08 11:04:00-05:00,18.0,21270.25,2025-01-08 11:11:00-05:00,21324.25,1.180327868852459,0,False
2025-01-08,long,2025-01-08 11:33:00-05:00,21365.0,2025-01-08 11:42:00-05:00,21405.5,40.5,1,67.5,win,target_scale1,21331.25,21373.0,2025-01-08 11:25:00-05:00,2025-01-08 11:25:00-05:00,2025-01-08 11:30:00-05:00,33.75,21405.5,,,0.8083832335329342,2,False
2025-01-08,long,2025-01-08 11:33:00-05:00,21365.0,2025-01-08 12:01:00-05:00,21382.5,35.0,2,135.0,forced_close,forced_close,21331.25,21373.0,2025-01-08 11:25:00-05:00,2025-01-08 11:25:00-05:00,2025-01-08 11:30:00-05:00,33.75,21432.5,,,0.8083832335329342,2,False
2025-01-13,long,2025-01-13 11:44:00-05:00,20813.75,2025-01-13 11:56:00-05:00,20757.25,-226.0,4,436.0,loss,stop,20759.25,20808.75,2025-01-13 11:38:00-05:00,2025-01-13 11:38:00-05:00,2025-01-13 11:40:00-05:00,54.5,20879.15,2025-01-13 11:56:00-05:00,20759.25,1.101010101010101,1,False
2025-01-14,long,2025-01-14 09:42:00-05:00,21107.75,2025-01-14 09:47:00-05:00,21082.25,-255.0,10,500.0,loss,stop,21082.75,21122.5,2025-01-14 09:40:00-05:00,2025-01-14 09:40:00-05:00,2025-01-14 09:40:00-05:00,25.0,21137.75,2025-01-14 09:47:00-05:00,21082.75,0.6289308176100629,0,False
2025-01-14,short,2025-01-14 10:28:00-05:00,21033.5,2025-01-14 10:33:30-05:00,20994.5,39.0,1,65.0,win,target_scale1,21066.0,21032.25,2025-01-14 10:24:00-05:00,2025-01-14 10:24:00-05:00,2025-01-14 10:27:00-05:00,32.5,20994.5,,,0.9629629629629629,0,False
2025-01-14,short,2025-01-14 10:28:00-05:00,21033.5,2025-01-14 10:38:30-05:00,20968.5,130.0,2,130.0,win,target_scale2,21066.0,21032.25,2025-01-14 10:24:00-05:00,2025-01-14 10:24:00-05:00,2025-01-14 10:27:00-05:00,32.5,20968.5,,,0.9629629629629629,0,False
2025-01-14,short,2025-01-14 10:28:00-05:00,21033.5,2025-01-14 10:51:30-05:00,20936.0,390.0,4,260.0,win,target,21066.0,21032.25,2025-01-14 10:24:00-05:00,2025-01-14 10:24:00-05:00,2025-01-14 10:27:00-05:00,32.5,20936.0,,,0.9629629629629629,0,False
2025-01-23,long,2025-01-23 10:31:00-05:00,21901.75,2025-01-23 10:37:30-05:00,21927.55,51.599999999998545,2,86.0,win,target_scale1,21880.25,21906.0,2025-01-23 10:18:00-05:00,2025-01-23 10:18:00-05:00,2025-01-23 10:21:00-05:00,21.5,21927.55,,,0.8349514563106796,1,False
2025-01-23,long,2025-01-23 10:31:00-05:00,21901.75,2025-01-23 11:03:00-05:00,21944.75,129.0,3,129.0,win,target_scale2,21880.25,21906.0,2025-01-23 10:18:00-05:00,2025-01-23 10:18:00-05:00,2025-01-23 10:21:00-05:00,21.5,21944.75,,,0.8349514563106796,1,False
2025-01-23,long,2025-01-23 10:31:00-05:00,21901.75,2025-01-23 11:45:30-05:00,21966.25,387.0,6,258.0,win,target,21880.25,21906.0,2025-01-23 10:18:00-05:00,2025-01-23 10:18:00-05:00,2025-01-23 10:21:00-05:00,21.5,21966.25,,,0.8349514563106796,1,False
2025-01-24,short,2025-01-24 10:14:00-05:00,22017.5,2025-01-24 10:21:30-05:00,21992.9,73.79999999999563,3,123.0,win,target_scale1,22038.0,22014.5,2025-01-24 10:11:00-05:00,2025-01-24 10:11:00-05:00,2025-01-24 10:11:00-05:00,20.5,21992.9,,,0.8723404255319149,0,False
2025-01-24,short,2025-01-24 10:14:00-05:00,22017.5,2025-01-24 11:03:00-05:00,21976.5,164.0,4,164.0,win,target_scale2,22038.0,22014.5,2025-01-24 10:11:00-05:00,2025-01-24 10:11:00-05:00,2025-01-24 10:11:00-05:00,20.5,21976.5,,,0.8723404255319149,0,False
2025-01-24,short,2025-01-24 10:14:00-05:00,22017.5,2025-01-24 11:37:00-05:00,22018.75,-6.25,5,205.0,loss,stop,22038.0,22014.5,2025-01-24 10:11:00-05:00,2025-01-24 10:11:00-05:00,2025-01-24 10:11:00-05:00,20.5,21956.0,2025-01-24 11:37:00-05:00,22017.5,0.8723404255319149,0,False
2025-01-28,long,2025-01-28 10:13:00-05:00,21357.25,2025-01-28 10:23:30-05:00,21409.15,51.900000000001455,1,86.5,win,target_scale1,21314.0,21368.0,2025-01-28 10:09:00-05:00,2025-01-28 10:09:00-05:00,2025-01-28 10:10:00-05:00,43.25,21409.15,,,0.8009259259259259,1,False
2025-01-28,long,2025-01-28 10:13:00-05:00,21357.25,2025-01-28 10:27:00-05:00,21443.75,86.5,1,86.5,win,target_scale2,21314.0,21368.0,2025-01-28 10:09:00-05:00,2025-01-28 10:09:00-05:00,2025-01-28 10:10:00-05:00,43.25,21443.75,,,0.8009259259259259,1,False
2025-01-28,long,2025-01-28 10:13:00-05:00,21357.25,2025-01-28 12:01:00-05:00,21487.0,389.25,3,259.5,win,target,21314.0,21368.0,2025-01-28 10:09:00-05:00,2025-01-28 10:09:00-05:00,2025-01-28 10:10:00-05:00,43.25,21487.0,,,0.8009259259259259,1,False
2025-02-06,long,2025-02-06 10:39:00-05:00,21832.0,2025-02-06 10:40:00-05:00,21763.25,-275.0,4,430.0,loss,stop,21778.25,21849.5,2025-02-06 10:31:00-05:00,2025-02-06 10:31:00-05:00,2025-02-06 10:32:00-05:00,53.75,21896.5,2025-02-06 10:40:00-05:00,21778.25,0.7543859649122807,2,False
2025-02-06,long,2025-02-06 11:10:00-05:00,21789.25,2025-02-06 11:38:00-05:00,21774.25,-165.0,11,467.5,loss,stop,21768.0,21789.0,2025-02-06 11:05:00-05:00,2025-02-06 11:05:00-05:00,2025-02-06 11:06:00-05:00,21.25,21814.75,2025-02-06 11:38:00-05:00,21778.625,1.0119047619047619,1,False
2025-02-13,long,2025-02-13 09:47:00-05:00,21896.25,2025-02-13 09:48:00-05:00,21864.5,-444.5,14,483.0,loss,stop,21879.0,21895.75,2025-02-13 09:46:00-05:00,2025-02-13 09:46:00-05:00,2025-02-13 09:46:00-05:00,17.25,21916.95,2025-02-13 09:48:00-05:00,21879.0,1.0298507462686568,0,False
2025-02-14,short,2025-02-14 09:45:00-05:00,22095.75,2025-02-14 09:47:00-05:00,22115.25,-351.0,18,486.0,loss,stop,22109.25,22091.0,2025-02-14 09:43:00-05:00,2025-02-14 09:43:00-05:00,2025-02-14 09:43:00-05:00,13.5,22079.55,2025-02-14 09:47:00-05:00,22109.25,0.7397260273972602,0,False
2025-02-17,long,2025-02-17 11:50:00-05:00,22242.5,2025-02-17 12:01:00-05:00,22232.75,-253.5,26,494.0,loss,stop,22233.0,22252.25,2025-02-17 11:34:00-05:00,2025-02-17 11:34:00-05:00,2025-02-17 11:37:00-05:00,9.5,22253.9,2025-02-17 12:01:00-05:00,22233.0,0.4935064935064935,0,False
2025-02-19,short,2025-02-19 09:43:00-05:00,22186.25,2025-02-19 09:49:30-05:00,22170.05,64.80000000000291,4,108.0,win,target_scale1,22199.75,22182.25,2025-02-19 09:41:00-05:00,2025-02-19 09:41:00-05:00,2025-02-19 09:42:00-05:00,13.5,22170.05,,,0.7714285714285715,0,False
2025-02-19,short,2025-02-19 09:43:00-05:00,22186.25,2025-02-19 10:03:00-05:00,22152.5,135.0,4,108.0,win,target_scale2,22199.75,22182.25,2025-02-19 09:41:00-05:00,2025-02-19 09:41:00-05:00,2025-02-19 09:42:00-05:00,13.5,22152.5,,,0.7714285714285715,0,False
2025-02-19,short,2025-02-19 09:43:00-05:00,22186.25,2025-02-19 10:05:30-05:00,22132.25,216.0,4,108.0,win,target_scale3,22199.75,22182.25,2025-02-19 09:41:00-05:00,2025-02-19 09:41:00-05:00,2025-02-19 09:42:00-05:00,13.5,22132.25,,,0.7714285714285715,0,False
2025-02-19,short,2025-02-19 09:43:00-05:00,22186.25,2025-02-19 10:45:00-05:00,22187.75,-9.0,6,162.0,loss,stop,22199.75,22182.25,2025-02-19 09:41:00-05:00,2025-02-19 09:41:00-05:00,2025-02-19 09:42:00-05:00,13.5,22098.5,2025-02-19 10:45:00-05:00,22186.25,0.7714285714285715,0,False
2025-02-19,long,2025-02-19 11:23:00-05:00,22214.25,2025-02-19 11:42:00-05:00,22225.95,70.20000000000437,6,117.0,win,target_scale1,22204.5,22223.75,2025-02-19 11:13:00-05:00,2025-02-19 11:13:00-05:00,2025-02-19 11:22:00-05:00,9.75,22225.95,,,0.5064935064935064,0,False
2025-02-19,long,2025-02-19 11:23:00-05:00,22214.25,2025-02-19 11:45:30-05:00,22238.625,146.25,6,117.0,win,target_scale2,22204.5,22223.75,2025-02-19 11:13:00-05:00,2025-02-19 11:13:00-05:00,2025-02-19 11:22:00-05:00,9.75,22238.625,,,0.5064935064935064,0,False
2025-02-19,long,2025-02-19 11:23:00-05:00,22214.25,2025-02-19 12:01:00-05:00,22234.0,118.5,6,117.0,forced_close,forced_close,22204.5,22223.75,2025-02-19 11:13:00-05:00,2025-02-19 11:13:00-05:00,2025-02-19 11:22:00-05:00,9.75,22253.25,,,0.5064935064935064,0,False
2025-02-24,short,2025-02-24 09:43:00-05:00,21696.25,2025-02-24 09:52:30-05:00,21652.75,43.5,1,72.5,win,target_scale1,21732.5,21699.0,2025-02-24 09:39:00-05:00,2025-02-24 09:39:00-05:00,2025-02-24 09:39:00-05:00,36.25,21652.75,,,1.0820895522388059,0,False
2025-02-24,short,2025-02-24 09:43:00-05:00,21696.25,2025-02-24 09:53:30-05:00,21623.75,145.0,2,145.0,win,target_scale2,21732.5,21699.0,2025-02-24 09:39:00-05:00,2025-02-24 09:39:00-05:00,2025-02-24 09:39:00-05:00,36.25,21623.75,,,1.0820895522388059,0,False
2025-02-24,short,2025-02-24 09:43:00-05:00,21696.25,2025-02-24 09:56:30-05:00,21587.5,326.25,3,217.5,win,target,21732.5,21699.0,2025-02-24 09:39:00-05:00,2025-02-24 09:39:00-05:00,2025-02-24 09:39:00-05:00,36.25,21587.5,,,1.0820895522388059,0,False
2025-02-26,long,2025-02-26 09:48:00-05:00,21256.75,2025-02-26 10:12:30-05:00,21331.75,75.0,1,125.0,win,target_scale1,21194.25,21274.25,2025-02-26 09:41:00-05:00,2025-02-26 09:41:00-05:00,2025-02-26 09:43:00-05:00,62.5,21331.75,,,0.78125,1,False
2025-02-26,long,2025-02-26 09:48:00-05:00,21256.75,2025-02-26 11:06:00-05:00,21381.75,125.0,1,125.0,win,target_scale2,21194.25,21274.25,2025-02-26 09:41:00-05:00,2025-02-26 09:41:00-05:00,2025-02-26 09:43:00-05:00,62.5,21381.75,,,0.78125,1,False
2025-02-26,long,2025-02-26 09:48:00-05:00,21256.75,2025-02-26 12:01:00-05:00,21351.5,189.5,2,250.0,forced_close,forced_close,21194.25,21274.25,2025-02-26 09:41:00-05:00,2025-02-26 09:41:00-05:00,2025-02-26 09:43:00-05:00,62.5,21444.25,,,0.78125,1,False
2025-03-05,short,2025-03-05 10:50:00-05:00,20372.5,2025-03-05 11:11:30-05:00,20297.5,75.0,1,125.0,win,target_scale1,20435.0,20370.5,2025-03-05 10:44:00-05:00,2025-03-05 10:44:00-05:00,2025-03-05 10:47:00-05:00,62.5,20297.5,,,0.9689922480620154,0,False
2025-03-05,short,2025-03-05 10:50:00-05:00,20372.5,2025-03-05 11:34:00-05:00,20247.5,125.0,1,125.0,win,target_scale2,20435.0,20370.5,2025-03-05 10:44:00-05:00,2025-03-05 10:44:00-05:00,2025-03-05 10:47:00-05:00,62.5,20247.5,,,0.9689922480620154,0,False
2025-03-05,short,2025-03-05 10:50:00-05:00,20372.5,2025-03-05 12:01:00-05:00,20380.75,-16.5,2,250.0,loss,stop,20435.0,20370.5,2025-03-05 10:44:00-05:00,2025-03-05 10:44:00-05:00,2025-03-05 10:47:00-05:00,62.5,20185.0,2025-03-05 12:01:00-05:00,20372.5,0.9689922480620154,0,False
2025-03-14,long,2025-03-14 10:04:00-04:00,19515.75,2025-03-14 10:06:30-04:00,19563.75,48.0,1,80.0,win,target_scale1,19475.75,19510.75,2025-03-14 10:02:00-04:00,2025-03-14 10:02:00-04:00,2025-03-14 10:03:00-04:00,40.0,19563.75,,,1.1428571428571428,0,False
2025-03-14,long,2025-03-14 10:04:00-04:00,19515.75,2025-03-14 10:13:00-04:00,19476.0,-79.5,2,160.0,loss,stop,19475.75,19510.75,2025-03-14 10:02:00-04:00,2025-03-14 10:02:00-04:00,2025-03-14 10:03:00-04:00,40.0,19595.75,2025-03-14 10:13:00-04:00,19495.75,1.1428571428571428,0,False
2025-03-19,short,2025-03-19 09:42:00-04:00,19543.0,2025-03-19 09:47:00-04:00,19579.5,-255.5,7,490.0,loss,stop,19578.0,19544.25,2025-03-19 09:39:00-04:00,2025-03-19 09:39:00-04:00,2025-03-19 09:41:00-04:00,35.0,19501.0,2025-03-19 09:47:00-04:00,19560.5,1.037037037037037,1,False
2025-03-19,long,2025-03-19 11:10:00-04:00,19655.25,2025-03-19 12:01:00-04:00,19707.75,157.5,3,421.5,forced_close,forced_close,19585.0,19694.5,2025-03-19 10:53:00-04:00,2025-03-19 10:53:00-04:00,2025-03-19 10:56:00-04:00,70.25,19739.55,,,0.6415525114155252,1,False
2025-03-28,short,2025-03-28 09:57:00-04:00,19850.0,2025-03-28 10:07:00-04:00,19810.1,39.900000000001455,1,66.5,win,target_scale1,19883.25,19845.5,2025-03-28 09:55:00-04:00,2025-03-28 09:55:00-04:00,2025-03-28 09:55:00-04:00,33.25,19810.1,,,0.8807947019867549,0,False
2025-03-28,short,2025-03-28 09:57:00-04:00,19850.0,2025-03-28 10:07:30-04:00,19783.5,133.0,2,133.0,win,target_scale2,19883.25,19845.5,2025-03-28 09:55:00-04:00,2025-03-28 09:55:00-04:00,2025-03-28 09:55:00-04:00,33.25,19783.5,,,0.8807947019867549,0,False
2025-03-28,short,2025-03-28 09:57:00-04:00,19850.0,2025-03-28 10:09:00-04:00,19750.25,399.0,4,266.0,win,target,19883.25,19845.5,2025-03-28 09:55:00-04:00,2025-03-28 09:55:00-04:00,2025-03-28 09:55:00-04:00,33.25,19750.25,,,0.8807947019867549,0,False
2025-03-31,long,2025-03-31 11:36:00-04:00,19214.25,2025-03-31 12:01:00-04:00,19237.5,93.0,4,414.0,forced_close,forced_close,19162.5,19233.0,2025-03-31 11:29:00-04:00,2025-03-31 11:29:00-04:00,2025-03-31 11:32:00-04:00,51.75,19276.35,,,0.7340425531914894,1,False
2025-04-03,short,2025-04-03 10:13:00-04:00,18886.5,2025-04-03 10:47:30-04:00,18807.6,236.70000000000437,3,394.5,win,target,18952.25,18891.0,2025-04-03 10:08:00-04:00,2025-04-03 10:08:00-04:00,2025-04-03 10:09:00-04:00,65.75,18807.6,,,1.073469387755102,0,False
2025-04-11,short,2025-04-11 11:14:00-04:00,18369.25,2025-04-11 11:37:00-04:00,18468.0,-296.25,3,453.0,loss,stop,18444.75,18350.0,2025-04-11 11:09:00-04:00,2025-04-11 11:09:00-04:00,2025-04-11 11:11:00-04:00,75.5,18278.65,2025-04-11 11:37:00-04:00,18444.75,0.7968337730870713,0,False
2025-04-11,long,2025-04-11 11:49:00-04:00,18539.0,2025-04-11 12:01:00-04:00,18573.75,104.25,3,417.0,forced_close,forced_close,18469.5,18544.25,2025-04-11 11:42:00-04:00,2025-04-11 11:42:00-04:00,2025-04-11 11:42:00-04:00,69.5,18622.4,,,0.9297658862876255,0,False
2025-04-16,short,2025-04-16 10:17:00-04:00,18553.25,2025-04-16 10:25:00-04:00,18611.5,-233.0,4,430.0,loss,stop,18607.0,18509.75,2025-04-16 10:07:00-04:00,2025-04-16 10:07:00-04:00,2025-04-16 10:13:00-04:00,53.75,18488.75,2025-04-16 10:25:00-04:00,18607.0,0.5526992287917738,1,False
2025-04-23,short,2025-04-23 11:45:00-04:00,18889.25,2025-04-23 11:49:00-04:00,18819.05,70.20000000000073,1,117.0,win,target_scale1,18947.75,18855.25,2025-04-23 11:42:00-04:00,2025-04-23 11:42:00-04:00,2025-04-23 11:42:00-04:00,58.5,18819.05,,,0.6324324324324324,0,False
2025-04-23,short,2025-04-23 11:45:00-04:00,18889.25,2025-04-23 12:01:00-04:00,18858.25,31.0,1,117.0,forced_close,forced_close,18947.75,18855.25,2025-04-23 11:42:00-04:00,2025-04-23 11:42:00-04:00,2025-04-23 11:42:00-04:00,58.5,18772.25,,,0.6324324324324324,0,False
2025-04-25,short,2025-04-25 10:31:00-04:00,19262.75,2025-04-25 10:38:00-04:00,19308.0,-226.25,5,427.5,loss,stop,19305.5,19252.75,2025-04-25 10:25:00-04:00,2025-04-25 10:25:00-04:00,2025-04-25 10:25:00-04:00,42.75,19211.45,2025-04-25 10:38:00-04:00,19305.5,0.8104265402843602,0,False
2025-04-25,long,2025-04-25 11:42:00-04:00,19358.25,2025-04-25 12:01:00-04:00,19367.25,54.0,6,498.0,forced_close,forced_close,19316.75,19393.0,2025-04-25 11:38:00-04:00,2025-04-25 11:38:00-04:00,2025-04-25 11:39:00-04:00,41.5,19408.05,,,0.5442622950819672,1,False
2025-04-28,short,2025-04-28 10:32:00-04:00,19458.25,2025-04-28 11:06:30-04:00,19458.25,0.0,3,487.5,win,target,19539.5,19433.0,2025-04-28 10:25:00-04:00,2025-04-28 10:25:00-04:00,2025-04-28 10:26:00-04:00,81.25,19360.75,,,0.7629107981220657,0,False
2025-04-30,long,2025-04-30 10:45:00-04:00,19342.25,2025-04-30 11:21:30-04:00,19422.05,239.39999999999782,3,399.0,win,target,19275.75,19341.25,2025-04-30 10:36:00-04:00,2025-04-30 10:36:00-04:00,2025-04-30 10:43:00-04:00,66.5,19422.05,,,1.015267175572519,1,False
2025-05-01,long,2025-05-01 10:36:00-04:00,20003.75,2025-05-01 10:40:30-04:00,20038.25,69.0,2,115.0,win,target_scale1,19975.0,20005.25,2025-05-01 10:31:00-04:00,2025-05-01 10:31:00-04:00,2025-05-01 10:33:00-04:00,28.75,20038.25,,,0.9504132231404959,1,False
2025-05-01,long,2025-05-01 10:36:00-04:00,20003.75,2025-05-01 10:58:00-04:00,20061.25,115.0,2,115.0,win,target_scale2,19975.0,20005.25,2025-05-01 10:31:00-04:00,2025-05-01 10:31:00-04:00,2025-05-01 10:33:00-04:00,28.75,20061.25,,,0.9504132231404959,1,False
2025-05-01,long,2025-05-01 10:36:00-04:00,20003.75,2025-05-01 11:12:00-04:00,20090.0,345.0,4,230.0,win,target,19975.0,20005.25,2025-05-01 10:31:00-04:00,2025-05-01 10:31:00-04:00,2025-05-01 10:33:00-04:00,28.75,20090.0,,,0.9504132231404959,1,False
2025-05-02,long,2025-05-02 10:07:00-04:00,20130.25,2025-05-02 10:16:30-04:00,20164.45,68.40000000000146,2,114.0,win,target_scale1,20101.75,20138.0,2025-05-02 10:05:00-04:00,2025-05-02 10:05:00-04:00,2025-05-02 10:05:00-04:00,28.5,20164.45,,,0.7862068965517242,0,False
2025-05-02,long,2025-05-02 10:07:00-04:00,20130.25,2025-05-02 11:16:00-04:00,20187.25,114.0,2,114.0,win,target_scale2,20101.75,20138.0,2025-05-02 10:05:00-04:00,2025-05-02 10:05:00-04:00,2025-05-02 10:05:00-04:00,28.5,20187.25,,,0.7862068965517242,0,False
2025-05-02,long,2025-05-02 10:07:00-04:00,20130.25,2025-05-02 12:01:00-04:00,20195.0,259.0,4,228.0,forced_close,forced_close,20101.75,20138.0,2025-05-02 10:05:00-04:00,2025-05-02 10:05:00-04:00,2025-05-02 10:05:00-04:00,28.5,20215.75,,,0.7862068965517242,0,False
2025-05-05,long,2025-05-05 09:47:00-04:00,20040.5,2025-05-05 09:51:00-04:00,20028.0,-175.0,14,497.0,loss,stop,20022.75,20046.75,2025-05-05 09:46:00-04:00,2025-05-05 09:46:00-04:00,2025-05-05 09:46:00-04:00,17.75,20061.8,2025-05-05 09:51:00-04:00,20031.625,0.7395833333333334,0,False
2025-05-06,short,2025-05-06 10:00:00-04:00,19756.5,2025-05-06 10:02:00-04:00,19782.75,-236.25,9,472.5,loss,stop,19782.75,19746.75,2025-05-06 09:57:00-04:00,2025-05-06 09:57:00-04:00,2025-05-06 09:57:00-04:00,26.25,19725.0,2025-05-06 10:02:00-04:00,19782.75,0.7291666666666666,0,False
2025-05-14,short,2025-05-14 09:56:00-04:00,21288.0,2025-05-14 10:07:00-04:00,21340.25,-261.25,5,430.0,loss,stop,21331.0,21277.0,2025-05-14 09:52:00-04:00,2025-05-14 09:52:00-04:00,2025-05-14 09:53:00-04:00,43.0,21236.4,2025-05-14 10:07:00-04:00,21331.0,0.7962962962962963,1,False
2025-05-14,long,2025-05-14 11:17:00-04:00,21346.5,2025-05-14 11:21:00-04:00,21357.6,66.59999999999127,6,111.0,win,target_scale1,21337.25,21353.25,2025-05-14 11:16:00-04:00,2025-05-14 11:16:00-04:00,2025-05-14 11:16:00-04:00,9.25,21357.6,,,0.578125,0,False
2025-05-14,long,2025-05-14 11:17:00-04:00,21346.5,2025-05-14 11:26:00-04:00,21369.625,138.75,6,111.0,win,target_scale2,21337.25,21353.25,2025-05-14 11:16:00-04:00,2025-05-14 11:16:00-04:00,2025-05-14 11:16:00-04:00,9.25,21369.625,,,0.578125,0,False
2025-05-14,long,2025-05-14 11:17:00-04:00,21346.5,2025-05-14 11:29:00-04:00,21383.5,222.0,6,111.0,win,target_scale3,21337.25,21353.25,2025-05-14 11:16:00-04:00,2025-05-14 11:16:00-04:00,2025-05-14 11:16:00-04:00,9.25,21383.5,,,0.578125,0,False
2025-05-14,long,2025-05-14 11:17:00-04:00,21346.5,2025-05-14 12:01:00-04:00,21378.0,283.5,9,166.5,forced_close,forced_close,21337.25,21353.25,2025-05-14 11:16:00-04:00,2025-05-14 11:16:00-04:00,2025-05-14 11:16:00-04:00,9.25,21406.625,,,0.578125,0,False
2025-05-15,long,2025-05-15 10:56:00-04:00,21323.25,2025-05-15 11:05:30-04:00,21372.15,48.900000000001455,1,81.5,win,target_scale1,21282.5,21319.25,2025-05-15 10:50:00-04:00,2025-05-15 10:50:00-04:00,2025-05-15 10:51:00-04:00,40.75,21372.15,,,1.1088435374149659,0,False
2025-05-15,long,2025-05-15 10:56:00-04:00,21323.25,2025-05-15 11:22:00-04:00,21404.75,163.0,2,163.0,win,target_scale2,21282.5,21319.25,2025-05-15 10:50:00-04:00,2025-05-15 10:50:00-04:00,2025-05-15 10:51:00-04:00,40.75,21404.75,,,1.1088435374149659,0,False
2025-05-15,long,2025-05-15 10:56:00-04:00,21323.25,2025-05-15 11:44:30-04:00,21445.5,366.75,3,244.5,win,target,21282.5,21319.25,2025-05-15 10:50:00-04:00,2025-05-15 10:50:00-04:00,2025-05-15 10:51:00-04:00,40.75,21445.5,,,1.1088435374149659,0,False
2025-05-16,short,2025-05-16 09:41:00-04:00,21426.5,2025-05-16 09:42:00-04:00,21403.7,68.39999999999782,3,114.0,win,target_scale1,21445.5,21418.0,2025-05-16 09:33:00-04:00,2025-05-16 09:33:00-04:00,2025-05-16 09:36:00-04:00,19.0,21403.7,,,0.6909090909090909,1,False
2025-05-16,short,2025-05-16 09:41:00-04:00,21426.5,2025-05-16 09:50:00-04:00,21438.0,-34.5,3,114.0,loss,stop,21445.5,21418.0,2025-05-16 09:33:00-04:00,2025-05-16 09:33:00-04:00,2025-05-16 09:36:00-04:00,19.0,21379.0,2025-05-16 09:50:00-04:00,21436.0,0.6909090909090909,1,False
2025-05-20,long,2025-05-20 10:45:00-04:00,21445.5,2025-05-20 10:52:00-04:00,21430.0,-310.0,20,500.0,loss,stop,21433.0,21445.5,2025-05-20 10:42:00-04:00,2025-05-20 10:42:00-04:00,2025-05-20 10:42:00-04:00,12.5,21460.5,2025-05-20 10:52:00-04:00,21433.0,1.0,1,False
2025-05-27,long,2025-05-27 09:59:00-04:00,21293.5,2025-05-27 10:00:30-04:00,21304.9,68.40000000000873,6,114.0,win,target_scale1,21284.0,21293.0,2025-05-27 09:58:00-04:00,2025-05-27 09:58:00-04:00,2025-05-27 09:58:00-04:00,9.5,21304.9,,,1.0555555555555556,0,False
2025-05-27,long,2025-05-27 09:59:00-04:00,21293.5,2025-05-27 10:01:00-04:00,21317.25,142.5,6,114.0,win,target_scale2,21284.0,21293.0,2025-05-27 09:58:00-04:00,2025-05-27 09:58:00-04:00,2025-05-27 09:58:00-04:00,9.5,21317.25,,,1.0555555555555556,0,False
2025-05-27,long,2025-05-27 09:59:00-04:00,21293.5,2025-05-27 10:01:30-04:00,21331.5,228.0,6,114.0,win,target_scale3,21284.0,21293.0,2025-05-27 09:58:00-04:00,2025-05-27 09:58:00-04:00,2025-05-27 09:58:00-04:00,9.5,21331.5,,,1.0555555555555556,0,False
2025-05-27,long,2025-05-27 09:59:00-04:00,21293.5,2025-05-27 10:13:00-04:00,21355.25,494.0,8,152.0,win,target,21284.0,21293.0,2025-05-27 09:58:00-04:00,2025-05-27 09:58:00-04:00,2025-05-27 09:58:00-04:00,9.5,21355.25,,,1.0555555555555556,0,False
2025-05-28,short,2025-05-28 09:58:00-04:00,21462.5,2025-05-28 11:05:00-04:00,21467.0,-22.5,5,422.5,loss,stop,21504.75,21467.5,2025-05-28 09:53:00-04:00,2025-05-28 09:53:00-04:00,2025-05-28 09:54:00-04:00,42.25,21411.8,2025-05-28 11:05:00-04:00,21462.5,1.1342281879194631,1,False
2025-05-30,short,2025-05-30 11:11:00-04:00,21347.5,2025-05-30 11:28:00-04:00,21368.0,-184.5,9,495.0,loss,stop,21375.0,21345.0,2025-05-30 11:00:00-04:00,2025-05-30 11:00:00-04:00,2025-05-30 11:09:00-04:00,27.5,21314.5,2025-05-30 11:28:00-04:00,21361.25,0.9166666666666666,1,False
2025-06-03,short,2025-06-03 09:38:00-04:00,21533.5,2025-06-03 09:39:30-04:00,21510.7,68.39999999999782,3,114.0,win,target_scale1,21552.5,21527.5,2025-06-03 09:34:00-04:00,2025-06-03 09:34:00-04:00,2025-06-03 09:34:00-04:00,19.0,21510.7,,,0.76,0,False
2025-06-03,short,2025-06-03 09:38:00-04:00,21533.5,2025-06-03 09:42:00-04:00,21559.0,-76.5,3,114.0,loss,stop,21552.5,21527.5,2025-06-03 09:34:00-04:00,2025-06-03 09:34:00-04:00,2025-06-03 09:34:00-04:00,19.0,21486.0,2025-06-03 09:42:00-04:00,21543.0,0.76,0,False
2025-06-03,long,2025-06-03 10:16:00-04:00,21615.0,2025-06-03 11:20:30-04:00,21684.0,69.0,1,115.0,win,target_scale1,21557.5,21638.75,2025-06-03 10:08:00-04:00,2025-06-03 10:08:00-04:00,2025-06-03 10:09:00-04:00,57.5,21684.0,,,0.7076923076923077,0,False
2025-06-03,long,2025-06-03 10:16:00-04:00,21615.0,2025-06-03 12:01:00-04:00,21686.0,71.0,1,115.0,forced_close,forced_close,21557.5,21638.75,2025-06-03 10:08:00-04:00,2025-06-03 10:08:00-04:00,2025-06-03 10:09:00-04:00,57.5,21730.0,,,0.7076923076923077,0,False
2025-06-04,short,2025-06-04 10:47:00-04:00,21716.25,2025-06-04 10:49:00-04:00,21737.25,-420.0,20,490.0,loss,stop,21728.5,21712.5,2025-06-04 10:45:00-04:00,2025-06-04 10:45:00-04:00,2025-06-04 10:46:00-04:00,12.25,21701.55,2025-06-04 10:49:00-04:00,21728.5,0.765625,0,False
2025-06-04,long,2025-06-04 11:40:00-04:00,21764.75,2025-06-04 11:45:00-04:00,21740.0,-272.25,11,462.0,loss,stop,21743.75,21784.75,2025-06-04 11:31:00-04:00,2025-06-04 11:31:00-04:00,2025-06-04 11:31:00-04:00,21.0,21789.95,2025-06-04 11:45:00-04:00,21743.75,0.5121951219512195,0,False
2025-06-06,long,2025-06-06 10:10:00-04:00,21839.75,2025-06-06 10:29:00-04:00,21790.25,-297.0,6,441.0,loss,stop,21803.0,21863.5,2025-06-06 09:57:00-04:00,2025-06-06 09:57:00-04:00,2025-06-06 09:57:00-04:00,36.75,21883.85,2025-06-06 10:29:00-04:00,21803.0,0.6074380165289256,0,False
2025-06-10,long,2025-06-10 10:19:00-04:00,21875.75,2025-06-10 10:51:00-04:00,21874.75,-6.0,6,432.0,loss,stop,21839.75,21893.25,2025-06-10 09:55:00-04:00,2025-06-10 09:55:00-04:00,2025-06-10 09:58:00-04:00,36.0,21918.95,2025-06-10 10:51:00-04:00,21875.75,0.6728971962616822,0,False
2025-06-10,long,2025-06-10 12:00:00-04:00,21874.75,2025-06-10 12:01:00-04:00,21875.0,4.5,18,486.0,forced_close,forced_close,21861.25,21873.75,2025-06-10 11:55:00-04:00,2025-06-10 11:55:00-04:00,2025-06-10 11:58:00-04:00,13.5,21890.95,,,1.08,0,False
2025-06-11,long,2025-06-11 11:16:00-04:00,22035.25,2025-06-11 11:35:00-04:00,22015.75,-253.5,13,474.5,loss,stop,22017.0,22035.25,2025-06-11 11:14:00-04:00,2025-06-11 11:14:00-04:00,2025-06-11 11:15:00-04:00,18.25,22057.15,2025-06-11 11:35:00-04:00,22017.0,1.0,0,False
2025-06-12,long,2025-06-12 09:45:00-04:00,21879.75,2025-06-12 09:56:00-04:00,21850.25,-354.0,12,492.0,loss,stop,21859.25,21880.5,2025-06-12 09:42:00-04:00,2025-06-12 09:42:00-04:00,2025-06-12 09:42:00-04:00,20.5,21904.35,2025-06-12 09:56:00-04:00,21859.25,0.9647058823529412,0,False
2025-06-13,long,2025-06-13 10:54:00-04:00,21742.25,2025-06-13 11:32:30-04:00,21811.85,69.59999999999854,1,116.0,win,target_scale1,21684.25,21746.75,2025-06-13 10:43:00-04:00,2025-06-13 10:43:00-04:00,2025-06-13 10:50:00-04:00,58.0,21811.85,,,0.928,2,False
2025-06-13,long,2025-06-13 10:54:00-04:00,21742.25,2025-06-13 12:01:00-04:00,21826.25,84.0,1,116.0,forced_close,forced_close,21684.25,21746.75,2025-06-13 10:43:00-04:00,2025-06-13 10:43:00-04:00,2025-06-13 10:50:00-04:00,58.0,21858.25,,,0.928,2,False
2025-06-25,long,2025-06-25 09:44:00-04:00,22544.75,2025-06-25 09:49:00-04:00,22523.25,-301.0,14,490.0,loss,stop,22527.25,22545.5,2025-06-25 09:42:00-04:00,2025-06-25 09:42:00-04:00,2025-06-25 09:42:00-04:00,17.5,22565.75,2025-06-25 09:49:00-04:00,22527.25,0.958904109589041,0,False
2025-06-26,long,2025-06-26 10:25:00-04:00,22571.75,2025-06-26 10:31:30-04:00,22588.25,66.0,4,110.0,win,target_scale1,22558.0,22575.0,2025-06-26 10:23:00-04:00,2025-06-26 10:23:00-04:00,2025-06-26 10:24:00-04:00,13.75,22588.25,,,0.8088235294117647,0,False
2025-06-26,long,2025-06-26 10:25:00-04:00,22571.75,2025-06-26 10:44:00-04:00,22564.75,-28.0,4,110.0,loss,stop,22558.0,22575.0,2025-06-26 10:23:00-04:00,2025-06-26 10:23:00-04:00,2025-06-26 10:24:00-04:00,13.75,22606.125,2025-06-26 10:44:00-04:00,22564.875,0.8088235294117647,0,False
2025-06-27,long,2025-06-27 09:52:00-04:00,22738.5,2025-06-27 09:56:30-04:00,22767.9,58.80000000000291,2,98.0,win,target_scale1,22714.0,22743.0,2025-06-27 09:41:00-04:00,2025-06-27 09:41:00-04:00,2025-06-27 09:41:00-04:00,24.5,22767.9,,,0.8448275862068966,0,False
2025-06-27,long,2025-06-27 09:52:00-04:00,22738.5,2025-06-27 10:01:00-04:00,22787.5,147.0,3,147.0,win,target_scale2,22714.0,22743.0,2025-06-27 09:41:00-04:00,2025-06-27 09:41:00-04:00,2025-06-27 09:41:00-04:00,24.5,22787.5,,,0.8448275862068966,0,False
2025-06-27,long,2025-06-27 09:52:00-04:00,22738.5,2025-06-27 10:09:30-04:00,22812.0,367.5,5,245.0,win,target,22714.0,22743.0,2025-06-27 09:41:00-04:00,2025-06-27 09:41:00-04:00,2025-06-27 09:41:00-04:00,24.5,22812.0,,,0.8448275862068966,0,False
2025-07-01,short,2025-07-01 10:27:00-04:00,22773.75,2025-07-01 10:33:30-04:00,22745.25,57.0,2,95.0,win,target_scale1,22797.5,22774.25,2025-07-01 10:24:00-04:00,2025-07-01 10:24:00-04:00,2025-07-01 10:25:00-04:00,23.75,22745.25,,,1.021505376344086,1,False
2025-07-01,short,2025-07-01 10:27:00-04:00,22773.75,2025-07-01 10:37:30-04:00,22726.25,142.5,3,142.5,win,target_scale2,22797.5,22774.25,2025-07-01 10:24:00-04:00,2025-07-01 10:24:00-04:00,2025-07-01 10:25:00-04:00,23.75,22726.25,,,1.021505376344086,1,False
2025-07-01,short,2025-07-01 10:27:00-04:00,22773.75,2025-07-01 10:43:00-04:00,22702.5,356.25,5,237.5,win,target,22797.5,22774.25,2025-07-01 10:24:00-04:00,2025-07-01 10:24:00-04:00,2025-07-01 10:25:00-04:00,23.75,22702.5,,,1.021505376344086,1,False
2025-07-03,long,2025-07-03 09:51:00-04:00,22971.25,2025-07-03 10:00:30-04:00,23019.25,48.0,1,80.0,win,target_scale1,22931.25,22986.0,2025-07-03 09:33:00-04:00,2025-07-03 09:33:00-04:00,2025-07-03 09:43:00-04:00,40.0,23019.25,,,0.730593607305936,0,False
2025-07-03,long,2025-07-03 09:51:00-04:00,22971.25,2025-07-03 10:10:00-04:00,23051.25,160.0,2,160.0,win,target_scale2,22931.25,22986.0,2025-07-03 09:33:00-04:00,2025-07-03 09:33:00-04:00,2025-07-03 09:43:00-04:00,40.0,23051.25,,,0.730593607305936,0,False
2025-07-03,long,2025-07-03 09:51:00-04:00,22971.25,2025-07-03 11:41:00-04:00,23091.25,360.0,3,240.0,win,target,22931.25,22986.0,2025-07-03 09:33:00-04:00,2025-07-03 09:33:00-04:00,2025-07-03 09:43:00-04:00,40.0,23091.25,,,0.730593607305936,0,False
2025-07-04,long,2025-07-04 09:52:00-04:00,22924.25,2025-07-04 10:10:00-04:00,22912.25,-276.0,23,483.0,loss,stop,22913.75,22929.25,2025-07-04 09:44:00-04:00,2025-07-04 09:44:00-04:00,2025-07-04 09:51:00-04:00,10.5,22936.85,2025-07-04 10:10:00-04:00,22913.75,0.6774193548387096,0,False
2025-07-11,long,2025-07-11 10:12:00-04:00,22961.5,2025-07-11 10:22:30-04:00,22988.5,54.0,2,90.0,win,target_scale1,22939.0,22967.75,2025-07-11 10:01:00-04:00,2025-07-11 10:01:00-04:00,2025-07-11 10:10:00-04:00,22.5,22988.5,,,0.782608695652174,0,False
2025-07-11,long,2025-07-11 10:12:00-04:00,22961.5,2025-07-11 10:36:00-04:00,23006.5,135.0,3,135.0,win,target_scale2,22939.0,22967.75,2025-07-11 10:01:00-04:00,2025-07-11 10:01:00-04:00,2025-07-11 10:10:00-04:00,22.5,23006.5,,,0.782608695652174,0,False
2025-07-11,long,2025-07-11 10:12:00-04:00,22961.5,2025-07-11 10:54:00-04:00,22956.75,-28.5,6,270.0,loss,stop,22939.0,22967.75,2025-07-11 10:01:00-04:00,2025-07-11 10:01:00-04:00,2025-07-11 10:10:00-04:00,22.5,23029.0,2025-07-11 10:54:00-04:00,22961.5,0.782608695652174,0,False
2025-07-14,long,2025-07-14 10:52:00-04:00,22972.25,2025-07-14 11:01:30-04:00,22996.85,73.79999999999563,3,123.0,win,target_scale1,22951.75,22970.75,2025-07-14 10:48:00-04:00,2025-07-14 10:48:00-04:00,2025-07-14 10:48:00-04:00,20.5,22996.85,,,1.0789473684210527,1,False
2025-07-14,long,2025-07-14 10:52:00-04:00,22972.25,2025-07-14 11:04:00-04:00,23013.25,164.0,4,164.0,win,target_scale2,22951.75,22970.75,2025-07-14 10:48:00-04:00,2025-07-14 10:48:00-04:00,2025-07-14 10:48:00-04:00,20.5,23013.25,,,1.0789473684210527,1,False
2025-07-14,long,2025-07-14 10:52:00-04:00,22972.25,2025-07-14 12:01:00-04:00,23003.25,155.0,5,205.0,forced_close,forced_close,22951.75,22970.75,2025-07-14 10:48:00-04:00,2025-07-14 10:48:00-04:00,2025-07-14 10:48:00-04:00,20.5,23033.75,,,1.0789473684210527,1,False
2025-07-17,long,2025-07-17 09:47:00-04:00,23126.75,2025-07-17 09:52:00-04:00,23140.85,70.49999999999272,5,117.5,win,target_scale1,23115.0,23128.25,2025-07-17 09:44:00-04:00,2025-07-17 09:44:00-04:00,2025-07-17 09:44:00-04:00,11.75,23140.85,,,0.8867924528301887,0,False
2025-07-17,long,2025-07-17 09:47:00-04:00,23126.75,2025-07-17 09:53:30-04:00,23156.125,146.875,5,117.5,win,target_scale2,23115.0,23128.25,2025-07-17 09:44:00-04:00,2025-07-17 09:44:00-04:00,2025-07-17 09:44:00-04:00,11.75,23156.125,,,0.8867924528301887,0,False
2025-07-17,long,2025-07-17 09:47:00-04:00,23126.75,2025-07-17 10:02:00-04:00,23173.75,235.0,5,117.5,win,target_scale3,23115.0,23128.25,2025-07-17 09:44:00-04:00,2025-07-17 09:44:00-04:00,2025-07-17 09:44:00-04:00,11.75,23173.75,,,0.8867924528301887,0,False
2025-07-17,long,2025-07-17 09:47:00-04:00,23126.75,2025-07-17 10:24:00-04:00,23124.75,-12.0,6,141.0,loss,stop,23115.0,23128.25,2025-07-17 09:44:00-04:00,2025-07-17 09:44:00-04:00,2025-07-17 09:44:00-04:00,11.75,23203.125,2025-07-17 10:24:00-04:00,23126.75,0.8867924528301887,0,False
2025-07-24,short,2025-07-24 09:38:00-04:00,23348.75,2025-07-24 09:48:00-04:00,23397.75,-441.0,9,463.5,loss,stop,23374.5,23341.0,2025-07-24 09:33:00-04:00,2025-07-24 09:33:00-04:00,2025-07-24 09:36:00-04:00,25.75,23317.85,2025-07-24 09:48:00-04:00,23374.5,0.7686567164179104,0,False
2025-07-29,short,2025-07-29 10:17:00-04:00,23570.25,2025-07-29 10:52:00-04:00,23536.95,66.59999999999854,2,111.0,win,target_scale1,23598.0,23556.0,2025-07-29 09:58:00-04:00,2025-07-29 09:58:00-04:00,2025-07-29 09:58:00-04:00,27.75,23536.95,,,0.6607142857142857,0,False
2025-07-29,short,2025-07-29 10:17:00-04:00,23570.25,2025-07-29 10:54:00-04:00,23514.75,166.5,3,166.5,win,target_scale2,23598.0,23556.0,2025-07-29 09:58:00-04:00,2025-07-29 09:58:00-04:00,2025-07-29 09:58:00-04:00,27.75,23514.75,,,0.6607142857142857,0,False
2025-07-29,short,2025-07-29 10:17:00-04:00,23570.25,2025-07-29 11:23:30-04:00,23487.0,333.0,4,222.0,win,target,23598.0,23556.0,2025-07-29 09:58:00-04:00,2025-07-29 09:58:00-04:00,2025-07-29 09:58:00-04:00,27.75,23487.0,,,0.6607142857142857,0,False
2025-08-05,short,2025-08-05 10:22:00-04:00,23289.5,2025-08-05 10:28:00-04:00,23263.1,52.80000000000291,2,88.0,win,target_scale1,23311.5,23292.75,2025-08-05 10:20:00-04:00,2025-08-05 10:20:00-04:00,2025-08-05 10:20:00-04:00,22.0,23263.1,,,1.1733333333333333,0,False
2025-08-05,short,2025-08-05 10:22:00-04:00,23289.5,2025-08-05 10:35:30-04:00,23245.5,132.0,3,132.0,win,target_scale2,23311.5,23292.75,2025-08-05 10:20:00-04:00,2025-08-05 10:20:00-04:00,2025-08-05 10:20:00-04:00,22.0,23245.5,,,1.1733333333333333,0,False
2025-08-05,short,2025-08-05 10:22:00-04:00,23289.5,2025-08-05 10:42:00-04:00,23223.5,396.0,6,264.0,win,target,23311.5,23292.75,2025-08-05 10:20:00-04:00,2025-08-05 10:20:00-04:00,2025-08-05 10:20:00-04:00,22.0,23223.5,,,1.1733333333333333,0,False
2025-08-07,long,2025-08-07 10:15:00-04:00,23608.25,2025-08-07 10:16:00-04:00,23593.0,-305.0,20,480.0,loss,stop,23596.25,23613.0,2025-08-07 10:14:00-04:00,2025-08-07 10:14:00-04:00,2025-08-07 10:14:00-04:00,12.0,23622.65,2025-08-07 10:16:00-04:00,23596.25,0.7164179104477612,0,False
2025-08-07,short,2025-08-07 10:52:00-04:00,23552.5,2025-08-07 11:21:30-04:00,23552.5,0.0,1,82.5,win,target_scale1,23593.75,23540.25,2025-08-07 10:45:00-04:00,2025-08-07 10:45:00-04:00,2025-08-07 10:46:00-04:00,41.25,23503.0,,,0.7710280373831776,0,False
2025-08-07,short,2025-08-07 10:52:00-04:00,23552.5,2025-08-07 11:22:00-04:00,23552.5,0.0,2,165.0,win,target_scale2,23593.75,23540.25,2025-08-07 10:45:00-04:00,2025-08-07 10:45:00-04:00,2025-08-07 10:46:00-04:00,41.25,23470.0,,,0.7710280373831776,0,False
2025-08-07,short,2025-08-07 10:52:00-04:00,23552.5,2025-08-07 11:22:30-04:00,23552.5,0.0,3,247.5,win,target,23593.75,23540.25,2025-08-07 10:45:00-04:00,2025-08-07 10:45:00-04:00,2025-08-07 10:46:00-04:00,41.25,23428.75,,,0.7710280373831776,0,False
2025-08-11,long,2025-08-11 11:35:00-04:00,23742.5,2025-08-11 11:39:00-04:00,23723.75,-281.25,15,495.0,loss,stop,23726.0,23751.5,2025-08-11 11:27:00-04:00,2025-08-11 11:27:00-04:00,2025-08-11 11:31:00-04:00,16.5,23762.3,2025-08-11 11:39:00-04:00,23726.0,0.6470588235294118,0,False
2025-08-12,long,2025-08-12 10:28:00-04:00,23758.25,2025-08-12 10:47:00-04:00,23733.75,-294.0,12,474.0,loss,stop,23738.5,23761.5,2025-08-12 10:24:00-04:00,2025-08-12 10:24:00-04:00,2025-08-12 10:26:00-04:00,19.75,23781.95,2025-08-12 10:47:00-04:00,23738.5,0.8586956521739131,0,False
2025-08-13,short,2025-08-13 10:00:00-04:00,24017.25,2025-08-13 10:01:00-04:00,23999.55,70.80000000000291,4,118.0,win,target_scale1,24032.0,24005.0,2025-08-13 09:58:00-04:00,2025-08-13 09:58:00-04:00,2025-08-13 09:58:00-04:00,14.75,23999.55,,,0.5462962962962963,1,False
2025-08-13,short,2025-08-13 10:00:00-04:00,24017.25,2025-08-13 10:11:30-04:00,23980.375,147.5,4,118.0,win,target_scale2,24032.0,24005.0,2025-08-13 09:58:00-04:00,2025-08-13 09:58:00-04:00,2025-08-13 09:58:00-04:00,14.75,23980.375,,,0.5462962962962963,1,False
2025-08-13,short,2025-08-13 10:00:00-04:00,24017.25,2025-08-13 10:28:30-04:00,23958.25,236.0,4,118.0,win,target_scale3,24032.0,24005.0,2025-08-13 09:58:00-04:00,2025-08-13 09:58:00-04:00,2025-08-13 09:58:00-04:00,14.75,23958.25,,,0.5462962962962963,1,False
2025-08-13,short,2025-08-13 10:00:00-04:00,24017.25,2025-08-13 11:09:00-04:00,23921.375,383.5,4,118.0,win,target,24032.0,24005.0,2025-08-13 09:58:00-04:00,2025-08-13 09:58:00-04:00,2025-08-13 09:58:00-04:00,14.75,23921.375,,,0.5462962962962963,1,False
2025-08-18,short,2025-08-18 09:59:00-04:00,23740.0,2025-08-18 10:04:00-04:00,23780.75,-326.0,8,472.0,loss,stop,23769.5,23744.25,2025-08-18 09:56:00-04:00,2025-08-18 09:56:00-04:00,2025-08-18 09:56:00-04:00,29.5,23704.6,2025-08-18 10:04:00-04:00,23769.5,1.1683168316831682,0,False
2025-08-21,long,2025-08-21 10:10:00-04:00,23282.0,2025-08-21 10:18:00-04:00,23307.5,51.0,2,85.0,win,target_scale1,23260.75,23289.25,2025-08-21 10:08:00-04:00,2025-08-21 10:08:00-04:00,2025-08-21 10:08:00-04:00,21.25,23307.5,,,0.7456140350877193,0,False
2025-08-21,long,2025-08-21 10:10:00-04:00,23282.0,2025-08-21 10:25:30-04:00,23324.5,127.5,3,127.5,win,target_scale2,23260.75,23289.25,2025-08-21 10:08:00-04:00,2025-08-21 10:08:00-04:00,2025-08-21 10:08:00-04:00,21.25,23324.5,,,0.7456140350877193,0,False
2025-08-21,long,2025-08-21 10:10:00-04:00,23282.0,2025-08-21 10:29:30-04:00,23345.75,382.5,6,255.0,win,target,23260.75,23289.25,2025-08-21 10:08:00-04:00,2025-08-21 10:08:00-04:00,2025-08-21 10:08:00-04:00,21.25,23345.75,,,0.7456140350877193,0,False
2025-08-25,short,2025-08-25 09:48:00-04:00,23464.25,2025-08-25 09:59:00-04:00,23515.5,-256.25,5,475.0,loss,stop,23511.75,23445.0,2025-08-25 09:38:00-04:00,2025-08-25 09:38:00-04:00,2025-08-25 09:39:00-04:00,47.5,23407.25,2025-08-25 09:59:00-04:00,23511.75,0.7116104868913857,2,False
2025-08-25,long,2025-08-25 10:05:00-04:00,23542.5,2025-08-25 10:43:00-04:00,23541.25,-7.5,6,456.0,loss,stop,23504.5,23538.75,2025-08-25 10:01:00-04:00,2025-08-25 10:01:00-04:00,2025-08-25 10:02:00-04:00,38.0,23588.1,2025-08-25 10:43:00-04:00,23542.5,1.1094890510948905,1,False
2025-08-26,long,2025-08-26 10:01:00-04:00,23503.25,2025-08-26 10:12:00-04:00,23491.75,-138.0,12,486.0,loss,stop,23483.0,23506.5,2025-08-26 09:57:00-04:00,2025-08-26 09:57:00-04:00,2025-08-26 09:57:00-04:00,20.25,23527.55,2025-08-26 10:12:00-04:00,23493.125,0.8617021276595744,0,False
2025-08-28,long,2025-08-28 09:41:00-04:00,23723.75,2025-08-28 09:46:00-04:00,23673.75,-250.0,5,432.5,loss,stop,23680.5,23743.25,2025-08-28 09:36:00-04:00,2025-08-28 09:36:00-04:00,2025-08-28 09:38:00-04:00,43.25,23775.65,2025-08-28 09:46:00-04:00,23680.5,0.6892430278884463,0,False
2025-08-28,long,2025-08-28 10:51:00-04:00,23713.0,2025-08-28 10:52:00-04:00,23700.0,-299.0,23,483.0,loss,stop,23702.5,23720.0,2025-08-28 10:50:00-04:00,2025-08-28 10:50:00-04:00,2025-08-28 10:50:00-04:00,10.5,23725.6,2025-08-28 10:52:00-04:00,23702.5,0.6,0,False
2025-09-01,long,2025-09-01 09:49:00-04:00,23482.25,2025-09-01 09:54:00-04:00,23493.05,64.79999999999563,6,108.0,win,target_scale1,23473.25,23484.0,2025-09-01 09:43:00-04:00,2025-09-01 09:43:00-04:00,2025-09-01 09:48:00-04:00,9.0,23493.05,,,0.8372093023255814,1,False
2025-09-01,long,2025-09-01 09:49:00-04:00,23482.25,2025-09-01 10:23:00-04:00,23482.0,-1.5,6,108.0,loss,stop,23473.25,23484.0,2025-09-01 09:43:00-04:00,2025-09-01 09:43:00-04:00,2025-09-01 09:48:00-04:00,9.0,23504.75,2025-09-01 10:23:00-04:00,23482.25,0.8372093023255814,1,False
2025-09-02,short,2025-09-02 11:58:00-04:00,23031.5,2025-09-02 12:01:00-04:00,23059.0,-247.5,9,472.5,loss,stop,23057.75,23026.5,2025-09-02 11:56:00-04:00,2025-09-02 11:56:00-04:00,2025-09-02 11:57:00-04:00,26.25,23000.0,2025-09-02 12:01:00-04:00,23057.75,0.84,2,False
2025-09-03,long,2025-09-03 10:11:00-04:00,23448.75,2025-09-03 10:13:00-04:00,23400.0,-633.75,13,481.0,loss,direction_flip,23430.25,23461.0,2025-09-03 10:09:00-04:00,2025-09-03 10:09:00-04:00,2025-09-03 10:10:00-04:00,18.5,23470.95,2025-09-03 10:13:00-04:00,23430.25,0.6016260162601627,1,False
2025-09-03,long,2025-09-03 10:23:00-04:00,23450.0,2025-09-03 10:26:30-04:00,23471.0,63.0,3,105.0,win,target_scale1,23432.5,23453.5,2025-09-03 10:22:00-04:00,2025-09-03 10:22:00-04:00,2025-09-03 10:22:00-04:00,17.5,23471.0,,,0.8333333333333334,0,False
2025-09-03,long,2025-09-03 10:23:00-04:00,23450.0,2025-09-03 10:30:00-04:00,23433.0,-51.0,3,105.0,loss,stop,23432.5,23453.5,2025-09-03 10:22:00-04:00,2025-09-03 10:22:00-04:00,2025-09-03 10:22:00-04:00,17.5,23493.75,2025-09-03 10:30:00-04:00,23441.25,0.8333333333333334,0,False
2025-09-04,long,2025-09-04 10:31:00-04:00,23495.0,2025-09-04 11:01:00-04:00,23533.7,38.70000000000073,1,64.5,win,target_scale1,23462.75,23494.5,2025-09-04 10:27:00-04:00,2025-09-04 10:27:00-04:00,2025-09-04 10:28:00-04:00,32.25,23533.7,,,1.015748031496063,1,False
2025-09-04,long,2025-09-04 10:31:00-04:00,23495.0,2025-09-04 12:01:00-04:00,23534.75,79.5,2,129.0,forced_close,forced_close,23462.75,23494.5,2025-09-04 10:27:00-04:00,2025-09-04 10:27:00-04:00,2025-09-04 10:28:00-04:00,32.25,23559.5,,,1.015748031496063,1,False
2025-09-10,short,2025-09-10 09:48:00-04:00,23923.75,2025-09-10 09:54:00-04:00,23938.5,-118.0,8,452.0,loss,stop,23952.0,23918.0,2025-09-10 09:44:00-04:00,2025-09-10 09:44:00-04:00,2025-09-10 09:45:00-04:00,28.25,23889.85,2025-09-10 09:54:00-04:00,23937.875,0.8308823529411765,0,False
2025-09-11,short,2025-09-11 10:23:00-04:00,23954.5,2025-09-11 10:33:00-04:00,23982.75,-254.25,9,454.5,loss,stop,23979.75,23950.5,2025-09-11 10:18:00-04:00,2025-09-11 10:18:00-04:00,2025-09-11 10:19:00-04:00,25.25,23924.2,2025-09-11 10:33:00-04:00,23979.75,0.8632478632478633,0,False
2025-09-11,long,2025-09-11 11:04:00-04:00,24009.75,2025-09-11 11:47:00-04:00,24006.75,-21.0,7,483.0,loss,stop,23975.25,24022.0,2025-09-11 10:48:00-04:00,2025-09-11 10:48:00-04:00,2025-09-11 10:56:00-04:00,34.5,24051.15,2025-09-11 11:47:00-04:00,24009.75,0.7379679144385026,0,False
2025-09-12,long,2025-09-12 10:26:00-04:00,24073.25,2025-09-12 10:35:30-04:00,24085.55,73.79999999999563,6,123.0,win,target_scale1,24063.0,24074.0,2025-09-12 10:23:00-04:00,2025-09-12 10:23:00-04:00,2025-09-12 10:23:00-04:00,10.25,24085.55,,,0.9318181818181818,0,False
2025-09-12,long,2025-09-12 10:26:00-04:00,24073.25,2025-09-12 10:52:30-04:00,24098.875,153.75,6,123.0,win,target_scale2,24063.0,24074.0,2025-09-12 10:23:00-04:00,2025-09-12 10:23:00-04:00,2025-09-12 10:23:00-04:00,10.25,24098.875,,,0.9318181818181818,0,False
2025-09-12,long,2025-09-12 10:26:00-04:00,24073.25,2025-09-12 10:55:30-04:00,24114.25,246.0,6,123.0,win,target_scale3,24063.0,24074.0,2025-09-12 10:23:00-04:00,2025-09-12 10:23:00-04:00,2025-09-12 10:23:00-04:00,10.25,24114.25,,,0.9318181818181818,0,False
2025-09-12,long,2025-09-12 10:26:00-04:00,24073.25,2025-09-12 12:01:00-04:00,24084.75,69.0,6,123.0,forced_close,forced_close,24063.0,24074.0,2025-09-12 10:23:00-04:00,2025-09-12 10:23:00-04:00,2025-09-12 10:23:00-04:00,10.25,24139.875,,,0.9318181818181818,0,False
2025-09-15,long,2025-09-15 09:36:00-04:00,24205.0,2025-09-15 09:41:30-04:00,24225.4,61.200000000004366,3,102.0,win,target_scale1,24188.0,24212.25,2025-09-15 09:34:00-04:00,2025-09-15 09:34:00-04:00,2025-09-15 09:35:00-04:00,17.0,24225.4,,,0.7010309278350515,2,False
2025-09-15,long,2025-09-15 09:36:00-04:00,24205.0,2025-09-15 09:52:00-04:00,24247.5,127.5,3,102.0,win,target_scale2,24188.0,24212.25,2025-09-15 09:34:00-04:00,2025-09-15 09:34:00-04:00,2025-09-15 09:35:00-04:00,17.0,24247.5,,,0.7010309278350515,2,False
2025-09-15,long,2025-09-15 09:36:00-04:00,24205.0,2025-09-15 11:00:30-04:00,24273.0,204.0,3,102.0,win,target_scale3,24188.0,24212.25,2025-09-15 09:34:00-04:00,2025-09-15 09:34:00-04:00,2025-09-15 09:35:00-04:00,17.0,24273.0,,,0.7010309278350515,2,False
2025-09-15,long,2025-09-15 09:36:00-04:00,24205.0,2025-09-15 12:01:00-04:00,24277.75,363.75,5,170.0,forced_close,forced_close,24188.0,24212.25,2025-09-15 09:34:00-04:00,2025-09-15 09:34:00-04:00,2025-09-15 09:35:00-04:00,17.0,24315.5,,,0.7010309278350515,2,False
2025-09-26,short,2025-09-26 10:23:00-04:00,24579.25,2025-09-26 10:26:30-04:00,24536.95,42.29999999999927,1,70.5,win,target_scale1,24614.5,24582.25,2025-09-26 10:17:00-04:00,2025-09-26 10:17:00-04:00,2025-09-26 10:18:00-04:00,35.25,24536.95,,,1.0930232558139534,0,False
2025-09-26,short,2025-09-26 10:23:00-04:00,24579.25,2025-09-26 10:39:00-04:00,24605.25,-52.0,2,141.0,loss,stop,24614.5,24582.25,2025-09-26 10:17:00-04:00,2025-09-26 10:17:00-04:00,2025-09-26 10:18:00-04:00,35.25,24508.75,2025-09-26 10:39:00-04:00,24596.875,1.0930232558139534,0,False
2025-09-29,long,2025-09-29 09:41:00-04:00,24881.0,2025-09-29 09:43:30-04:00,24900.2,57.60000000000218,3,96.0,win,target_scale1,24865.0,24887.25,2025-09-29 09:35:00-04:00,2025-09-29 09:35:00-04:00,2025-09-29 09:37:00-04:00,16.0,24900.2,,,0.7191011235955056,0,False
2025-09-29,long,2025-09-29 09:41:00-04:00,24881.0,2025-09-29 09:45:30-04:00,24921.0,120.0,3,96.0,win,target_scale2,24865.0,24887.25,2025-09-29 09:35:00-04:00,2025-09-29 09:35:00-04:00,2025-09-29 09:37:00-04:00,16.0,24921.0,,,0.7191011235955056,0,False
2025-09-29,long,2025-09-29 09:41:00-04:00,24881.0,2025-09-29 09:50:00-04:00,24945.0,192.0,3,96.0,win,target_scale3,24865.0,24887.25,2025-09-29 09:35:00-04:00,2025-09-29 09:35:00-04:00,2025-09-29 09:37:00-04:00,16.0,24945.0,,,0.7191011235955056,0,False
2025-09-29,long,2025-09-29 09:41:00-04:00,24881.0,2025-09-29 11:18:00-04:00,24869.25,-70.5,6,192.0,loss,stop,24865.0,24887.25,2025-09-29 09:35:00-04:00,2025-09-29 09:35:00-04:00,2025-09-29 09:37:00-04:00,16.0,24985.0,2025-09-29 11:18:00-04:00,24881.0,0.7191011235955056,0,False
2025-09-29,short,2025-09-29 11:56:00-04:00,24838.75,2025-09-29 12:01:00-04:00,24850.75,-96.0,8,500.0,forced_close,forced_close,24870.0,24836.5,2025-09-29 11:38:00-04:00,2025-09-29 11:38:00-04:00,2025-09-29 11:46:00-04:00,31.25,24801.25,,,0.9328358208955224,0,False
2025-09-30,long,2025-09-30 11:00:00-04:00,24842.5,2025-09-30 11:01:00-04:00,24857.8,61.19999999999709,4,102.0,win,target_scale1,24829.75,24854.5,2025-09-30 10:58:00-04:00,2025-09-30 10:58:00-04:00,2025-09-30 10:58:00-04:00,12.75,24857.8,,,0.5151515151515151,0,False
2025-09-30,long,2025-09-30 11:00:00-04:00,24842.5,2025-09-30 11:15:00-04:00,24827.75,-59.0,4,102.0,loss,stop,24829.75,24854.5,2025-09-30 10:58:00-04:00,2025-09-30 10:58:00-04:00,2025-09-30 10:58:00-04:00,12.75,24874.375,2025-09-30 11:15:00-04:00,24836.125,0.5151515151515151,0,False
2025-09-30,short,2025-09-30 11:27:00-04:00,24783.25,2025-09-30 11:32:00-04:00,24796.75,-135.0,10,490.0,loss,stop,24807.75,24782.25,2025-09-30 11:22:00-04:00,2025-09-30 11:22:00-04:00,2025-09-30 11:23:00-04:00,24.5,24753.85,2025-09-30 11:32:00-04:00,24795.5,0.9607843137254902,0,False
2025-10-06,short,2025-10-06 10:38:00-04:00,25127.5,2025-10-06 11:47:00-04:00,25188.0,-242.0,4,456.0,loss,stop,25184.5,25117.0,2025-10-06 10:22:00-04:00,2025-10-06 10:22:00-04:00,2025-10-06 10:22:00-04:00,57.0,25059.1,2025-10-06 11:47:00-04:00,25184.5,0.8444444444444444,0,False
2025-10-09,short,2025-10-09 09:38:00-04:00,25302.25,2025-10-09 09:41:00-04:00,25286.95,61.19999999999709,4,102.0,win,target_scale1,25315.0,25296.75,2025-10-09 09:35:00-04:00,2025-10-09 09:35:00-04:00,2025-10-09 09:37:00-04:00,12.75,25286.95,,,0.6986301369863014,0,False
2025-10-09,short,2025-10-09 09:38:00-04:00,25302.25,2025-10-09 09:42:30-04:00,25270.375,127.5,4,102.0,win,target_scale2,25315.0,25296.75,2025-10-09 09:35:00-04:00,2025-10-09 09:35:00-04:00,2025-10-09 09:37:00-04:00,12.75,25270.375,,,0.6986301369863014,0,False
2025-10-09,short,2025-10-09 09:38:00-04:00,25302.25,2025-10-09 09:56:00-04:00,25251.25,204.0,4,102.0,win,target_scale3,25315.0,25296.75,2025-10-09 09:35:00-04:00,2025-10-09 09:35:00-04:00,2025-10-09 09:37:00-04:00,12.75,25251.25,,,0.6986301369863014,0,False
2025-10-09,short,2025-10-09 09:38:00-04:00,25302.25,2025-10-09 10:35:30-04:00,25219.375,580.125,7,178.5,win,target,25315.0,25296.75,2025-10-09 09:35:00-04:00,2025-10-09 09:35:00-04:00,2025-10-09 09:37:00-04:00,12.75,25219.375,,,0.6986301369863014,0,False
2025-10-13,long,2025-10-13 09:57:00-04:00,24863.75,2025-10-13 10:00:30-04:00,24901.55,37.79999999999927,1,63.0,win,target_scale1,24832.25,24866.75,2025-10-13 09:55:00-04:00,2025-10-13 09:55:00-04:00,2025-10-13 09:55:00-04:00,31.5,24901.55,,,0.9130434782608695,0,False
2025-10-13,long,2025-10-13 09:57:00-04:00,24863.75,2025-10-13 10:22:00-04:00,24837.25,-53.0,2,126.0,loss,stop,24832.25,24866.75,2025-10-13 09:55:00-04:00,2025-10-13 09:55:00-04:00,2025-10-13 09:55:00-04:00,31.5,24926.75,2025-10-13 10:22:00-04:00,24848.0,0.9130434782608695,0,False
2025-10-15,short,2025-10-15 11:46:00-04:00,24950.5,2025-10-15 11:49:00-04:00,24928.6,65.70000000000437,3,109.5,win,target_scale1,24968.75,24943.0,2025-10-15 11:43:00-04:00,2025-10-15 11:43:00-04:00,2025-10-15 11:43:00-04:00,18.25,24928.6,,,0.7087378640776699,1,False
2025-10-15,short,2025-10-15 11:46:00-04:00,24950.5,2025-10-15 11:50:30-04:00,24904.875,136.875,3,109.5,win,target_scale2,24968.75,24943.0,2025-10-15 11:43:00-04:00,2025-10-15 11:43:00-04:00,2025-10-15 11:43:00-04:00,18.25,24904.875,,,0.7087378640776699,1,False
2025-10-15,short,2025-10-15 11:46:00-04:00,24950.5,2025-10-15 11:51:30-04:00,24877.5,219.0,3,109.5,win,target_scale3,24968.75,24943.0,2025-10-15 11:43:00-04:00,2025-10-15 11:43:00-04:00,2025-10-15 11:43:00-04:00,18.25,24877.5,,,0.7087378640776699,1,False
2025-10-15,short,2025-10-15 11:46:00-04:00,24950.5,2025-10-15 12:01:00-04:00,24955.5,-20.0,4,146.0,forced_close,forced_close,24968.75,24943.0,2025-10-15 11:43:00-04:00,2025-10-15 11:43:00-04:00,2025-10-15 11:43:00-04:00,18.25,24831.875,,,0.7087378640776699,1,False
2025-10-16,long,2025-10-16 10:22:00-04:00,25086.75,2025-10-16 10:23:30-04:00,25111.95,50.400000000001455,2,84.0,win,target_scale1,25065.75,25092.25,2025-10-16 10:20:00-04:00,2025-10-16 10:20:00-04:00,2025-10-16 10:20:00-04:00,21.0,25111.95,,,0.7924528301886793,0,False
2025-10-16,long,2025-10-16 10:22:00-04:00,25086.75,2025-10-16 10:27:00-04:00,25050.0,-110.25,3,126.0,loss,stop,25065.75,25092.25,2025-10-16 10:20:00-04:00,2025-10-16 10:20:00-04:00,2025-10-16 10:20:00-04:00,21.0,25128.75,2025-10-16 10:27:00-04:00,25076.25,0.7924528301886793,0,False
2025-10-16,short,2025-10-16 11:42:00-04:00,24993.75,2025-10-16 12:01:00-04:00,24950.0,131.25,3,474.0,forced_close,forced_close,25072.75,24999.0,2025-10-16 11:33:00-04:00,2025-10-16 11:33:00-04:00,2025-10-16 11:39:00-04:00,79.0,24898.95,,,1.071186440677966,1,False
2025-10-17,long,2025-10-17 11:45:00-04:00,24790.75,2025-10-17 11:49:00-04:00,24824.65,67.80000000000291,2,113.0,win,target_scale1,24762.5,24787.25,2025-10-17 11:42:00-04:00,2025-10-17 11:42:00-04:00,2025-10-17 11:44:00-04:00,28.25,24824.65,,,1.1414141414141414,0,False
2025-10-17,long,2025-10-17 11:45:00-04:00,24790.75,2025-10-17 11:53:30-04:00,24847.25,113.0,2,113.0,win,target_scale2,24762.5,24787.25,2025-10-17 11:42:00-04:00,2025-10-17 11:42:00-04:00,2025-10-17 11:44:00-04:00,28.25,24847.25,,,1.1414141414141414,0,False
2025-10-17,long,2025-10-17 11:45:00-04:00,24790.75,2025-10-17 12:01:00-04:00,24875.5,339.0,4,226.0,win,target,24762.5,24787.25,2025-10-17 11:42:00-04:00,2025-10-17 11:42:00-04:00,2025-10-17 11:44:00-04:00,28.25,24875.5,,,1.1414141414141414,0,False
2025-10-21,long,2025-10-21 11:52:00-04:00,25319.0,2025-10-21 12:01:00-04:00,25325.75,114.75,17,493.0,forced_close,forced_close,25304.5,25321.25,2025-10-21 11:50:00-04:00,2025-10-21 11:50:00-04:00,2025-10-21 11:50:00-04:00,14.5,25336.4,,,0.8656716417910447,0,False
2025-10-22,long,2025-10-22 10:02:00-04:00,25272.5,2025-10-22 10:05:00-04:00,25250.25,-244.75,11,478.5,loss,stop,25250.75,25289.5,2025-10-22 09:56:00-04:00,2025-10-22 09:56:00-04:00,2025-10-22 10:00:00-04:00,21.75,25298.6,2025-10-22 10:05:00-04:00,25250.75,0.5612903225806452,0,False
2025-10-24,long,2025-10-24 11:04:00-04:00,25477.25,2025-10-24 11:15:00-04:00,25501.55,72.89999999999782,3,121.5,win,target_scale1,25457.0,25474.5,2025-10-24 11:02:00-04:00,2025-10-24 11:02:00-04:00,2025-10-24 11:02:00-04:00,20.25,25501.55,,,1.1571428571428573,0,False
2025-10-24,long,2025-10-24 11:04:00-04:00,25477.25,2025-10-24 11:16:30-04:00,25517.75,162.0,4,162.0,win,target_scale2,25457.0,25474.5,2025-10-24 11:02:00-04:00,2025-10-24 11:02:00-04:00,2025-10-24 11:02:00-04:00,20.25,25517.75,,,1.1571428571428573,0,False
2025-10-24,long,2025-10-24 11:04:00-04:00,25477.25,2025-10-24 11:24:30-04:00,25538.0,303.75,5,202.5,win,target,25457.0,25474.5,2025-10-24 11:02:00-04:00,2025-10-24 11:02:00-04:00,2025-10-24 11:02:00-04:00,20.25,25538.0,,,1.1571428571428573,0,False
2025-10-27,long,2025-10-27 11:23:00-04:00,25881.5,2025-10-27 12:01:00-04:00,25900.0,129.5,7,441.0,forced_close,forced_close,25850.0,25891.75,2025-10-27 10:59:00-04:00,2025-10-27 10:59:00-04:00,2025-10-27 11:00:00-04:00,31.5,25919.3,,,0.7544910179640718,1,False
2025-10-28,short,2025-10-28 10:32:00-04:00,26034.5,2025-10-28 10:46:00-04:00,26014.1,61.200000000004366,3,102.0,win,target_scale1,26051.5,26033.25,2025-10-28 10:29:00-04:00,2025-10-28 10:29:00-04:00,2025-10-28 10:29:00-04:00,17.0,26014.1,,,0.9315068493150684,1,False
2025-10-28,short,2025-10-28 10:32:00-04:00,26034.5,2025-10-28 11:02:00-04:00,26045.5,-33.0,3,102.0,loss,stop,26051.5,26033.25,2025-10-28 10:29:00-04:00,2025-10-28 10:29:00-04:00,2025-10-28 10:29:00-04:00,17.0,25992.0,2025-10-28 11:02:00-04:00,26043.0,0.9315068493150684,1,False
2025-10-29,long,2025-10-29 09:56:00-04:00,26299.5,2025-10-29 09:57:00-04:00,26314.2,73.50000000000364,5,122.5,win,target_scale1,26287.25,26298.75,2025-10-29 09:54:00-04:00,2025-10-29 09:54:00-04:00,2025-10-29 09:55:00-04:00,12.25,26314.2,,,1.065217391304348,0,False
2025-10-29,long,2025-10-29 09:56:00-04:00,26299.5,2025-10-29 10:05:00-04:00,26287.75,-58.75,5,122.5,loss,stop,26287.25,26298.75,2025-10-29 09:54:00-04:00,2025-10-29 09:54:00-04:00,2025-10-29 09:55:00-04:00,12.25,26330.125,2025-10-29 10:05:00-04:00,26293.375,1.065217391304348,0,False
2025-10-29,short,2025-10-29 11:10:00-04:00,26258.25,2025-10-29 11:48:00-04:00,26228.85,58.80000000000291,2,98.0,win,target_scale1,26282.75,26243.5,2025-10-29 10:52:00-04:00,2025-10-29 10:52:00-04:00,2025-10-29 10:53:00-04:00,24.5,26228.85,,,0.6242038216560509,0,False
2025-10-29,short,2025-10-29 11:10:00-04:00,26258.25,2025-10-29 12:01:00-04:00,26237.75,61.5,3,147.0,forced_close,forced_close,26282.75,26243.5,2025-10-29 10:52:00-04:00,2025-10-29 10:52:00-04:00,2025-10-29 10:53:00-04:00,24.5,26209.25,,,0.6242038216560509,0,False
2025-10-30,long,2025-10-30 09:59:00-04:00,26136.25,2025-10-30 10:00:30-04:00,26167.15,61.80000000000291,2,103.0,win,target_scale1,26110.5,26147.25,2025-10-30 09:56:00-04:00,2025-10-30 09:56:00-04:00,2025-10-30 09:58:00-04:00,25.75,26167.15,,,0.7006802721088435,0,False
2025-10-30,long,2025-10-30 09:59:00-04:00,26136.25,2025-10-30 10:04:00-04:00,26117.5,-56.25,3,154.5,loss,stop,26110.5,26147.25,2025-10-30 09:56:00-04:00,2025-10-30 09:56:00-04:00,2025-10-30 09:58:00-04:00,25.75,26187.75,2025-10-30 10:04:00-04:00,26123.375,0.7006802721088435,0,False
2025-10-30,short,2025-10-30 10:21:00-04:00,26040.5,2025-10-30 10:44:00-04:00,26093.5,-265.0,5,417.5,loss,stop,26082.25,26038.5,2025-10-30 10:19:00-04:00,2025-10-30 10:19:00-04:00,2025-10-30 10:19:00-04:00,41.75,25990.4,2025-10-30 10:44:00-04:00,26082.25,0.9542857142857143,0,False
2025-11-05,short,2025-11-05 09:43:00-05:00,25515.0,2025-11-05 09:48:00-05:00,25600.5,-342.0,4,472.0,loss,direction_flip,25574.0,25487.75,2025-11-05 09:38:00-05:00,2025-11-05 09:38:00-05:00,2025-11-05 09:40:00-05:00,59.0,25444.2,2025-11-05 09:48:00-05:00,25574.0,0.6840579710144927,0,False
2025-11-10,short,2025-11-10 11:23:00-05:00,25480.75,2025-11-10 11:56:00-05:00,25481.0,-1.0,4,454.0,loss,stop,25537.5,25471.5,2025-11-10 11:09:00-05:00,2025-11-10 11:09:00-05:00,2025-11-10 11:13:00-05:00,56.75,25412.65,2025-11-10 11:56:00-05:00,25480.75,0.8598484848484849,1,False
2025-11-25,long,2025-11-25 11:52:00-05:00,24882.0,2025-11-25 12:01:00-05:00,24909.75,138.75,5,435.0,forced_close,forced_close,24838.5,24888.75,2025-11-25 11:44:00-05:00,2025-11-25 11:44:00-05:00,2025-11-25 11:46:00-05:00,43.5,24934.2,,,0.8656716417910447,1,False
2025-11-27,short,2025-11-27 10:32:00-05:00,25294.75,2025-11-27 11:03:30-05:00,25294.75,0.0,4,104.0,win,target_scale1,25307.75,25287.0,2025-11-27 09:45:00-05:00,2025-11-27 09:45:00-05:00,2025-11-27 10:14:00-05:00,13.0,25279.15,,,0.6265060240963856,2,True
2025-11-27,short,2025-11-27 10:32:00-05:00,25294.75,2025-11-27 11:09:00-05:00,25296.75,-8.0,4,104.0,loss,stop,25307.75,25287.0,2025-11-27 09:45:00-05:00,2025-11-27 09:45:00-05:00,2025-11-27 10:14:00-05:00,13.0,25262.25,2025-11-27 11:09:00-05:00,25294.75,0.6265060240963856,2,True
2025-11-28,long,2025-11-28 10:15:00-05:00,25382.25,2025-11-28 10:28:00-05:00,25370.75,-126.5,11,489.5,loss,stop,25360.0,25381.0,2025-11-28 10:09:00-05:00,2025-11-28 10:09:00-05:00,2025-11-28 10:13:00-05:00,22.25,25408.95,2025-11-28 10:28:00-05:00,25371.125,1.0595238095238095,1,False
2025-12-02,short,2025-12-02 11:28:00-05:00,25465.0,2025-12-02 11:31:30-05:00,25441.3,71.10000000000218,3,118.5,win,target_scale1,25484.75,25452.75,2025-12-02 11:26:00-05:00,2025-12-02 11:26:00-05:00,2025-12-02 11:26:00-05:00,19.75,25441.3,,,0.6171875,0,False
2025-12-02,short,2025-12-02 11:28:00-05:00,25465.0,2025-12-02 11:32:00-05:00,25425.5,158.0,4,158.0,win,target_scale2,25484.75,25452.75,2025-12-02 11:26:00-05:00,2025-12-02 11:26:00-05:00,2025-12-02 11:26:00-05:00,19.75,25425.5,,,0.6171875,0,False
2025-12-02,short,2025-12-02 11:28:00-05:00,25465.0,2025-12-02 11:38:00-05:00,25484.75,-98.75,5,197.5,loss,stop,25484.75,25452.75,2025-12-02 11:26:00-05:00,2025-12-02 11:26:00-05:00,2025-12-02 11:26:00-05:00,19.75,25405.75,2025-12-02 11:38:00-05:00,25474.875,0.6171875,0,False
2025-12-02,long,2025-12-02 11:52:00-05:00,25513.25,2025-12-02 12:01:00-05:00,25533.25,140.0,7,493.5,forced_close,forced_close,25478.0,25525.0,2025-12-02 11:43:00-05:00,2025-12-02 11:43:00-05:00,2025-12-02 11:50:00-05:00,35.25,25555.55,,,0.75,0,False
2025-12-08,short,2025-12-08 09:59:00-05:00,25736.25,2025-12-08 10:26:00-05:00,25682.25,54.0,1,90.0,win,target_scale1,25781.25,25722.0,2025-12-08 09:51:00-05:00,2025-12-08 09:51:00-05:00,2025-12-08 09:51:00-05:00,45.0,25682.25,,,0.759493670886076,0,False
2025-12-08,short,2025-12-08 09:59:00-05:00,25736.25,2025-12-08 11:00:30-05:00,25646.25,90.0,1,90.0,win,target_scale2,25781.25,25722.0,2025-12-08 09:51:00-05:00,2025-12-08 09:51:00-05:00,2025-12-08 09:51:00-05:00,45.0,25646.25,,,0.759493670886076,0,False
2025-12-08,short,2025-12-08 09:59:00-05:00,25736.25,2025-12-08 12:01:00-05:00,25620.25,348.0,3,270.0,forced_close,forced_close,25781.25,25722.0,2025-12-08 09:51:00-05:00,2025-12-08 09:51:00-05:00,2025-12-08 09:51:00-05:00,45.0,25601.25,,,0.759493670886076,0,False
2025-12-12,short,2025-12-12 10:04:00-05:00,25510.25,2025-12-12 10:05:30-05:00,25478.45,63.599999999998545,2,106.0,win,target_scale1,25536.75,25514.25,2025-12-12 10:02:00-05:00,2025-12-12 10:02:00-05:00,2025-12-12 10:03:00-05:00,26.5,25478.45,,,1.1777777777777778,0,False
2025-12-12,short,2025-12-12 10:04:00-05:00,25510.25,2025-12-12 10:08:00-05:00,25457.25,159.0,3,159.0,win,target_scale2,25536.75,25514.25,2025-12-12 10:02:00-05:00,2025-12-12 10:02:00-05:00,2025-12-12 10:03:00-05:00,26.5,25457.25,,,1.1777777777777778,0,False
2025-12-12,short,2025-12-12 10:04:00-05:00,25510.25,2025-12-12 10:09:00-05:00,25430.75,318.0,4,212.0,win,target,25536.75,25514.25,2025-12-12 10:02:00-05:00,2025-12-12 10:02:00-05:00,2025-12-12 10:03:00-05:00,26.5,25430.75,,,1.1777777777777778,0,False
2025-12-23,long,2025-12-23 09:47:00-05:00,25730.5,2025-12-23 09:57:00-05:00,25683.5,-235.0,5,462.5,loss,stop,25684.25,25737.5,2025-12-23 09:33:00-05:00,2025-12-23 09:33:00-05:00,2025-12-23 09:34:00-05:00,46.25,25786.0,2025-12-23 09:57:00-05:00,25684.25,0.8685446009389671,0,False
2025-12-23,long,2025-12-23 10:57:00-05:00,25729.75,2025-12-23 11:02:30-05:00,25743.85,70.49999999999272,5,117.5,win,target_scale1,25718.0,25729.0,2025-12-23 10:56:00-05:00,2025-12-23 10:56:00-05:00,2025-12-23 10:56:00-05:00,11.75,25743.85,,,1.0681818181818181,1,False
2025-12-23,long,2025-12-23 10:57:00-05:00,25729.75,2025-12-23 11:45:30-05:00,25759.125,146.875,5,117.5,win,target_scale2,25718.0,25729.0,2025-12-23 10:56:00-05:00,2025-12-23 10:56:00-05:00,2025-12-23 10:56:00-05:00,11.75,25759.125,,,1.0681818181818181,1,False
2025-12-23,long,2025-12-23 10:57:00-05:00,25729.75,2025-12-23 11:56:00-05:00,25776.75,235.0,5,117.5,win,target_scale3,25718.0,25729.0,2025-12-23 10:56:00-05:00,2025-12-23 10:56:00-05:00,2025-12-23 10:56:00-05:00,11.75,25776.75,,,1.0681818181818181,1,False
2025-12-23,long,2025-12-23 10:57:00-05:00,25729.75,2025-12-23 12:01:00-05:00,25772.0,253.5,6,141.0,forced_close,forced_close,25718.0,25729.0,2025-12-23 10:56:00-05:00,2025-12-23 10:56:00-05:00,2025-12-23 10:56:00-05:00,11.75,25806.125,,,1.0681818181818181,1,False
2025-12-24,long,2025-12-24 10:18:00-05:00,25840.0,2025-12-24 10:23:00-05:00,25817.5,-405.0,18,486.0,loss,stop,25826.5,25837.75,2025-12-24 10:15:00-05:00,2025-12-24 10:15:00-05:00,2025-12-24 10:15:00-05:00,13.5,25856.2,2025-12-24 10:23:00-05:00,25826.5,1.2,1,False
2025-12-26,short,2025-12-26 11:58:00-05:00,25876.0,2025-12-26 12:01:00-05:00,25863.5,212.5,17,493.0,forced_close,forced_close,25890.5,25856.75,2025-12-26 11:21:00-05:00,2025-12-26 11:21:00-05:00,2025-12-26 11:46:00-05:00,14.5,25858.6,,,0.42962962962962964,1,False
2025-12-30,long,2025-12-30 09:56:00-05:00,25751.5,2025-12-30 10:10:00-05:00,25720.5,-279.0,9,463.5,loss,stop,25725.75,25749.5,2025-12-30 09:54:00-05:00,2025-12-30 09:54:00-05:00,2025-12-30 09:54:00-05:00,25.75,25782.4,2025-12-30 10:10:00-05:00,25725.75,1.0842105263157895,0,False
2025-12-30,long,2025-12-30 10:57:00-05:00,25737.75,2025-12-30 10:59:00-05:00,25750.65,64.50000000000728,5,107.5,win,target_scale1,25727.0,25738.75,2025-12-30 10:55:00-05:00,2025-12-30 10:55:00-05:00,2025-12-30 10:55:00-05:00,10.75,25750.65,,,0.9148936170212766,0,False
2025-12-30,long,2025-12-30 10:57:00-05:00,25737.75,2025-12-30 11:05:30-05:00,25764.625,134.375,5,107.5,win,target_scale2,25727.0,25738.75,2025-12-30 10:55:00-05:00,2025-12-30 10:55:00-05:00,2025-12-30 10:55:00-05:00,10.75,25764.625,,,0.9148936170212766,0,False
2025-12-30,long,2025-12-30 10:57:00-05:00,25737.75,2025-12-30 11:21:00-05:00,25780.75,215.0,5,107.5,win,target_scale3,25727.0,25738.75,2025-12-30 10:55:00-05:00,2025-12-30 10:55:00-05:00,2025-12-30 10:55:00-05:00,10.75,25780.75,,,0.9148936170212766,0,False
2025-12-30,long,2025-12-30 10:57:00-05:00,25737.75,2025-12-30 11:47:00-05:00,25737.75,0.0,8,172.0,loss,stop,25727.0,25738.75,2025-12-30 10:55:00-05:00,2025-12-30 10:55:00-05:00,2025-12-30 10:55:00-05:00,10.75,25807.625,2025-12-30 11:47:00-05:00,25737.75,0.9148936170212766,0,False
