open_date,direction,entry_time,pivot_time,outcome,label_win,retrace,pivot_flem_dist,time_since_pivot_sec,body_last,body_sum,body_mean,in_dir_ratio,max_in_dir_run,bars_since_pivot,zone_over_range,pivot_over_range,dist_to_extrema_atr,zone_to_extrema_atr,hod_rel_entry_atr,lod_rel_entry_atr
2025-02-03,long,2025-02-03 09:59:00-05:00,2025-02-03 09:59:00-05:00,loss,0,0.5157894736842106,47.5,0.0,9.75,9.75,9.75,0.0,0,1,0.28822495606326887,0.3339191564147627,3.112009237875289,3.1039260969976907,3.112009237875289,0.0
2025-02-03,short,2025-02-03 10:07:00-05:00,2025-02-03 10:06:00-05:00,win,1,0.5427350427350427,58.5,60.0,2.0,8.5,2.8333333333333335,1.0,3,3,0.24082232011747431,0.3436123348017621,0.7720295622512792,1.0585559977259806,0.0,0.7720295622512792
2025-02-05,long,2025-02-05 09:44:00-05:00,2025-02-05 09:43:00-05:00,loss,0,0.6482758620689655,36.25,60.0,7.75,19.5,6.5,0.6666666666666666,2,3,0.33454545454545453,0.5272727272727272,1.0907424381301558,1.527039413382218,1.0907424381301558,0.0
2025-02-05,short,2025-02-05 10:12:00-05:00,2025-02-05 10:06:00-05:00,loss,0,0.4888888888888889,45.0,360.0,3.0,69.5,5.346153846153846,0.6153846153846154,4,13,0.21296296296296297,0.4166666666666667,0.7109375,1.2395833333333335,0.0,0.7109375
2025-02-05,short,2025-02-05 10:24:00-05:00,2025-02-05 10:24:00-05:00,loss,0,0.4521276595744681,47.0,0.0,7.25,7.25,7.25,0.0,0,1,0.21296296296296297,0.4351851851851852,1.8513302034428794,1.489827856025039,0.0,1.8513302034428794
2025-02-05,long,2025-02-05 10:34:00-05:00,2025-02-05 10:33:00-05:00,win,1,0.5548780487804879,41.0,60.0,1.5,14.25,4.75,0.6666666666666666,1,3,0.21296296296296297,0.37962962962962965,2.1142303969022262,2.764762826718296,2.1142303969022262,0.0
2025-02-06,long,2025-02-06 09:52:00-05:00,2025-02-06 09:51:00-05:00,win,1,0.5466666666666666,37.5,60.0,5.0,16.75,5.583333333333333,0.6666666666666666,1,3,0.38636363636363635,0.487012987012987,0.7615062761506275,1.9916317991631798,0.7615062761506275,0.0
2025-02-06,long,2025-02-06 10:08:00-05:00,2025-02-06 10:03:00-05:00,win,1,0.4619289340101523,49.25,300.0,3.5,38.0,3.4545454545454546,0.8181818181818182,4,11,0.35103244837758113,0.5811209439528023,2.020785219399538,2.699769053117783,2.020785219399538,0.0
2025-02-06,long,2025-02-06 11:07:00-05:00,2025-02-06 11:06:00-05:00,win,1,0.4285714285714285,21.0,60.0,3.25,18.25,6.083333333333333,0.6666666666666666,1,3,0.26681614349775784,0.18834080717488788,5.796711509715994,5.733931240657698,5.796711509715994,0.0
2025-02-06,long,2025-02-06 11:51:00-05:00,2025-02-06 11:46:00-05:00,loss,0,0.5785714285714286,35.0,300.0,4.0,23.5,2.1363636363636362,0.6363636363636364,5,11,0.26681614349775784,0.31390134529147984,7.5141242937853105,7.224105461393597,7.5141242937853105,0.0
2025-02-13,short,2025-02-13 09:42:00-05:00,2025-02-13 09:41:00-05:00,loss,0,0.4310344827586206,29.0,60.0,1.75,13.0,4.333333333333333,0.6666666666666666,2,3,0.15948275862068967,0.25,0.7049891540130152,1.0433839479392624,0.0,0.7049891540130152
2025-02-13,long,2025-02-13 09:47:00-05:00,2025-02-13 09:46:00-05:00,loss,0,1.0298507462686568,16.75,60.0,34.75,55.0,18.333333333333332,0.3333333333333333,1,3,0.15948275862068967,0.14439655172413793,3.5122979620520027,2.7449051300070275,3.5122979620520027,0.0
2025-02-13,long,2025-02-13 09:53:00-05:00,2025-02-13 09:52:00-05:00,win,1,0.6,25.0,60.0,7.5,15.5,5.166666666666667,1.0,3,3,0.15948275862068967,0.21551724137931033,2.81692573402418,3.3730569948186533,2.81692573402418,0.0
2025-02-14,long,2025-02-14 09:56:00-05:00,2025-02-14 09:56:00-05:00,loss,0,0.7373737373737373,24.75,0.0,0.25,0.25,0.25,0.0,0,1,0.4675925925925926,0.4583333333333333,0.6287978863936592,1.2206076618229855,0.6287978863936592,0.0
2025-02-14,long,2025-02-14 10:21:00-05:00,2025-02-14 10:20:00-05:00,loss,0,0.4716981132075472,39.75,60.0,0.25,12.5,4.166666666666667,1.0,3,3,0.3506944444444444,0.5520833333333334,1.5934959349593496,2.6178861788617884,1.5934959349593496,0.0
2025-02-14,long,2025-02-14 10:49:00-05:00,2025-02-14 10:42:00-05:00,win,1,0.4978723404255319,58.75,420.0,5.25,47.5,3.1666666666666665,0.8,6,15,0.3506944444444444,0.8159722222222222,2.301038062283737,3.342560553633218,2.301038062283737,0.0
2025-02-14,long,2025-02-14 11:26:00-05:00,2025-02-14 11:21:00-05:00,loss,0,0.5065502183406113,57.25,300.0,2.75,40.5,3.6818181818181817,0.7272727272727273,4,11,0.30149253731343284,0.6835820895522388,3.011627906976744,3.76453488372093,3.011627906976744,0.0
2025-02-17,short,2025-02-17 09:35:00-05:00,2025-02-17 09:34:00-05:00,win,1,0.9791666666666666,12.0,60.0,6.25,13.0,4.333333333333333,0.6666666666666666,2,3,0.41216216216216217,0.32432432432432434,0.5581395348837209,1.73421926910299,0.0,0.5581395348837209
2025-02-19,short,2025-02-19 09:49:00-05:00,2025-02-19 09:42:00-05:00,win,1,1.2,17.5,420.0,10.0,59.5,3.966666666666667,0.6,3,15,0.26865671641791045,0.26119402985074625,0.910958904109589,2.3812785388127855,0.0,0.910958904109589
2025-02-19,long,2025-02-19 11:15:00-05:00,2025-02-19 11:14:00-05:00,win,1,0.56,18.75,60.0,0.75,3.25,1.0833333333333333,0.6666666666666666,2,3,0.1702127659574468,0.1773049645390071,0.8676716917922948,1.3132328308207704,0.8676716917922948,0.0
2025-02-21,short,2025-02-21 09:37:00-05:00,2025-02-21 09:36:00-05:00,win,1,0.7,42.5,60.0,25.0,48.75,16.25,1.0,3,3,0.4084967320261438,0.5555555555555556,0.35476718403547675,1.605321507760532,0.0,0.35476718403547675
2025-02-24,short,2025-02-24 09:40:00-05:00,2025-02-24 09:39:00-05:00,win,1,0.9029850746268656,33.5,60.0,4.75,18.0,6.0,0.6666666666666666,2,3,0.25,0.32211538461538464,0.35325602140945583,1.344335414808207,0.0,0.35325602140945583
2025-02-25,short,2025-02-25 09:35:00-05:00,2025-02-25 09:34:00-05:00,loss,0,0.6415094339622641,39.75,60.0,0.5,15.25,5.083333333333333,0.6666666666666666,2,3,0.3877551020408163,0.6489795918367347,0.5529953917050692,1.3824884792626728,0.0,0.5529953917050692
2025-02-25,short,2025-02-25 09:41:00-05:00,2025-02-25 09:40:00-05:00,win,1,0.698744769874477,59.75,60.0,12.75,46.25,15.416666666666666,1.0,3,3,0.32646048109965636,0.8213058419243986,0.1676190476190476,1.3714285714285714,0.0,0.1676190476190476
2025-02-26,long,2025-02-26 09:44:00-05:00,2025-02-26 09:43:00-05:00,win,1,0.45625,80.0,60.0,2.25,22.75,7.583333333333333,0.3333333333333333,1,3,0.5539358600583091,0.9329446064139941,1.510204081632653,1.1020408163265305,1.510204081632653,0.0
2025-02-28,long,2025-02-28 09:49:00-05:00,2025-02-28 09:48:00-05:00,loss,0,0.6267123287671232,73.0,60.0,9.75,53.75,17.916666666666668,0.3333333333333333,1,3,0.25609756097560976,0.3956639566395664,0.805993690851735,1.0764984227129337,0.805993690851735,0.0
2025-02-28,long,2025-02-28 10:05:00-05:00,2025-02-28 10:04:00-05:00,win,1,0.5231143552311436,102.75,60.0,34.0,67.25,22.416666666666668,0.6666666666666666,2,3,0.24076433121019108,0.5235668789808917,2.06875,1.5125,2.06875,0.0
2025-03-04,short,2025-03-04 09:53:00-05:00,2025-03-04 09:53:00-05:00,win,1,0.5555555555555556,60.75,0.0,19.25,19.25,19.25,1.0,1,1,0.22886297376093295,0.35422740524781343,0.40277296360485265,0.9608318890814558,0.0,0.40277296360485265
2025-03-05,long,2025-03-05 10:07:00-05:00,2025-03-05 10:07:00-05:00,win,1,0.6197183098591549,53.25,0.0,42.5,42.5,42.5,1.0,1,1,0.18322295805739514,0.23509933774834438,0.058072750478621565,1.036375239310785,0.058072750478621565,0.0
2025-03-05,short,2025-03-05 10:48:00-05:00,2025-03-05 10:47:00-05:00,win,1,0.5968992248062015,64.5,60.0,9.75,31.5,10.5,1.0,3,3,0.18322295805739514,0.2847682119205298,3.7511574074074074,4.1157407407407405,0.0,3.7511574074074074
2025-03-05,short,2025-03-05 11:00:00-05:00,2025-03-05 10:59:00-05:00,win,1,0.6902985074626866,67.0,60.0,30.75,56.0,18.666666666666668,1.0,3,3,0.18322295805739514,0.2958057395143488,3.035024154589372,4.294685990338164,0.0,3.035024154589372
2025-03-06,short,2025-03-06 09:36:00-05:00,2025-03-06 09:35:00-05:00,loss,0,0.6431924882629108,53.25,60.0,24.5,53.0,17.666666666666668,0.6666666666666666,1,3,0.6175637393767706,0.603399433427762,0.1170774647887324,0.8318661971830986,0.0,0.1170774647887324
2025-03-06,short,2025-03-06 09:44:00-05:00,2025-03-06 09:43:00-05:00,loss,0,0.706766917293233,66.5,60.0,11.75,52.25,17.416666666666668,1.0,3,3,0.5956284153005464,0.726775956284153,0.47645687645687645,0.881118881118881,0.0,0.47645687645687645
2025-03-07,long,2025-03-07 09:39:00-05:00,2025-03-07 09:38:00-05:00,win,1,0.7041884816753927,95.5,60.0,0.5,50.25,16.75,1.0,3,3,0.5183374083129584,0.9339853300733496,0.671462829736211,1.1810551558752997,0.671462829736211,0.0
2025-03-07,short,2025-03-07 10:56:00-05:00,2025-03-07 10:55:00-05:00,win,1,0.4379310344827586,72.5,60.0,1.25,35.5,11.833333333333334,0.6666666666666666,2,3,0.14940098661028894,0.204369274136716,3.101123595505618,3.0730337078651684,0.0,3.101123595505618
2025-03-10,short,2025-03-10 09:37:00-04:00,2025-03-10 09:36:00-04:00,loss,0,0.5017667844522968,70.75,60.0,3.75,30.0,10.0,1.0,3,3,0.2743764172335601,0.6417233560090703,0.7304097771387491,1.5815959741193386,0.0,0.7304097771387491
2025-03-11,short,2025-03-11 10:59:00-04:00,2025-03-11 10:55:00-04:00,loss,0,0.531810766721044,153.25,240.0,5.0,87.0,9.666666666666666,0.7777777777777778,3,9,0.10983488872936109,0.44005743000717873,1.944041450777202,4.243523316062176,0.0,1.944041450777202
2025-03-11,long,2025-03-11 11:12:00-04:00,2025-03-11 11:11:00-04:00,win,1,0.4067796610169492,44.25,60.0,50.75,64.5,21.5,1.0,3,3,0.10983488872936109,0.12706389088298636,2.7008849557522128,4.057522123893806,2.7008849557522128,0.0
2025-03-11,long,2025-03-11 11:26:00-04:00,2025-03-11 11:24:00-04:00,win,1,0.684981684981685,68.25,120.0,9.5,64.5,12.9,0.8,3,5,0.10983488872936109,0.19597989949748743,4.455240174672489,5.005458515283842,4.455240174672489,0.0
2025-03-12,short,2025-03-12 09:52:00-04:00,2025-03-12 09:52:00-04:00,win,1,0.5137254901960784,63.75,0.0,30.25,30.25,30.25,0.0,0,1,0.3202846975088968,0.45373665480427045,1.474003466204506,0.8431542461005199,0.0,1.474003466204506
2025-03-13,short,2025-03-13 09:41:00-04:00,2025-03-13 09:41:00-04:00,win,1,0.5444015444015444,64.75,0.0,3.75,3.75,3.75,0.0,0,1,0.5635838150289018,0.7485549132947977,0.8012232415902141,0.9235474006116208,0.0,0.8012232415902141
2025-03-14,long,2025-03-14 10:03:00-04:00,2025-03-14 10:03:00-04:00,win,1,0.9,35.0,0.0,1.5,1.5,1.5,1.0,1,1,0.20179948586118251,0.17994858611825193,3.553784860557769,4.191235059760956,3.553784860557769,0.0
2025-03-14,long,2025-03-14 10:16:00-04:00,2025-03-14 10:15:00-04:00,loss,0,0.4606741573033708,44.5,60.0,8.75,28.25,9.416666666666666,0.6666666666666666,1,3,0.20179948586118251,0.22879177377892032,4.2,4.409580838323353,4.2,0.0
2025-03-14,long,2025-03-14 10:28:00-04:00,2025-03-14 10:28:00-04:00,loss,0,0.3807339449541284,54.5,0.0,6.0,6.0,6.0,0.0,0,1,0.20179948586118251,0.2802056555269923,5.429582448690729,5.211606510969569,5.429582448690729,0.0
2025-03-17,short,2025-03-17 11:32:00-04:00,2025-03-17 11:31:00-04:00,win,1,0.3894736842105263,23.75,60.0,4.75,11.5,3.8333333333333335,1.0,3,3,0.1111111111111111,0.1227390180878553,1.5208535402521823,1.6159068865179438,0.0,1.5208535402521823
2025-03-17,short,2025-03-17 11:59:00-04:00,2025-03-17 11:58:00-04:00,forced_close,0,0.9107142857142856,28.0,60.0,1.25,18.5,6.166666666666667,1.0,3,3,0.0979498861047836,0.1275626423690205,3.3223350253807107,3.9619289340101522,0.0,3.3223350253807107
2025-03-19,short,2025-03-19 09:42:00-04:00,2025-03-19 09:41:00-04:00,loss,0,1.037037037037037,33.75,60.0,17.25,38.5,12.833333333333334,1.0,3,3,0.2625,0.3375,0.6037151702786377,2.595975232198142,0.0,0.6037151702786377
2025-03-19,long,2025-03-19 11:08:00-04:00,2025-03-19 10:56:00-04:00,win,1,0.5273972602739726,109.5,720.0,4.0,93.25,3.73,0.64,6,25,0.13725490196078433,0.5725490196078431,4.680659670164918,7.829085457271364,4.680659670164918,0.0
2025-03-26,long,2025-03-26 09:38:00-04:00,2025-03-26 09:38:00-04:00,win,1,0.6333333333333333,22.5,0.0,3.0,3.0,3.0,1.0,1,1,0.32051282051282054,0.38461538461538464,0.5833333333333334,0.9761904761904762,0.5833333333333334,0.0
2025-03-27,short,2025-03-27 09:36:00-04:00,2025-03-27 09:35:00-04:00,win,1,0.584,31.25,60.0,4.5,37.25,12.416666666666666,0.6666666666666666,1,3,0.3779342723004695,0.2934272300469484,0.5927687916270219,1.09895337773549,0.0,0.5927687916270219
2025-03-27,long,2025-03-27 10:13:00-04:00,2025-03-27 10:11:00-04:00,win,1,0.4866666666666667,75.0,120.0,10.75,40.75,8.15,0.8,2,5,0.24393939393939393,0.45454545454545453,1.0664819944598338,2.249307479224377,1.0664819944598338,0.0
2025-03-28,short,2025-03-28 09:56:00-04:00,2025-03-28 09:55:00-04:00,win,1,0.6688741721854304,37.75,60.0,8.0,16.25,5.416666666666667,1.0,3,3,0.36609336609336607,0.371007371007371,0.38653198653198656,1.5744107744107745,0.0,0.38653198653198656
2025-03-31,long,2025-03-31 11:34:00-04:00,2025-03-31 11:32:00-04:00,win,1,0.549645390070922,70.5,120.0,4.0,29.25,5.85,0.6,3,5,0.12975609756097561,0.2751219512195122,1.8631677600749768,2.138706654170572,1.8631677600749768,0.0
2025-04-01,short,2025-04-01 09:38:00-04:00,2025-04-01 09:38:00-04:00,loss,0,0.8531468531468531,35.75,0.0,28.0,28.0,28.0,0.0,0,1,0.40897097625329815,0.37730870712401055,0.8577712609970676,0.24413489736070385,0.0,0.8577712609970676
2025-04-01,long,2025-04-01 09:45:00-04:00,2025-04-01 09:44:00-04:00,win,1,0.7330316742081447,55.25,60.0,10.25,19.5,6.5,0.6666666666666666,1,3,0.40897097625329815,0.58311345646438,0.6624136097820308,1.391812865497076,0.6624136097820308,0.0
2025-04-01,long,2025-04-01 10:06:00-04:00,2025-04-01 10:06:00-04:00,loss,0,0.625,44.0,0.0,4.25,4.25,4.25,0.0,0,1,0.3125,0.3548387096774194,2.064896755162242,2.0924287118977385,2.064896755162242,0.0
2025-04-03,long,2025-04-03 09:38:00-04:00,2025-04-03 09:38:00-04:00,win,1,0.5406360424028268,70.75,0.0,3.75,3.75,3.75,1.0,1,1,0.6027397260273972,0.4845890410958904,0.6314826113483831,1.273947528981086,0.6314826113483831,0.0
2025-04-03,long,2025-04-03 09:51:00-04:00,2025-04-03 09:50:00-04:00,loss,0,0.5845824411134903,116.75,60.0,2.5,56.5,18.833333333333332,1.0,3,3,0.5390505359877489,0.7151607963246555,1.380204241948154,1.6551453260015712,1.380204241948154,0.0
2025-04-03,short,2025-04-03 10:09:00-04:00,2025-04-03 10:09:00-04:00,win,1,0.5959183673469388,61.25,0.0,3.75,3.75,3.75,1.0,1,1,0.4808743169398907,0.33469945355191255,0.5337052533705253,0.5141794514179452,0.0,0.5337052533705253
2025-04-04,short,2025-04-04 09:36:00-04:00,2025-04-04 09:36:00-04:00,win,1,0.6540697674418605,86.0,0.0,25.0,25.0,25.0,1.0,1,1,0.49039881831610044,0.5081240768094535,0.3346153846153846,0.9461538461538461,0.0,0.3346153846153846
2025-04-04,short,2025-04-04 09:52:00-04:00,2025-04-04 09:51:00-04:00,loss,0,0.5526315789473685,66.5,60.0,16.0,41.5,13.833333333333334,0.6666666666666666,2,3,0.3405128205128205,0.27282051282051284,2.5269421487603303,2.517685950413223,0.0,2.5269421487603303
2025-04-04,short,2025-04-04 10:06:00-04:00,2025-04-04 10:06:00-04:00,win,1,1.0600858369098711,58.25,0.0,7.75,7.75,7.75,1.0,1,1,0.3405128205128205,0.23897435897435898,1.8907915993537963,2.460743134087237,0.0,1.8907915993537963
2025-04-07,short,2025-04-07 09:36:00-04:00,2025-04-07 09:35:00-04:00,win,1,0.8696969696969697,82.5,60.0,19.5,80.5,26.833333333333332,0.6666666666666666,1,3,0.30060422960725075,0.4984894259818731,0.34790612057063963,0.8955361251725724,0.0,0.34790612057063963
2025-04-08,short,2025-04-08 11:06:00-04:00,2025-04-08 11:03:00-04:00,win,1,0.4225352112676056,71.0,180.0,20.25,50.75,7.25,0.5714285714285714,4,7,0.13135593220338984,0.24067796610169492,2.3402736466389054,2.839976204640095,0.0,2.3402736466389054
2025-04-09,long,2025-04-09 09:36:00-04:00,2025-04-09 09:35:00-04:00,loss,0,0.512087912087912,113.75,60.0,28.5,59.75,19.916666666666668,0.6666666666666666,2,3,0.48059701492537316,0.6791044776119403,1.0249033920137398,1.0459424645770716,1.0249033920137398,0.0
2025-04-10,long,2025-04-10 09:35:00-04:00,2025-04-10 09:34:00-04:00,win,1,0.5734597156398105,52.75,60.0,9.25,95.5,31.833333333333332,0.3333333333333333,1,3,0.5538461538461539,0.40576923076923077,0.79842784952274,0.42784952274003374,0.79842784952274,0.0
2025-04-10,short,2025-04-10 09:55:00-04:00,2025-04-10 09:54:00-04:00,win,1,0.7119565217391305,46.0,60.0,18.75,45.75,15.25,1.0,3,3,0.37402597402597404,0.23896103896103896,0.8265524625267666,1.5203426124197001,0.0,0.8265524625267666
2025-04-11,short,2025-04-11 09:38:00-04:00,2025-04-11 09:37:00-04:00,loss,0,0.6247334754797441,117.25,60.0,21.25,61.25,20.416666666666668,0.6666666666666666,2,3,0.5227722772277228,0.9287128712871288,0.9931565440547476,0.9277159965782721,0.0,0.9931565440547476
2025-04-11,short,2025-04-11 11:11:00-04:00,2025-04-11 11:11:00-04:00,win,1,0.3535620052770448,94.75,0.0,18.75,18.75,18.75,1.0,1,1,0.1746031746031746,0.25066137566137564,2.2505694760820045,2.6195899772209565,0.0,2.2505694760820045
2025-04-11,long,2025-04-11 11:43:00-04:00,2025-04-11 11:42:00-04:00,win,1,0.5250836120401338,74.75,60.0,5.5,31.75,10.583333333333334,0.3333333333333333,1,3,0.1746031746031746,0.19775132275132276,3.7070063694267517,4.286624203821656,3.7070063694267517,0.0
2025-04-15,long,2025-04-15 09:38:00-04:00,2025-04-15 09:36:00-04:00,win,1,0.5602836879432624,70.5,120.0,4.75,72.75,14.55,0.8,3,5,0.3210702341137124,0.9431438127090301,0.6778523489932886,1.3624161073825503,0.6778523489932886,0.0
2025-04-15,short,2025-04-15 10:30:00-04:00,2025-04-15 10:29:00-04:00,loss,0,0.4070796460176991,56.5,60.0,24.0,40.5,13.5,0.3333333333333333,1,3,0.1095890410958904,0.2579908675799087,1.603284356093345,1.0224719101123596,0.0,1.603284356093345
2025-04-15,long,2025-04-15 10:41:00-04:00,2025-04-15 10:41:00-04:00,win,1,0.3571428571428571,66.5,0.0,4.25,4.25,4.25,0.0,0,1,0.1095890410958904,0.3036529680365297,5.210962396430848,5.451880178457617,5.210962396430848,0.0
2025-04-15,long,2025-04-15 10:50:00-04:00,2025-04-15 10:47:00-04:00,loss,0,0.5679611650485437,103.0,180.0,21.0,82.5,11.785714285714286,0.5714285714285714,3,7,0.1095890410958904,0.4703196347031963,3.972193614830072,4.404737384140062,3.972193614830072,0.0
2025-04-15,long,2025-04-15 11:40:00-04:00,2025-04-15 11:39:00-04:00,loss,0,0.3524096385542168,83.0,60.0,1.5,22.0,7.333333333333333,0.6666666666666666,2,3,0.1095890410958904,0.3789954337899543,5.700799999999999,6.8431999999999995,5.700799999999999,0.0
2025-04-16,long,2025-04-16 09:36:00-04:00,2025-04-16 09:36:00-04:00,win,1,0.5,48.0,0.0,0.75,0.75,0.75,1.0,1,1,0.7828571428571428,0.5485714285714286,0.6053357865685373,0.4894204231830727,0.6053357865685373,0.0
2025-04-16,short,2025-04-16 09:59:00-04:00,2025-04-16 09:59:00-04:00,loss,0,0.7704081632653061,49.0,0.0,7.25,7.25,7.25,1.0,1,1,0.4391025641025641,0.3141025641025641,0.5370843989769821,1.7723785166240411,0.0,0.5370843989769821
2025-04-16,short,2025-04-16 10:14:00-04:00,2025-04-16 10:13:00-04:00,loss,0,0.4794520547945205,73.0,60.0,7.25,20.75,6.916666666666667,1.0,3,3,0.40472673559822747,0.43131462333825704,2.479166666666667,2.815705128205128,0.0,2.479166666666667
2025-04-16,long,2025-04-16 11:10:00-04:00,2025-04-16 11:07:00-04:00,win,1,0.5646687697160884,79.25,180.0,2.5,33.5,4.785714285714286,0.8571428571428571,5,7,0.40472673559822747,0.46824224519940916,2.0526777875329234,1.8683055311676908,2.0526777875329234,0.0
2025-04-17,short,2025-04-17 09:58:00-04:00,2025-04-17 09:55:00-04:00,win,1,0.4990583804143126,132.75,180.0,4.25,44.5,6.357142857142857,0.8571428571428571,6,7,0.24157303370786518,0.9943820224719101,2.3075131042516017,3.3022714036109493,0.0,2.3075131042516017
2025-04-23,long,2025-04-23 09:42:00-04:00,2025-04-23 09:40:00-04:00,win,1,0.4854700854700854,146.25,120.0,7.25,85.75,17.15,0.6,2,5,0.23469387755102042,0.7461734693877551,1.343008739076155,2.105805243445693,1.343008739076155,0.0
2025-04-23,short,2025-04-23 11:43:00-04:00,2025-04-23 11:42:00-04:00,win,1,0.3810810810810811,92.5,60.0,5.0,25.75,8.583333333333334,1.0,3,3,0.14814814814814814,0.29790660225442833,1.803680981595092,2.8171779141104296,0.0,1.803680981595092
2025-04-24,long,2025-04-24 09:35:00-04:00,2025-04-24 09:34:00-04:00,win,1,0.7621951219512195,41.0,60.0,18.0,34.75,11.583333333333334,0.6666666666666666,2,3,0.612565445026178,0.8586387434554974,0.9276595744680851,0.6297872340425532,0.9276595744680851,0.0
2025-04-25,short,2025-04-25 09:50:00-04:00,2025-04-25 09:50:00-04:00,win,1,0.7086614173228346,31.75,0.0,6.75,6.75,6.75,0.0,0,1,0.338785046728972,0.2967289719626168,0.9370444002650762,1.4473161033797215,0.0,0.9370444002650762
2025-04-25,long,2025-04-25 10:07:00-04:00,2025-04-25 10:05:00-04:00,win,1,0.8516483516483516,45.5,120.0,10.5,52.5,10.5,0.8,3,5,0.28487229862475444,0.3575638506876228,0.5539568345323741,1.065947242206235,0.5539568345323741,0.0
2025-04-25,short,2025-04-25 10:27:00-04:00,2025-04-25 10:25:00-04:00,win,1,0.5497630331753555,52.75,120.0,4.25,61.5,12.3,0.6,1,5,0.21354933726067746,0.31075110456553756,1.1276712328767122,1.8180821917808219,0.0,1.1276712328767122
2025-04-25,long,2025-04-25 10:54:00-04:00,2025-04-25 10:52:00-04:00,loss,0,0.7894736842105263,38.0,120.0,19.5,50.0,10.0,0.6,2,5,0.2116788321167883,0.22189781021897811,3.41522491349481,3.596885813148789,3.41522491349481,0.0
2025-04-25,long,2025-04-25 11:00:00-04:00,2025-04-25 11:00:00-04:00,win,1,0.5757575757575758,57.75,0.0,13.75,13.75,13.75,0.0,0,1,0.2116788321167883,0.3372262773722628,3.297687861271676,3.004335260115607,3.297687861271676,0.0
2025-04-25,long,2025-04-25 11:40:00-04:00,2025-04-25 11:39:00-04:00,win,1,0.4677419354838709,46.5,60.0,13.25,27.25,9.083333333333334,1.0,3,3,0.2116788321167883,0.27153284671532846,2.6797853309481217,3.719141323792486,2.6797853309481217,0.0
2025-04-25,long,2025-04-25 11:54:00-04:00,2025-04-25 11:46:00-04:00,forced_close,0,0.9631336405529954,54.25,480.0,1.75,59.5,3.5,0.7058823529411765,8,17,0.2116788321167883,0.3167883211678832,2.893333333333333,4.619999999999999,2.893333333333333,0.0
2025-04-28,short,2025-04-28 10:30:00-04:00,2025-04-28 10:26:00-04:00,loss,0,0.4741784037558685,106.5,240.0,2.75,58.75,6.527777777777778,0.7777777777777778,3,9,0.18972332015810275,0.5612648221343873,2.2577241899020346,4.1356443104747544,0.0,2.2577241899020346
2025-04-30,long,2025-04-30 10:40:00-04:00,2025-04-30 10:39:00-04:00,win,1,0.4221311475409836,61.0,60.0,3.0,30.0,10.0,0.3333333333333333,1,3,0.2730125523012552,0.25523012552301255,1.7644151565074135,1.8220757825370677,1.7644151565074135,0.0
2025-05-01,short,2025-05-01 09:35:00-04:00,2025-05-01 09:34:00-04:00,win,1,0.576271186440678,59.0,60.0,9.5,23.75,7.916666666666667,1.0,3,3,0.42258064516129035,0.7612903225806451,0.4261168384879725,1.2302405498281788,0.0,0.4261168384879725
2025-05-01,long,2025-05-01 10:33:00-04:00,2025-05-01 10:33:00-04:00,win,1,0.4214876033057851,30.25,0.0,6.5,6.5,6.5,0.0,0,1,0.22241086587436332,0.20543293718166383,1.4867256637168142,0.9137168141592921,1.4867256637168142,0.0
2025-05-01,short,2025-05-01 12:00:00-04:00,2025-05-01 12:00:00-04:00,loss,0,0.3945578231292517,36.75,0.0,0.75,0.75,0.75,1.0,1,1,0.1225444340505145,0.13751169317118803,5.169811320754717,5.018867924528302,0.0,5.169811320754717
2025-05-02,short,2025-05-02 09:57:00-04:00,2025-05-02 09:57:00-04:00,loss,0,0.4976744186046511,53.75,0.0,8.75,8.75,8.75,1.0,1,1,0.2985781990521327,0.509478672985782,1.5691922354414527,1.8847839699436444,0.0,1.5691922354414527
2025-05-02,long,2025-05-02 10:06:00-04:00,2025-05-02 10:05:00-04:00,win,1,0.7517241379310344,36.25,60.0,5.75,28.75,9.583333333333334,0.3333333333333333,1,3,0.2630480167014614,0.302713987473904,0.5997322623828648,1.2931726907630523,0.5997322623828648,0.0
2025-05-05,long,2025-05-05 09:47:00-04:00,2025-05-05 09:46:00-04:00,loss,0,0.7395833333333334,24.0,60.0,1.25,7.5,2.5,0.6666666666666666,1,3,0.4854014598540146,0.35036496350364965,0.588336192109777,1.032590051457976,0.588336192109777,0.0
2025-05-05,long,2025-05-05 09:53:00-04:00,2025-05-05 09:53:00-04:00,win,1,0.5324675324675324,38.5,0.0,6.5,6.5,6.5,0.0,0,1,0.4360655737704918,0.5049180327868853,1.8736492103075644,1.3615960099750624,1.8736492103075644,0.0
2025-05-05,long,2025-05-05 10:09:00-04:00,2025-05-05 10:08:00-04:00,loss,0,0.5487804878048781,82.0,60.0,11.25,26.0,8.666666666666666,0.6666666666666666,2,3,0.2644135188866799,0.6520874751491054,1.9985283296541576,3.2450331125827816,1.9985283296541576,0.0
2025-05-06,short,2025-05-06 09:58:00-04:00,2025-05-06 09:57:00-04:00,win,1,0.4305555555555556,36.0,60.0,8.0,16.0,5.333333333333333,0.6666666666666666,2,3,0.28662420382165604,0.3057324840764331,1.3784246575342465,1.5582191780821917,0.0,1.3784246575342465
2025-05-09,long,2025-05-09 10:15:00-04:00,2025-05-09 10:06:00-04:00,loss,0,0.6056338028169014,35.5,540.0,6.0,94.75,4.9868421052631575,0.42105263157894735,3,19,0.42857142857142855,0.4717607973421927,2.0150375939849625,1.2481203007518797,2.0150375939849625,0.0
2025-05-14,short,2025-05-14 09:54:00-04:00,2025-05-14 09:53:00-04:00,loss,0,0.6666666666666666,54.0,60.0,8.5,31.75,10.583333333333334,1.0,3,3,0.22504892367906065,0.4227005870841487,0.38832116788321164,1.5124087591240876,0.0,0.38832116788321164
2025-05-14,long,2025-05-14 10:29:00-04:00,2025-05-14 10:29:00-04:00,win,1,0.7258064516129032,15.5,0.0,2.5,2.5,2.5,1.0,1,1,0.2178030303030303,0.11742424242424243,3.7482837528604116,3.9725400457665905,3.7482837528604116,0.0
2025-05-14,long,2025-05-14 10:38:00-04:00,2025-05-14 10:35:00-04:00,win,1,0.6875,28.0,180.0,6.75,30.0,4.285714285714286,0.2857142857142857,1,7,0.2178030303030303,0.21212121212121213,4.764912280701755,4.060818713450293,4.764912280701755,0.0
2025-05-14,long,2025-05-14 11:17:00-04:00,2025-05-14 11:16:00-04:00,win,1,0.578125,16.0,60.0,1.25,8.0,2.6666666666666665,0.3333333333333333,1,3,0.2178030303030303,0.12121212121212122,3.868208092485549,4.013872832369942,3.868208092485549,0.0
2025-05-15,long,2025-05-15 09:38:00-04:00,2025-05-15 09:38:00-04:00,loss,0,0.5591397849462365,46.5,0.0,9.75,9.75,9.75,0.0,0,1,0.45217391304347826,0.808695652173913,1.2081911262798635,1.2901023890784982,1.2081911262798635,0.0
2025-05-15,long,2025-05-15 10:53:00-04:00,2025-05-15 10:51:00-04:00,win,1,0.7142857142857143,36.75,120.0,3.0,25.25,5.05,0.6,2,5,0.26329113924050634,0.3721518987341772,2.5843714609286526,2.473386183465459,2.5843714609286526,0.0
2025-05-16,short,2025-05-16 09:34:00-04:00,2025-05-16 09:33:00-04:00,win,1,0.7647058823529411,21.25,60.0,8.5,18.5,6.166666666666667,0.3333333333333333,1,3,0.7177033492822966,0.40669856459330145,0.6278026905829596,0.6614349775784754,0.0,0.6278026905829596
2025-05-16,short,2025-05-16 10:01:00-04:00,2025-05-16 09:51:00-04:00,loss,0,0.6721991701244814,60.25,600.0,0.75,135.5,6.4523809523809526,0.5238095238095238,2,21,0.4601226993865031,0.7392638036809815,1.080835603996367,2.2379654859218894,0.0,1.080835603996367
2025-05-16,short,2025-05-16 10:29:00-04:00,2025-05-16 10:21:00-04:00,win,1,0.5677655677655677,68.25,480.0,7.5,101.25,5.955882352941177,0.5294117647058824,4,17,0.4601226993865031,0.8374233128834356,1.6671177266576456,3.334235453315291,0.0,1.6671177266576456
2025-05-16,short,2025-05-16 11:50:00-04:00,2025-05-16 11:42:00-04:00,forced_close,0,0.3623853211009174,54.5,480.0,2.75,32.25,1.8970588235294117,0.5294117647058824,2,17,0.24958402662229617,0.3627287853577371,11.452107279693488,12.095785440613026,0.0,11.452107279693488
2025-05-20,short,2025-05-20 09:59:00-04:00,2025-05-20 09:55:00-04:00,win,1,0.5833333333333334,78.0,240.0,6.25,44.0,4.888888888888889,0.7777777777777778,6,9,0.282798833819242,0.9096209912536443,1.6946202531645569,2.4920886075949364,0.0,1.6946202531645569
2025-05-20,long,2025-05-20 10:53:00-04:00,2025-05-20 10:52:00-04:00,loss,0,0.6423841059602649,37.75,60.0,3.75,11.5,3.8333333333333335,1.0,3,3,0.2493573264781491,0.38817480719794345,0.9301533219761499,1.5979557069846677,0.9301533219761499,0.0
2025-05-20,short,2025-05-20 11:11:00-04:00,2025-05-20 11:04:00-04:00,loss,0,0.3511450381679389,32.75,420.0,5.0,50.5,3.3666666666666667,0.6,3,15,0.2493573264781491,0.33676092544987146,4.647302904564315,4.356846473029045,0.0,4.647302904564315
2025-05-20,short,2025-05-20 11:24:00-04:00,2025-05-20 11:20:00-04:00,loss,0,0.4972677595628415,45.75,240.0,6.0,27.25,3.0277777777777777,0.5555555555555556,4,9,0.2493573264781491,0.4704370179948586,6.159010600706713,5.565371024734982,0.0,6.159010600706713
2025-05-22,long,2025-05-22 11:01:00-04:00,2025-05-22 10:58:00-04:00,win,1,0.4549618320610687,163.75,180.0,0.0,73.0,10.428571428571429,0.5714285714285714,3,7,0.10046189376443418,0.75635103926097,4.763705103969754,7.741020793950851,4.763705103969754,0.0
2025-05-23,long,2025-05-23 10:02:00-04:00,2025-05-23 09:49:00-04:00,win,1,0.5011389521640092,109.75,780.0,5.25,291.0,10.777777777777779,0.5555555555555556,3,27,0.4147727272727273,0.8314393939393939,2.0595744680851062,2.629787234042553,2.0595744680851062,0.0
2025-05-27,short,2025-05-27 09:43:00-04:00,2025-05-27 09:41:00-04:00,loss,0,0.5311004784688995,52.25,120.0,11.5,34.5,6.9,0.8,4,5,0.4328767123287671,0.5726027397260274,1.3884297520661157,1.9958677685950414,0.0,1.3884297520661157
2025-05-27,long,2025-05-27 09:59:00-04:00,2025-05-27 09:58:00-04:00,win,1,1.0555555555555556,9.0,60.0,3.0,8.25,2.75,1.0,3,3,0.38072289156626504,0.08674698795180723,0.01639344262295082,0.819672131147541,0.01639344262295082,0.0
2025-05-28,short,2025-05-28 09:56:00-04:00,2025-05-28 09:54:00-04:00,win,1,0.5771812080536913,37.25,120.0,2.0,17.75,3.55,0.6,2,5,0.2390745501285347,0.38303341902313626,1.0621707060063224,1.7850368809272916,0.0,1.0621707060063224
2025-05-30,long,2025-05-30 10:47:00-04:00,2025-05-30 10:46:00-04:00,loss,0,0.4644808743169399,45.75,60.0,0.0,17.75,5.916666666666667,0.3333333333333333,1,3,0.2321699544764795,0.27769347496206376,1.6374269005847955,0.5730994152046783,1.6374269005847955,0.0
2025-05-30,short,2025-05-30 11:02:00-04:00,2025-05-30 11:02:00-04:00,win,1,0.4326923076923077,26.0,0.0,0.25,0.25,0.25,0.0,0,1,0.2321699544764795,0.15781487101669195,8.232394366197184,7.73943661971831,0.0,8.232394366197184
2025-05-30,short,2025-05-30 11:15:00-04:00,2025-05-30 11:14:00-04:00,win,1,0.5370370370370371,27.0,60.0,4.75,14.5,4.833333333333333,0.6666666666666666,1,3,0.2321699544764795,0.1638846737481032,7.7858064516129035,8.508387096774195,0.0,7.7858064516129035
2025-05-30,short,2025-05-30 11:33:00-04:00,2025-05-30 11:32:00-04:00,forced_close,0,1.0280898876404494,44.5,60.0,6.25,44.0,14.666666666666666,0.6666666666666666,2,3,0.2321699544764795,0.2701062215477997,6.844079718640094,7.730363423212192,0.0,6.844079718640094
2025-06-02,short,2025-06-02 10:06:00-04:00,2025-06-02 10:05:00-04:00,loss,0,0.5228070175438596,71.25,60.0,8.75,21.75,7.25,0.6666666666666666,2,3,0.203579418344519,0.3187919463087248,1.3942251031231585,1.7242192103712435,0.0,1.3942251031231585
2025-06-03,short,2025-06-03 09:35:00-04:00,2025-06-03 09:34:00-04:00,loss,0,0.82,25.0,60.0,9.25,25.0,8.333333333333334,1.0,3,3,0.6428571428571429,0.3246753246753247,0.1283422459893048,0.874331550802139,0.0,0.1283422459893048
2025-06-03,short,2025-06-03 09:44:00-04:00,2025-06-03 09:43:00-04:00,loss,0,0.4741784037558685,53.25,60.0,5.25,20.25,6.75,0.6666666666666666,2,3,0.577259475218659,0.6209912536443148,2.2444444444444445,1.6,0.0,2.2444444444444445
2025-06-03,long,2025-06-03 10:11:00-04:00,2025-06-03 10:09:00-04:00,win,1,0.4769230769230769,81.25,120.0,0.75,39.25,7.85,0.8,2,5,0.3844660194174757,0.6310679611650486,2.0851063829787235,2.147163120567376,2.0851063829787235,0.0
2025-06-04,long,2025-06-04 10:36:00-04:00,2025-06-04 10:35:00-04:00,loss,0,1.1136363636363635,11.0,60.0,5.0,14.25,4.75,0.6666666666666666,2,3,0.1819672131147541,0.07213114754098361,3.605755395683453,3.948201438848921,3.605755395683453,0.0
2025-06-04,short,2025-06-04 10:46:00-04:00,2025-06-04 10:46:00-04:00,loss,0,0.734375,16.0,0.0,4.5,4.5,4.5,1.0,1,1,0.1819672131147541,0.10491803278688525,5.2592592592592595,5.611111111111111,0.0,5.2592592592592595
2025-06-04,short,2025-06-04 10:51:00-04:00,2025-06-04 10:50:00-04:00,loss,0,0.7129629629629629,27.0,60.0,6.25,19.25,6.416666666666667,0.6666666666666666,1,3,0.1819672131147541,0.17704918032786884,4.6139954853273135,4.787810383747178,0.0,4.6139954853273135
2025-06-04,long,2025-06-04 11:33:00-04:00,2025-06-04 11:31:00-04:00,loss,0,0.3780487804878049,41.0,120.0,3.5,16.75,3.35,1.0,5,5,0.1819672131147541,0.26885245901639343,2.8046357615894038,4.543046357615894,2.8046357615894038,0.0
2025-06-04,long,2025-06-04 11:51:00-04:00,2025-06-04 11:50:00-04:00,forced_close,0,0.4406779661016949,44.25,60.0,3.0,16.0,5.333333333333333,1.0,3,3,0.1819672131147541,0.2901639344262295,2.204724409448819,3.601049868766404,2.204724409448819,0.0
2025-06-05,short,2025-06-05 09:38:00-04:00,2025-06-05 09:35:00-04:00,win,1,0.462882096069869,57.25,180.0,1.25,33.25,4.75,0.5714285714285714,2,7,0.453416149068323,0.7111801242236024,0.9440559440559441,1.3846153846153846,0.0,0.9440559440559441
2025-06-05,short,2025-06-05 10:33:00-04:00,2025-06-05 10:30:00-04:00,loss,0,0.5210643015521065,112.75,180.0,2.75,62.25,8.892857142857142,0.8571428571428571,3,7,0.24620573355817876,0.760539629005059,2.830525272547076,6.202180376610506,0.0,2.830525272547076
2025-06-06,long,2025-06-06 10:00:00-04:00,2025-06-06 09:57:00-04:00,loss,0,0.6115702479338843,60.5,180.0,8.75,54.0,7.714285714285714,0.5714285714285714,3,7,0.22774869109947643,0.6335078534031413,1.7086092715231789,2.847682119205298,1.7086092715231789,0.0
2025-06-06,short,2025-06-06 10:32:00-04:00,2025-06-06 10:31:00-04:00,loss,0,0.4555555555555555,22.5,60.0,5.5,7.5,2.5,1.0,3,3,0.21804511278195488,0.22556390977443608,0.6498486377396568,1.3703329969727547,0.0,0.6498486377396568
2025-06-06,long,2025-06-06 10:40:00-04:00,2025-06-06 10:39:00-04:00,win,1,0.8461538461538461,13.0,60.0,7.25,17.25,5.75,1.0,3,3,0.21804511278195488,0.13032581453634084,2.4508009153318078,3.443935926773455,2.4508009153318078,0.0
2025-06-06,short,2025-06-06 11:37:00-04:00,2025-06-06 11:33:00-04:00,loss,0,0.4680851063829787,70.5,240.0,5.5,32.25,3.5833333333333335,0.7777777777777778,4,9,0.16171003717472118,0.5241635687732342,3.139841688654353,3.8601583113456464,0.0,3.139841688654353
2025-06-06,long,2025-06-06 11:59:00-04:00,2025-06-06 11:58:00-04:00,forced_close,0,0.3959731543624161,37.25,60.0,6.0,19.75,6.583333333333333,1.0,3,3,0.16171003717472118,0.27695167286245354,5.5058823529411764,5.694117647058824,5.5058823529411764,0.0
2025-06-09,long,2025-06-09 09:57:00-04:00,2025-06-09 09:56:00-04:00,loss,0,0.5131578947368421,19.0,60.0,1.75,5.25,1.75,1.0,3,3,0.34767025089605735,0.2724014336917563,0.45985401459854014,0.340632603406326,0.45985401459854014,0.0
2025-06-10,long,2025-06-10 10:01:00-04:00,2025-06-10 09:58:00-04:00,loss,0,0.4859813084112149,53.5,180.0,2.25,30.25,4.321428571428571,0.7142857142857143,2,7,0.3953488372093023,0.7109634551495017,1.5927189988623436,1.7360637087599544,1.5927189988623436,0.0
2025-06-10,long,2025-06-10 11:05:00-04:00,2025-06-10 11:01:00-04:00,loss,0,0.4948979591836734,49.0,240.0,5.5,33.0,3.6666666666666665,0.6666666666666666,3,9,0.3953488372093023,0.6511627906976745,1.811764705882353,2.5647058823529414,1.811764705882353,0.0
2025-06-11,short,2025-06-11 09:41:00-04:00,2025-06-11 09:40:00-04:00,win,1,0.4970414201183432,42.25,60.0,14.5,29.25,9.75,0.3333333333333333,1,3,0.4092664092664093,0.6525096525096525,1.5104166666666667,1.59375,0.0,1.5104166666666667
2025-06-11,long,2025-06-11 11:16:00-04:00,2025-06-11 11:15:00-04:00,loss,0,1.0,18.25,60.0,2.75,14.75,4.916666666666667,1.0,3,3,0.17462932454695224,0.12026359143327842,1.74235807860262,2.5676855895196504,1.74235807860262,0.0
2025-06-11,long,2025-06-11 11:38:00-04:00,2025-06-11 11:37:00-04:00,loss,0,0.4591836734693877,24.5,60.0,2.5,6.5,2.1666666666666665,1.0,3,3,0.17462932454695224,0.1614497528830313,3.993288590604027,3.946308724832215,3.993288590604027,0.0
2025-06-12,long,2025-06-12 09:44:00-04:00,2025-06-12 09:42:00-04:00,loss,0,0.8235294117647058,21.25,120.0,2.0,12.75,2.55,0.4,2,5,0.7018181818181818,0.3090909090909091,0.5321266968325792,1.0389140271493214,0.5321266968325792,0.0
2025-06-12,long,2025-06-12 10:01:00-04:00,2025-06-12 09:59:00-04:00,loss,0,0.5985401459854015,34.25,120.0,2.75,17.0,3.4,0.6,2,5,0.6348684210526315,0.4506578947368421,1.8339181286549708,1.817543859649123,1.8339181286549708,0.0
2025-06-12,long,2025-06-12 10:07:00-04:00,2025-06-12 10:06:00-04:00,win,1,0.4598540145985401,34.25,60.0,32.5,42.5,14.166666666666666,1.0,3,3,0.5545977011494253,0.3936781609195402,0.4315992292870906,2.090558766859345,0.4315992292870906,0.0
2025-06-13,short,2025-06-13 10:23:00-04:00,2025-06-13 10:22:00-04:00,loss,0,0.4343434343434343,24.75,60.0,8.0,15.5,5.166666666666667,0.6666666666666666,2,3,0.3841166936790924,0.16045380875202594,1.0826010544815465,1.0579964850615113,0.0,1.0826010544815465
2025-06-13,long,2025-06-13 10:53:00-04:00,2025-06-13 10:50:00-04:00,win,1,0.592,62.5,180.0,6.75,38.5,5.5,0.8571428571428571,6,7,0.33146853146853145,0.34965034965034963,4.0083594566353185,4.300940438871473,4.0083594566353185,0.0
2025-06-16,long,2025-06-16 09:39:00-04:00,2025-06-16 09:36:00-04:00,win,1,0.5721649484536082,48.5,180.0,6.0,29.5,4.214285714285714,0.7142857142857143,3,7,0.5880597014925373,0.5791044776119403,0.6389776357827476,1.4696485623003195,0.6389776357827476,0.0
2025-06-17,short,2025-06-17 09:56:00-04:00,2025-06-17 09:53:00-04:00,loss,0,0.4618181818181818,68.75,180.0,1.0,27.75,3.9642857142857144,0.5714285714285714,2,7,0.5684523809523809,0.8184523809523809,2.182720953326713,1.6544190665342602,0.0,2.182720953326713
2025-06-17,long,2025-06-17 10:21:00-04:00,2025-06-17 10:20:00-04:00,loss,0,0.4628099173553719,30.25,60.0,9.25,14.75,4.916666666666667,0.6666666666666666,2,3,0.45368171021377673,0.28741092636579574,2.4819277108433737,2.674698795180723,2.4819277108433737,0.0
2025-06-17,long,2025-06-17 10:48:00-04:00,2025-06-17 10:43:00-04:00,loss,0,0.5234042553191489,58.75,300.0,2.0,39.75,3.6136363636363638,0.5454545454545454,3,11,0.45368171021377673,0.5581947743467933,2.693939393939394,2.3545454545454545,2.693939393939394,0.0
2025-06-17,long,2025-06-17 11:37:00-04:00,2025-06-17 11:32:00-04:00,forced_close,0,0.5044642857142857,56.0,300.0,5.5,42.0,3.8181818181818183,0.45454545454545453,3,11,0.45368171021377673,0.5320665083135392,3.8003992015968064,3.101796407185629,3.8003992015968064,0.0
2025-06-18,long,2025-06-18 10:03:00-04:00,2025-06-18 10:03:00-04:00,win,1,0.5617977528089888,44.5,0.0,5.5,5.5,5.5,1.0,1,1,0.3308457711442786,0.4427860696517413,1.0755885997521684,2.1858736059479553,1.0755885997521684,0.0
2025-06-23,long,2025-06-23 09:48:00-04:00,2025-06-23 09:46:00-04:00,win,1,1.1768292682926829,41.0,120.0,8.0,43.0,8.6,0.8,4,5,0.2193126022913257,0.2684124386252046,0.2590747330960854,1.584341637010676,0.2590747330960854,0.0
2025-06-24,long,2025-06-24 10:08:00-04:00,2025-06-24 10:04:00-04:00,loss,0,0.4771573604060913,49.25,240.0,9.0,31.75,3.5277777777777777,0.5555555555555556,3,9,0.26621160409556316,0.6723549488054608,1.9191321499013807,2.4714003944773175,1.9191321499013807,0.0
2025-06-24,long,2025-06-24 10:18:00-04:00,2025-06-24 10:11:00-04:00,loss,0,0.6796116504854369,51.5,420.0,5.5,64.5,4.3,0.6,3,15,0.26621160409556316,0.7030716723549488,0.7439613526570048,3.0265700483091784,0.7439613526570048,0.0
2025-06-25,long,2025-06-25 09:43:00-04:00,2025-06-25 09:42:00-04:00,loss,0,0.6027397260273972,18.25,60.0,4.0,11.5,3.8333333333333335,1.0,3,3,0.6622807017543859,0.3201754385964912,0.28118393234672306,1.1395348837209303,0.28118393234672306,0.0
2025-06-25,short,2025-06-25 10:19:00-04:00,2025-06-25 10:18:00-04:00,loss,0,0.6171875,32.0,60.0,0.75,13.0,4.333333333333333,0.3333333333333333,1,3,0.4603658536585366,0.3902439024390244,0.8833333333333333,1.6,0.0,0.8833333333333333
2025-06-25,short,2025-06-25 10:49:00-04:00,2025-06-25 10:46:00-04:00,win,1,0.4806866952789699,58.25,180.0,3.5,37.75,5.392857142857143,0.8571428571428571,5,7,0.4415204678362573,0.6812865497076024,2.502906976744186,2.238372093023256,0.0,2.502906976744186
2025-06-26,long,2025-06-26 10:25:00-04:00,2025-06-26 10:24:00-04:00,win,1,0.8088235294117647,17.0,60.0,4.5,8.75,2.9166666666666665,0.6666666666666666,2,3,0.23940149625935161,0.16957605985037408,0.9462738301559792,0.9705372616984402,0.9462738301559792,0.0
2025-06-26,long,2025-06-26 10:47:00-04:00,2025-06-26 10:46:00-04:00,win,1,0.9027777777777778,18.0,60.0,1.25,7.75,2.5833333333333335,0.6666666666666666,2,3,0.1951219512195122,0.14634146341463414,3.092369477911647,3.682730923694779,3.092369477911647,0.0
2025-06-26,long,2025-06-26 11:33:00-04:00,2025-06-26 11:31:00-04:00,win,1,0.504950495049505,25.25,120.0,2.5,24.5,4.9,0.8,3,5,0.17518248175182483,0.1843065693430657,4.496688741721854,4.334437086092715,4.496688741721854,0.0
2025-06-27,long,2025-06-27 09:37:00-04:00,2025-06-27 09:37:00-04:00,win,1,0.7912087912087912,22.75,0.0,2.5,2.5,2.5,1.0,1,1,0.45933014354066987,0.4354066985645933,0.3870967741935484,0.8211143695014663,0.3870967741935484,0.0
2025-06-30,short,2025-06-30 10:21:00-04:00,2025-06-30 10:13:00-04:00,win,1,0.5508474576271186,59.0,480.0,5.0,61.0,3.588235294117647,0.7058823529411765,7,17,0.3105590062111801,0.7329192546583851,1.84984984984985,4.666666666666667,0.0,1.84984984984985
2025-07-01,long,2025-07-01 09:54:00-04:00,2025-07-01 09:54:00-04:00,loss,0,0.7941176470588235,17.0,0.0,2.5,2.5,2.5,0.0,0,1,0.5067873303167421,0.3076923076923077,0.4117647058823529,0.9436274509803921,0.4117647058823529,0.0
2025-07-01,short,2025-07-01 10:25:00-04:00,2025-07-01 10:25:00-04:00,win,1,0.3763440860215054,23.25,0.0,1.0,1.0,1.0,1.0,1,1,0.3957597173144876,0.3286219081272085,0.9368029739776951,1.3184634448574968,0.0,0.9368029739776951
2025-07-02,long,2025-07-02 09:36:00-04:00,2025-07-02 09:36:00-04:00,win,1,0.6416666666666667,30.0,0.0,5.0,5.0,5.0,1.0,1,1,0.40860215053763443,0.6451612903225806,0.5672609400324149,1.1231766612641816,0.5672609400324149,0.0
2025-07-03,long,2025-07-03 09:36:00-04:00,2025-07-03 09:35:00-04:00,loss,0,0.6880733944954128,27.25,60.0,1.75,15.75,5.25,1.0,3,3,0.7422222222222222,0.48444444444444446,0.3351749539594844,0.7476979742173112,0.3351749539594844,0.0
2025-07-03,long,2025-07-03 09:46:00-04:00,2025-07-03 09:43:00-04:00,win,1,0.5205479452054794,54.75,180.0,8.5,30.0,4.285714285714286,0.7142857142857143,5,7,0.7422222222222222,0.9733333333333334,2.4968152866242037,1.0343949044585987,2.4968152866242037,0.0
2025-07-04,long,2025-07-04 11:31:00-04:00,2025-07-04 11:20:00-04:00,win,1,0.6428571428571429,35.0,660.0,0.25,44.25,1.923913043478261,0.6086956521739131,2,23,0.21794871794871795,0.5982905982905983,2.5815602836879434,4.964539007092199,2.5815602836879434,0.0
2025-07-07,short,2025-07-07 09:40:00-04:00,2025-07-07 09:39:00-04:00,loss,0,0.5396039603960396,50.5,60.0,8.0,23.25,7.75,0.6666666666666666,2,3,0.4485049833887043,0.6710963455149501,1.3187134502923978,1.7797270955165694,0.0,1.3187134502923978
2025-07-07,short,2025-07-07 10:14:00-04:00,2025-07-07 10:08:00-04:00,loss,0,0.5606936416184971,43.25,360.0,0.25,53.75,4.134615384615385,0.7692307692307693,4,13,0.4340836012861736,0.5562700964630225,1.4659685863874345,3.0418848167539267,0.0,1.4659685863874345
2025-07-07,short,2025-07-07 10:31:00-04:00,2025-07-07 10:27:00-04:00,win,1,0.5528455284552846,61.5,240.0,4.0,37.75,4.194444444444445,0.8888888888888888,8,9,0.4340836012861736,0.7909967845659164,2.4390243902439024,4.048780487804878,0.0,2.4390243902439024
2025-07-08,short,2025-07-08 09:58:00-04:00,2025-07-08 09:56:00-04:00,win,1,0.4791666666666667,36.0,120.0,8.0,34.75,6.95,0.8,3,5,0.35454545454545455,0.6545454545454545,0.8091397849462365,2.46505376344086,0.0,0.8091397849462365
2025-07-09,short,2025-07-09 11:39:00-04:00,2025-07-09 11:28:00-04:00,forced_close,0,0.4652777777777778,72.0,660.0,12.75,96.25,4.184782608695652,0.6086956521739131,4,23,0.138996138996139,0.37065637065637064,4.325722983257229,5.178082191780821,0.0,4.325722983257229
2025-07-11,long,2025-07-11 10:02:00-04:00,2025-07-11 10:02:00-04:00,loss,0,0.6774193548387096,15.5,0.0,4.75,4.75,4.75,0.0,0,1,0.45560747663551404,0.14485981308411214,0.90633608815427,0.90633608815427,0.90633608815427,0.0
2025-07-11,long,2025-07-11 11:28:00-04:00,2025-07-11 11:26:00-04:00,win,1,0.3618421052631579,38.0,120.0,3.0,13.75,2.75,0.4,2,5,0.3373702422145329,0.2629757785467128,4.815533980582524,3.825242718446602,4.815533980582524,0.0
2025-07-14,long,2025-07-14 10:21:00-04:00,2025-07-14 10:20:00-04:00,win,1,1.0476190476190477,10.5,60.0,12.0,17.5,5.833333333333333,0.6666666666666666,2,3,0.18900343642611683,0.07216494845360824,0.6371681415929203,2.0,0.6371681415929203,0.0
2025-07-15,short,2025-07-15 10:32:00-04:00,2025-07-15 10:16:00-04:00,win,1,0.4700315457413249,79.25,960.0,4.25,178.75,5.416666666666667,0.48484848484848486,3,33,0.26506024096385544,0.763855421686747,3.044917257683215,5.047281323877068,0.0,3.044917257683215
2025-07-17,short,2025-07-17 09:37:00-04:00,2025-07-17 09:36:00-04:00,loss,0,0.7410714285714286,28.0,60.0,0.5,18.0,6.0,1.0,3,3,0.4835680751173709,0.5258215962441315,0.3023255813953488,1.2790697674418605,0.0,0.3023255813953488
2025-07-17,long,2025-07-17 09:47:00-04:00,2025-07-17 09:44:00-04:00,win,1,0.8867924528301887,13.25,180.0,5.75,16.5,2.357142857142857,0.5714285714285714,2,7,0.39015151515151514,0.20075757575757575,0.7057444314185228,0.8370457209847596,0.7057444314185228,0.0
2025-07-23,short,2025-07-23 09:42:00-04:00,2025-07-23 09:36:00-04:00,win,1,0.518348623853211,54.5,360.0,0.0,62.75,4.826923076923077,0.46153846153846156,2,13,0.5015384615384615,0.6707692307692308,1.3099808061420344,2.021113243761996,0.0,1.3099808061420344
2025-07-24,short,2025-07-24 09:36:00-04:00,2025-07-24 09:36:00-04:00,win,1,0.4776119402985074,33.5,0.0,10.75,10.75,10.75,1.0,1,1,0.6452991452991453,0.5726495726495726,0.24347826086956523,0.8420289855072464,0.0,0.24347826086956523
2025-07-24,short,2025-07-24 09:59:00-04:00,2025-07-24 09:59:00-04:00,win,1,0.48,25.0,0.0,4.5,4.5,4.5,0.0,0,1,0.5613382899628253,0.37174721189591076,2.355495251017639,2.146540027137042,0.0,2.355495251017639
2025-07-24,short,2025-07-24 10:52:00-04:00,2025-07-24 10:51:00-04:00,loss,0,0.4059405940594059,25.25,60.0,0.5,4.0,1.3333333333333333,1.0,3,3,0.3691931540342298,0.2469437652811736,9.080103359173126,9.152454780361758,0.0,9.080103359173126
2025-07-28,long,2025-07-28 09:42:00-04:00,2025-07-28 09:41:00-04:00,win,1,0.5367647058823529,34.0,60.0,0.25,14.0,4.666666666666667,0.3333333333333333,1,3,0.7588235294117647,0.8,0.9462486002239642,0.5968645016797313,0.9462486002239642,0.0
2025-07-29,short,2025-07-29 10:03:00-04:00,2025-07-29 09:58:00-04:00,win,1,0.5416666666666666,42.0,300.0,7.0,32.5,2.9545454545454546,0.45454545454545453,2,11,0.3142857142857143,0.43636363636363634,0.7123572170301141,2.1370716510903427,0.0,0.7123572170301141
2025-07-30,long,2025-07-30 10:08:00-04:00,2025-07-30 10:02:00-04:00,win,1,0.4703389830508475,59.0,360.0,2.5,40.5,3.1153846153846154,0.6153846153846154,3,13,0.34098360655737703,0.7737704918032787,2.4166666666666665,2.9375,2.4166666666666665,0.0
2025-07-30,long,2025-07-30 11:24:00-04:00,2025-07-30 11:16:00-04:00,win,1,0.4660194174757281,51.5,480.0,1.75,43.0,2.5294117647058822,0.6470588235294118,4,17,0.2857142857142857,0.5659340659340659,4.412451361867705,5.447470817120623,4.412451361867705,0.0
2025-07-31,short,2025-07-31 10:12:00-04:00,2025-07-31 09:59:00-04:00,win,1,0.4961240310077519,96.75,780.0,2.0,148.25,5.4907407407407405,0.4444444444444444,3,27,0.3836805555555556,0.671875,2.750775594622544,5.139607032057911,0.0,2.750775594622544
2025-08-05,short,2025-08-05 10:21:00-04:00,2025-08-05 10:20:00-04:00,win,1,0.7866666666666666,18.75,60.0,2.25,16.0,5.333333333333333,1.0,3,3,0.4781609195402299,0.1724137931034483,0.35555555555555557,0.9925925925925926,0.0,0.35555555555555557
2025-08-06,long,2025-08-06 09:54:00-04:00,2025-08-06 09:53:00-04:00,loss,0,0.7878787878787878,66.0,60.0,3.5,28.25,9.416666666666666,0.6666666666666666,2,3,0.30238726790450926,0.7002652519893899,0.5903614457831325,2.5617469879518073,0.5903614457831325,0.0
2025-08-06,long,2025-08-06 10:30:00-04:00,2025-08-06 10:24:00-04:00,win,1,0.4684385382059801,75.25,360.0,16.75,74.75,5.75,0.6153846153846154,4,13,0.20917431192660552,0.5522935779816514,5.321561338289962,5.347583643122676,5.321561338289962,0.0
2025-08-07,long,2025-08-07 09:39:00-04:00,2025-08-07 09:37:00-04:00,win,1,0.5570469798657718,37.25,120.0,16.25,30.75,6.15,0.8,3,5,0.4117647058823529,0.7303921568627451,0.13888888888888887,1.3657407407407407,0.13888888888888887,0.0
2025-08-07,short,2025-08-07 10:47:00-04:00,2025-08-07 10:46:00-04:00,win,1,0.6308411214953271,53.5,60.0,2.5,38.0,12.666666666666666,0.6666666666666666,1,3,0.16030534351145037,0.4083969465648855,0.9645669291338583,2.3700787401574805,0.0,0.9645669291338583
2025-08-08,long,2025-08-08 09:40:00-04:00,2025-08-08 09:39:00-04:00,win,1,0.9433962264150944,13.25,60.0,4.0,13.75,4.583333333333333,0.6666666666666666,2,3,0.5348837209302325,0.24651162790697675,0.5521235521235521,0.7644787644787644,0.5521235521235521,0.0
2025-08-11,long,2025-08-11 09:48:00-04:00,2025-08-11 09:47:00-04:00,loss,0,0.4673913043478261,23.0,60.0,6.0,12.75,4.25,0.3333333333333333,1,3,0.2782608695652174,0.4,1.232810615199035,0.5235223160434258,1.232810615199035,0.0
2025-08-11,long,2025-08-11 10:53:00-04:00,2025-08-11 10:49:00-04:00,loss,0,0.5074626865671642,50.25,240.0,1.5,46.5,5.166666666666667,0.5555555555555556,3,9,0.18497109826589594,0.5809248554913294,2.158590308370044,3.0220264317180616,2.158590308370044,0.0
2025-08-11,long,2025-08-11 11:16:00-04:00,2025-08-11 11:10:00-04:00,win,1,0.6161616161616161,49.5,360.0,3.75,36.75,2.826923076923077,0.6923076923076923,4,13,0.18497109826589594,0.5722543352601156,2.236111111111111,3.5729166666666665,2.236111111111111,0.0
2025-08-12,short,2025-08-12 09:58:00-04:00,2025-08-12 09:56:00-04:00,loss,0,0.9393939393939394,57.75,120.0,8.0,54.75,10.95,1.0,5,5,0.18269230769230768,0.3701923076923077,0.35992089650626236,2.5655899802241264,0.0,0.35992089650626236
2025-08-12,long,2025-08-12 10:28:00-04:00,2025-08-12 10:26:00-04:00,loss,0,0.8586956521739131,23.0,120.0,0.25,17.25,3.45,0.8,4,5,0.15281501340482573,0.12332439678284182,3.140331491712707,3.5889502762430943,3.140331491712707,0.0
2025-08-12,long,2025-08-12 10:57:00-04:00,2025-08-12 10:56:00-04:00,win,1,0.3684210526315789,38.0,60.0,3.75,14.0,4.666666666666667,0.6666666666666666,1,3,0.15281501340482573,0.2037533512064343,3.3003802281368824,4.11660329531052,3.3003802281368824,0.0
2025-08-13,long,2025-08-13 09:42:00-04:00,2025-08-13 09:38:00-04:00,loss,0,0.5353535353535354,24.75,240.0,6.5,40.75,4.527777777777778,0.5555555555555556,2,9,0.484472049689441,0.6149068322981367,1.2216867469879518,1.2530120481927711,1.2216867469879518,0.0
2025-08-13,short,2025-08-13 10:00:00-04:00,2025-08-13 09:58:00-04:00,win,1,0.5462962962962963,27.0,120.0,8.75,28.25,5.65,0.6,1,5,0.2708333333333333,0.375,0.7000000000000001,1.9361702127659575,0.0,0.7000000000000001
2025-08-14,long,2025-08-14 11:51:00-04:00,2025-08-14 11:28:00-04:00,forced_close,0,0.4535901926444833,142.75,1380.0,3.5,266.25,5.664893617021277,0.6170212765957447,5,47,0.1704718417047184,0.8691019786910198,5.815384615384616,10.31888111888112,5.815384615384616,0.0
2025-08-15,short,2025-08-15 09:34:00-04:00,2025-08-15 09:33:00-04:00,win,1,0.6133333333333333,37.5,60.0,1.5,4.75,1.5833333333333333,0.6666666666666666,2,3,0.831275720164609,0.6172839506172839,0.5113636363636364,0.3327922077922078,0.0,0.5113636363636364
2025-08-15,short,2025-08-15 10:42:00-04:00,2025-08-15 10:16:00-04:00,loss,0,0.464818763326226,117.25,1560.0,4.25,274.75,5.183962264150943,0.5283018867924528,3,53,0.3488773747841105,0.8100172711571675,4.510179640718563,6.320958083832335,0.0,4.510179640718563
2025-08-18,long,2025-08-18 09:40:00-04:00,2025-08-18 09:39:00-04:00,loss,0,0.5983606557377049,30.5,60.0,8.25,27.5,9.166666666666666,0.3333333333333333,1,3,0.7277227722772277,0.6039603960396039,1.0870588235294119,0.711764705882353,1.0870588235294119,0.0
2025-08-18,long,2025-08-18 09:48:00-04:00,2025-08-18 09:43:00-04:00,loss,0,0.4607329842931937,47.75,300.0,8.75,45.75,4.159090909090909,0.6363636363636364,2,11,0.7277227722772277,0.9455445544554455,1.0387596899224807,0.8527131782945736,1.0387596899224807,0.0
2025-08-18,short,2025-08-18 09:58:00-04:00,2025-08-18 09:56:00-04:00,loss,0,0.7326732673267327,25.25,120.0,8.5,28.75,5.75,0.6,2,5,0.44144144144144143,0.3033033033033033,0.49039548022598867,2.072316384180791,0.0,0.49039548022598867
2025-08-18,short,2025-08-18 10:09:00-04:00,2025-08-18 10:08:00-04:00,loss,0,0.5026455026455027,47.25,60.0,3.25,22.0,7.333333333333333,0.6666666666666666,2,3,0.44144144144144143,0.5675675675675675,2.7001321003963015,2.4227212681638046,0.0,2.7001321003963015
2025-08-18,short,2025-08-18 10:43:00-04:00,2025-08-18 10:42:00-04:00,win,1,0.8363636363636363,13.75,60.0,1.25,9.5,3.1666666666666665,1.0,3,3,0.4106145251396648,0.15363128491620112,2.287443267776097,2.7745839636913767,0.0,2.287443267776097
2025-08-18,short,2025-08-18 10:59:00-04:00,2025-08-18 10:58:00-04:00,win,1,0.725,20.0,60.0,7.75,22.75,7.583333333333333,0.3333333333333333,1,3,0.3475177304964539,0.18912529550827423,4.118733509234828,3.620052770448549,0.0,4.118733509234828
2025-08-20,short,2025-08-20 09:35:00-04:00,2025-08-20 09:35:00-04:00,win,1,0.7682926829268293,41.0,0.0,12.75,12.75,12.75,0.0,0,1,0.6964285714285714,0.5857142857142857,0.7295081967213115,0.6967213114754098,0.0,0.7295081967213115
2025-08-21,long,2025-08-21 09:44:00-04:00,2025-08-21 09:42:00-04:00,loss,0,0.5068493150684932,54.75,120.0,1.25,24.0,4.8,0.6,3,5,0.7445054945054945,0.6016483516483516,1.039380245319561,0.8405422853453841,1.039380245319561,0.0
2025-08-21,long,2025-08-21 10:09:00-04:00,2025-08-21 10:08:00-04:00,win,1,0.5,28.5,60.0,3.25,20.75,6.916666666666667,0.6666666666666666,1,3,0.5009242144177449,0.21072088724584104,0.5348314606741573,0.9752808988764045,0.5348314606741573,0.0
2025-08-21,long,2025-08-21 10:45:00-04:00,2025-08-21 10:42:00-04:00,loss,0,0.7515527950310559,40.25,180.0,14.5,59.5,8.5,0.5714285714285714,2,7,0.35103626943005184,0.20854922279792745,5.1749174917491745,4.99009900990099,5.1749174917491745,0.0
2025-08-21,long,2025-08-21 11:29:00-04:00,2025-08-21 11:16:00-04:00,loss,0,0.6158357771260997,85.25,780.0,0.25,176.75,6.546296296296297,0.4444444444444444,4,27,0.35103626943005184,0.4417098445595855,5.182089552238805,4.513432835820895,5.182089552238805,0.0
2025-08-22,long,2025-08-22 09:40:00-04:00,2025-08-22 09:39:00-04:00,win,1,0.6881720430107527,23.25,60.0,2.25,14.25,4.75,1.0,3,3,0.7189189189189189,0.25135135135135134,0.644106463878327,0.8448669201520912,0.644106463878327,0.0
2025-08-22,long,2025-08-22 10:00:00-04:00,2025-08-22 09:59:00-04:00,win,1,0.5738636363636364,44.0,60.0,137.75,154.5,51.5,0.6666666666666666,1,3,0.25552353506243997,0.1690682036503362,1.763018065887354,5.742826780021255,1.763018065887354,0.0
2025-08-25,short,2025-08-25 09:41:00-04:00,2025-08-25 09:39:00-04:00,loss,0,0.4943820224719101,66.75,120.0,16.75,45.5,9.1,0.8,4,5,0.3129251700680272,0.9081632653061225,2.180841539838854,2.170098478066249,0.0,2.180841539838854
2025-08-25,long,2025-08-25 10:02:00-04:00,2025-08-25 10:02:00-04:00,win,1,0.4233576642335766,34.25,0.0,0.25,0.25,0.25,0.0,0,1,0.24533333333333332,0.36533333333333334,1.1571428571428573,1.1571428571428573,1.1571428571428573,0.0
2025-08-26,long,2025-08-26 10:00:00-04:00,2025-08-26 09:57:00-04:00,win,1,0.4893617021276595,23.5,180.0,7.5,37.0,5.285714285714286,0.7142857142857143,3,7,0.25340599455040874,0.2561307901907357,0.8860759493670886,1.4683544303797469,0.8860759493670886,0.0
2025-08-28,long,2025-08-28 09:40:00-04:00,2025-08-28 09:38:00-04:00,loss,0,0.6175298804780877,62.75,120.0,0.75,32.5,6.5,0.8,3,5,0.6776315789473685,0.5504385964912281,0.7558479532163743,1.1820175438596492,0.7558479532163743,0.0
2025-08-28,short,2025-08-28 09:54:00-04:00,2025-08-28 09:53:00-04:00,loss,0,0.76,37.5,60.0,20.0,39.25,13.083333333333334,0.6666666666666666,2,3,0.5099009900990099,0.24752475247524752,0.9494348602022605,1.2492563950029745,0.0,0.9494348602022605
2025-08-28,short,2025-08-28 10:20:00-04:00,2025-08-28 10:09:00-04:00,loss,0,0.4792899408284023,84.5,660.0,12.0,145.0,6.304347826086956,0.6086956521739131,3,23,0.45241581259150804,0.49487554904831627,3.907578558225508,2.9371534195933453,0.0,3.907578558225508
2025-08-28,long,2025-08-28 10:51:00-04:00,2025-08-28 10:50:00-04:00,loss,0,0.6,17.5,60.0,0.25,7.5,2.5,0.6666666666666666,1,3,0.45241581259150804,0.10248901903367497,2.0991325898389093,2.550185873605948,2.0991325898389093,0.0
2025-08-28,long,2025-08-28 11:09:00-04:00,2025-08-28 11:06:00-04:00,win,1,0.4411764705882353,34.0,180.0,3.5,30.25,4.321428571428571,0.5714285714285714,1,7,0.45241581259150804,0.19912152269399708,2.990791896869245,3.790055248618785,2.990791896869245,0.0
2025-08-28,long,2025-08-28 11:32:00-04:00,2025-08-28 11:30:00-04:00,forced_close,0,0.5708812260536399,65.25,120.0,3.0,31.5,6.3,0.8,4,5,0.4250343878954608,0.35900962861072905,4.018018018018018,3.4414414414414414,4.018018018018018,0.0
2025-09-01,long,2025-09-01 09:49:00-04:00,2025-09-01 09:48:00-04:00,win,1,0.8372093023255814,10.75,60.0,1.75,6.25,2.0833333333333335,1.0,3,3,0.4127906976744186,0.25,0.3804347826086957,1.3695652173913044,0.3804347826086957,0.0
2025-09-02,short,2025-09-02 11:57:00-04:00,2025-09-02 11:57:00-04:00,loss,0,0.536,31.25,0.0,6.5,6.5,6.5,1.0,1,1,0.20568070519098922,0.12242899118511263,0.84,2.0676923076923077,0.0,0.84
2025-09-03,short,2025-09-03 09:35:00-04:00,2025-09-03 09:34:00-04:00,win,1,0.4785714285714286,35.0,60.0,10.5,23.5,7.833333333333333,0.6666666666666666,2,3,0.4827586206896552,0.603448275862069,0.9829059829059829,1.0256410256410255,0.0,0.9829059829059829
2025-09-03,short,2025-09-03 09:54:00-04:00,2025-09-03 09:52:00-04:00,loss,0,0.5763546798029556,50.75,120.0,2.25,25.0,5.0,0.8,4,5,0.41025641025641024,0.7435897435897436,1.5606183889340925,1.8340113913751015,0.0,1.5606183889340925
2025-09-03,long,2025-09-03 10:11:00-04:00,2025-09-03 10:10:00-04:00,loss,0,0.6016260162601627,30.75,60.0,0.25,15.5,5.166666666666667,0.6666666666666666,2,3,0.30684931506849317,0.336986301369863,0.5861513687600645,1.0370370370370372,0.5861513687600645,0.0
2025-09-03,long,2025-09-03 10:23:00-04:00,2025-09-03 10:22:00-04:00,win,1,0.8333333333333334,21.0,60.0,1.0,6.5,2.1666666666666665,0.6666666666666666,2,3,0.30684931506849317,0.23013698630136986,0.6993006993006993,1.2867132867132867,0.6993006993006993,0.0
2025-09-03,long,2025-09-03 11:42:00-04:00,2025-09-03 11:41:00-04:00,loss,0,0.5662650602409639,20.75,60.0,0.5,10.75,3.5833333333333335,1.0,3,3,0.1792,0.1328,6.685714285714286,6.704761904761905,6.685714285714286,0.0
2025-09-04,long,2025-09-04 09:48:00-04:00,2025-09-04 09:43:00-04:00,loss,0,0.5488505747126436,87.0,300.0,17.5,81.5,7.409090909090909,0.7272727272727273,4,11,0.32967032967032966,0.9560439560439561,2.366344005956813,2.543559195830231,2.366344005956813,0.0
2025-09-04,short,2025-09-04 10:14:00-04:00,2025-09-04 10:13:00-04:00,win,1,0.4846938775510204,49.0,60.0,0.25,19.5,6.5,0.6666666666666666,2,3,0.23715415019762845,0.38735177865612647,1.353515625,1.94140625,0.0,1.353515625
2025-09-04,long,2025-09-04 10:29:00-04:00,2025-09-04 10:28:00-04:00,win,1,0.5354330708661418,31.75,60.0,0.0,10.5,3.5,0.6666666666666666,2,3,0.21699819168173598,0.22965641952983726,4.298109010011124,3.7997775305895445,4.298109010011124,0.0
2025-09-05,short,2025-09-05 09:46:00-04:00,2025-09-05 09:44:00-04:00,loss,0,0.6597510373443983,60.25,120.0,20.5,69.5,13.9,0.2,1,5,0.6172839506172839,0.7438271604938271,1.648843930635838,1.2543352601156068,0.0,1.648843930635838
2025-09-05,short,2025-09-05 09:56:00-04:00,2025-09-05 09:55:00-04:00,win,1,0.6994818652849741,48.25,60.0,5.75,40.5,13.5,0.3333333333333333,1,3,0.6172839506172839,0.595679012345679,0.7153945666235446,1.1228978007761967,0.0,0.7153945666235446
2025-09-08,long,2025-09-08 09:41:00-04:00,2025-09-08 09:40:00-04:00,win,1,0.625,50.0,60.0,8.5,33.75,11.25,0.6666666666666666,2,3,0.37748344370860926,0.6622516556291391,1.1749773345421577,1.5448776065276517,1.1749773345421577,0.0
2025-09-08,long,2025-09-08 10:24:00-04:00,2025-09-08 10:22:00-04:00,win,1,0.5555555555555556,40.5,120.0,4.75,26.25,5.25,0.4,1,5,0.27078384798099764,0.3847980997624703,4.2019914651493595,5.1977240398293025,4.2019914651493595,0.0
2025-09-09,short,2025-09-09 10:17:00-04:00,2025-09-09 10:13:00-04:00,win,1,0.4695340501792114,69.75,240.0,6.5,40.75,4.527777777777778,0.6666666666666666,4,9,0.41042345276872966,0.9087947882736156,2.7872582480091013,2.882821387940842,0.0,2.7872582480091013
2025-09-10,short,2025-09-10 09:45:00-04:00,2025-09-10 09:45:00-04:00,win,1,0.625,34.0,0.0,13.25,13.25,13.25,1.0,1,1,0.6704225352112676,0.38309859154929576,0.28445229681978795,1.4469964664310953,0.0,0.28445229681978795
2025-09-10,short,2025-09-10 10:19:00-04:00,2025-09-10 10:09:00-04:00,loss,0,0.4638297872340425,58.75,600.0,8.0,93.0,4.428571428571429,0.42857142857142855,3,21,0.5586854460093896,0.5516431924882629,4.362068965517241,3.2413793103448274,0.0,4.362068965517241
2025-09-10,short,2025-09-10 11:17:00-04:00,2025-09-10 10:48:00-04:00,win,1,0.563573883161512,72.75,1740.0,4.0,233.0,3.9491525423728815,0.559322033898305,4,59,0.5586854460093896,0.6830985915492958,5.95,4.7,0.0,5.95
2025-09-10,short,2025-09-10 12:01:00-04:00,2025-09-10 11:53:00-04:00,forced_close,0,0.473170731707317,51.25,480.0,2.75,44.25,2.6029411764705883,0.6470588235294118,3,17,0.5586854460093896,0.4812206572769953,6.269141531322506,6.106728538283063,0.0,6.269141531322506
2025-09-11,short,2025-09-11 10:19:00-04:00,2025-09-11 10:19:00-04:00,loss,0,0.6153846153846154,29.25,0.0,0.0,0.0,0.0,0.0,0,1,0.25133689839572193,0.31283422459893045,3.2749445676274944,3.926829268292683,0.0,3.2749445676274944
2025-09-11,long,2025-09-11 10:50:00-04:00,2025-09-11 10:48:00-04:00,loss,0,0.3823529411764705,25.5,120.0,3.0,11.25,2.25,0.6,3,5,0.20935412026726058,0.22717149220489977,1.9808795411089868,2.7304015296367115,1.9808795411089868,0.0
2025-09-11,long,2025-09-11 11:00:00-04:00,2025-09-11 10:56:00-04:00,win,1,0.6149732620320856,46.75,240.0,2.25,40.0,4.444444444444445,0.7777777777777778,4,9,0.20935412026726058,0.41648106904231624,1.3957055214723928,2.190184049079755,1.3957055214723928,0.0
2025-09-12,short,2025-09-12 09:35:00-04:00,2025-09-12 09:34:00-04:00,win,1,0.746268656716418,16.75,60.0,6.5,14.0,4.666666666666667,1.0,3,3,0.5300546448087432,0.366120218579235,0.5491071428571428,1.1517857142857142,0.0,0.5491071428571428
2025-09-12,short,2025-09-12 09:59:00-04:00,2025-09-12 09:58:00-04:00,win,1,0.6923076923076923,19.5,60.0,7.25,12.0,4.0,0.6666666666666666,2,3,0.3943089430894309,0.3170731707317073,3.542168674698795,3.141566265060241,0.0,3.542168674698795
2025-09-12,long,2025-09-12 10:33:00-04:00,2025-09-12 10:23:00-04:00,win,1,1.1136363636363635,11.0,600.0,0.5,55.75,2.6547619047619047,0.6190476190476191,6,21,0.29393939393939394,0.13333333333333333,0.9959349593495934,2.3902439024390243,0.9959349593495934,0.0
2025-09-15,long,2025-09-15 09:35:00-04:00,2025-09-15 09:35:00-04:00,win,1,0.5360824742268041,24.25,0.0,5.0,5.0,5.0,1.0,1,1,0.6024844720496895,0.6024844720496895,0.3472222222222222,0.8888888888888888,0.3472222222222222,0.0
2025-09-22,long,2025-09-22 09:44:00-04:00,2025-09-22 09:42:00-04:00,win,1,0.6054421768707483,36.75,120.0,1.75,20.5,4.1,0.8,2,5,0.4090909090909091,0.8352272727272727,0.945945945945946,1.9675675675675677,0.945945945945946,0.0
2025-09-25,long,2025-09-25 10:14:00-04:00,2025-09-25 10:14:00-04:00,win,1,0.4111111111111111,22.5,0.0,1.5,1.5,1.5,0.0,0,1,0.29057187017001546,0.1391035548686244,0.7388535031847133,0.25477707006369427,0.7388535031847133,0.0
2025-09-26,long,2025-09-26 09:47:00-04:00,2025-09-26 09:46:00-04:00,loss,0,0.6811594202898551,69.0,60.0,7.75,37.0,12.333333333333334,1.0,3,3,0.46004319654427644,0.5961123110151187,0.5804145818441744,2.231593995711222,0.5804145818441744,0.0
2025-09-26,short,2025-09-26 10:14:00-04:00,2025-09-26 10:13:00-04:00,win,1,0.954954954954955,27.75,60.0,17.75,42.25,14.083333333333334,0.3333333333333333,1,3,0.36915077989601386,0.1923743500866551,1.0405405405405406,0.6096096096096096,0.0,1.0405405405405406
2025-09-26,short,2025-09-26 10:46:00-04:00,2025-09-26 10:43:00-04:00,win,1,0.8795811518324608,47.75,180.0,3.0,65.0,9.285714285714286,0.7142857142857143,4,7,0.24970691676436108,0.223915592028136,4.238993710691824,4.20125786163522,0.0,4.238993710691824
2025-09-26,short,2025-09-26 11:36:00-04:00,2025-09-26 11:31:00-04:00,win,1,0.3650190114068441,65.75,300.0,3.5,55.0,5.0,0.2727272727272727,1,11,0.24970691676436108,0.3083235638921454,6.559322033898305,5.661016949152542,0.0,6.559322033898305
2025-09-29,long,2025-09-29 09:37:00-04:00,2025-09-29 09:37:00-04:00,win,1,0.4719101123595505,22.25,0.0,12.0,12.0,12.0,1.0,1,1,0.4887640449438202,0.5,0.28620102214650767,1.2402044293015333,0.28620102214650767,0.0
2025-09-29,short,2025-09-29 11:51:00-04:00,2025-09-29 11:46:00-04:00,forced_close,0,0.8059701492537313,33.5,300.0,8.75,43.0,3.909090909090909,0.5454545454545454,3,11,0.15077989601386482,0.2322357019064125,1.7527047913446676,1.5146831530139104,0.0,1.7527047913446676
2025-09-30,short,2025-09-30 09:51:00-04:00,2025-09-30 09:49:00-04:00,win,1,0.484,62.5,120.0,2.0,26.0,5.2,0.6,1,5,0.33519553072625696,0.6983240223463687,1.532846715328467,3.0401459854014594,0.0,1.532846715328467
2025-09-30,short,2025-09-30 10:07:00-04:00,2025-09-30 10:04:00-04:00,win,1,0.6982456140350877,71.25,180.0,11.25,67.0,9.571428571428571,0.5714285714285714,3,7,0.27713625866050806,0.6581986143187067,2.496124031007752,3.7743324720068907,0.0,2.496124031007752
2025-09-30,long,2025-09-30 10:52:00-04:00,2025-09-30 10:51:00-04:00,win,1,0.6024096385542169,20.75,60.0,0.5,8.0,2.6666666666666665,0.6666666666666666,1,3,0.25806451612903225,0.17849462365591398,0.5203836930455635,0.5371702637889688,0.5203836930455635,0.0
2025-09-30,short,2025-09-30 11:24:00-04:00,2025-09-30 11:23:00-04:00,win,1,0.4313725490196078,25.5,60.0,1.25,10.5,3.5,0.6666666666666666,1,3,0.21201413427561838,0.18021201413427562,5.223076923076923,5.6179487179487175,0.0,5.223076923076923
2025-09-30,short,2025-09-30 11:57:00-04:00,2025-09-30 11:52:00-04:00,loss,0,0.3842105263157894,47.5,300.0,6.5,54.25,4.931818181818182,0.45454545454545453,3,11,0.21201413427561838,0.33568904593639576,5.5310880829015545,5.676165803108808,0.0,5.5310880829015545
2025-10-03,long,2025-10-03 09:38:00-04:00,2025-10-03 09:37:00-04:00,loss,0,0.6204379562043796,34.25,60.0,4.75,12.0,4.0,1.0,3,3,0.5988700564971752,0.7740112994350282,0.43209876543209874,0.8765432098765432,0.43209876543209874,0.0
2025-10-03,long,2025-10-03 09:52:00-04:00,2025-10-03 09:51:00-04:00,loss,0,0.8488372093023255,21.5,60.0,7.25,17.0,5.666666666666667,0.3333333333333333,1,3,0.5,0.4056603773584906,1.1187214611872147,1.2945205479452055,1.1187214611872147,0.0
2025-10-06,short,2025-10-06 09:40:00-04:00,2025-10-06 09:39:00-04:00,win,1,0.7791411042944786,40.75,60.0,12.5,41.25,13.75,0.3333333333333333,1,3,0.535593220338983,0.5525423728813559,1.1361974405850093,1.3775137111517368,0.0,1.1361974405850093
2025-10-06,short,2025-10-06 10:23:00-04:00,2025-10-06 10:22:00-04:00,win,1,0.5798319327731093,29.75,60.0,3.75,11.0,3.6666666666666665,0.6666666666666666,2,3,0.37708830548926014,0.2840095465393795,4.116531165311653,4.951219512195122,0.0,4.116531165311653
2025-10-07,long,2025-10-07 09:50:00-04:00,2025-10-07 09:47:00-04:00,loss,0,0.562962962962963,33.75,180.0,10.75,50.5,7.214285714285714,0.7142857142857143,4,7,0.4782608695652174,0.7336956521739131,1.6694214876033058,1.5867768595041323,1.6694214876033058,0.0
2025-10-09,short,2025-10-09 09:53:00-04:00,2025-10-09 09:52:00-04:00,win,1,0.6007905138339921,63.25,60.0,11.75,16.25,5.416666666666667,0.6666666666666666,2,3,0.2932098765432099,0.7808641975308642,0.742526518804243,2.8216007714561235,0.0,0.742526518804243
2025-10-10,long,2025-10-10 10:08:00-04:00,2025-10-10 10:02:00-04:00,loss,0,0.5167785234899329,74.5,360.0,13.0,78.0,6.0,0.6153846153846154,3,13,0.259946949602122,0.7904509283819628,2.7375886524822697,3.9574468085106385,2.7375886524822697,0.0
2025-10-10,long,2025-10-10 10:26:00-04:00,2025-10-10 10:18:00-04:00,loss,0,0.5205882352941177,85.0,480.0,0.0,75.25,4.426470588235294,0.5294117647058824,5,17,0.259946949602122,0.9018567639257294,2.7069988137603795,4.633451957295374,2.7069988137603795,0.0
2025-10-13,long,2025-10-13 09:56:00-04:00,2025-10-13 09:55:00-04:00,win,1,0.8913043478260869,34.5,60.0,3.0,25.5,8.5,0.6666666666666666,2,3,0.26573426573426573,0.24125874125874125,0.28903225806451616,1.0658064516129033,0.28903225806451616,0.0
2025-10-15,short,2025-10-15 09:47:00-04:00,2025-10-15 09:46:00-04:00,win,1,0.6059322033898306,59.0,60.0,4.25,29.25,9.75,0.6666666666666666,2,3,0.4626865671641791,0.7044776119402985,1.087456846950518,1.4499424626006905,0.0,1.087456846950518
2025-10-15,long,2025-10-15 09:58:00-04:00,2025-10-15 09:57:00-04:00,win,1,0.6949152542372882,14.75,60.0,8.0,15.0,5.0,0.6666666666666666,1,3,0.3045186640471513,0.11591355599214145,0.3620689655172414,0.6896551724137931,0.3620689655172414,0.0
2025-10-15,short,2025-10-15 11:44:00-04:00,2025-10-15 11:43:00-04:00,win,1,1.029126213592233,25.75,60.0,7.25,29.25,9.75,0.3333333333333333,1,3,0.1755379388448471,0.11664779161947905,2.1934032983508245,2.8755622188905545,0.0,2.1934032983508245
2025-10-16,long,2025-10-16 10:09:00-04:00,2025-10-16 10:09:00-04:00,loss,0,0.5683060109289617,45.75,0.0,12.5,12.5,12.5,0.0,0,1,0.32160804020100503,0.45979899497487436,2.784090909090909,2.0880681818181817,2.784090909090909,0.0
2025-10-16,long,2025-10-16 10:21:00-04:00,2025-10-16 10:20:00-04:00,win,1,0.5,26.5,60.0,4.5,12.75,4.25,1.0,3,3,0.2857142857142857,0.23660714285714285,1.785876993166287,2.2323462414578588,1.785876993166287,0.0
2025-10-16,short,2025-10-16 11:36:00-04:00,2025-10-16 11:36:00-04:00,loss,0,0.3538461538461538,65.0,0.0,5.5,5.5,5.5,0.0,0,1,0.17704011065006917,0.359612724757953,1.973431734317343,1.7357933579335791,0.0,1.973431734317343
2025-10-17,long,2025-10-17 09:38:00-04:00,2025-10-17 09:37:00-04:00,loss,0,1.0617977528089888,44.5,60.0,3.5,41.5,13.833333333333334,0.6666666666666666,2,3,0.597457627118644,0.3771186440677966,0.3532513181019332,1.0017574692442883,0.3532513181019332,0.0
2025-10-17,long,2025-10-17 09:51:00-04:00,2025-10-17 09:50:00-04:00,win,1,0.92,25.0,60.0,8.75,26.25,8.75,1.0,3,3,0.4845360824742268,0.1718213058419244,0.696800406297613,1.350939563230066,0.696800406297613,0.0
2025-10-17,long,2025-10-17 11:43:00-04:00,2025-10-17 11:42:00-04:00,win,1,0.7733333333333333,18.75,60.0,20.25,24.25,8.083333333333334,0.6666666666666666,2,3,0.24436741767764297,0.06499133448873484,7.427230046948357,7.154929577464789,7.427230046948357,0.0
2025-10-21,long,2025-10-21 11:51:00-04:00,2025-10-21 11:50:00-04:00,win,1,0.6119402985074627,16.75,60.0,3.5,9.5,3.1666666666666665,1.0,3,3,0.15157894736842106,0.14105263157894737,0.30963665086887837,1.5260663507109005,0.30963665086887837,0.0
2025-10-22,long,2025-10-22 10:02:00-04:00,2025-10-22 10:00:00-04:00,loss,0,0.5612903225806452,38.75,120.0,2.25,19.5,3.9,0.6,3,5,0.49678800856531047,0.33190578158458245,1.087790110998991,1.01715438950555,1.087790110998991,0.0
2025-10-22,short,2025-10-22 10:23:00-04:00,2025-10-22 10:20:00-04:00,win,1,0.5555555555555556,54.0,180.0,10.5,32.5,4.642857142857143,0.7142857142857143,3,7,0.49678800856531047,0.4625267665952891,1.8102189781021898,2.3795620437956204,0.0,1.8102189781021898
2025-10-24,long,2025-10-24 09:57:00-04:00,2025-10-24 09:51:00-04:00,win,1,0.4855491329479768,86.5,360.0,4.75,63.25,4.865384615384615,0.6923076923076923,6,13,0.2863070539419087,0.7178423236514523,1.7795655671761865,3.728077232502011,1.7795655671761865,0.0
2025-10-24,long,2025-10-24 11:03:00-04:00,2025-10-24 11:02:00-04:00,win,1,0.6142857142857143,17.5,60.0,13.0,18.75,6.25,1.0,3,3,0.2863070539419087,0.14522821576763487,4.128964059196617,4.898520084566596,4.128964059196617,0.0
2025-10-27,short,2025-10-27 09:44:00-04:00,2025-10-27 09:42:00-04:00,loss,0,0.5172413793103449,50.75,120.0,15.25,33.0,6.6,0.2,1,5,0.6692913385826772,0.7992125984251969,2.0422018348623854,0.8862385321100917,0.0,2.0422018348623854
2025-10-27,long,2025-10-27 10:12:00-04:00,2025-10-27 10:12:00-04:00,loss,0,0.5357142857142857,28.0,0.0,1.0,1.0,1.0,0.0,0,1,0.5279503105590062,0.34782608695652173,1.1563421828908553,1.7138643067846606,1.1563421828908553,0.0
2025-10-27,long,2025-10-27 10:29:00-04:00,2025-10-27 10:21:00-04:00,win,1,0.726027397260274,54.75,480.0,1.25,82.5,4.852941176470588,0.5294117647058824,3,17,0.5279503105590062,0.6801242236024845,0.9182968929804373,1.3371691599539701,0.9182968929804373,0.0
2025-10-28,short,2025-10-28 09:51:00-04:00,2025-10-28 09:50:00-04:00,loss,0,0.8080808080808081,24.75,60.0,3.0,19.75,6.583333333333333,1.0,3,3,0.5169491525423728,0.4194915254237288,0.24676850763807287,0.9048178613396005,0.0,0.24676850763807287
2025-10-28,short,2025-10-28 10:20:00-04:00,2025-10-28 10:01:00-04:00,win,1,0.4846625766871165,40.75,1140.0,1.25,145.75,3.7371794871794872,0.46153846153846156,4,39,0.46923076923076923,0.6269230769230769,2.9047619047619047,1.880952380952381,0.0,2.9047619047619047
2025-10-29,short,2025-10-29 09:41:00-04:00,2025-10-29 09:40:00-04:00,loss,0,0.5217391304347826,28.75,60.0,7.0,17.75,5.916666666666667,0.3333333333333333,1,3,0.6143790849673203,0.7516339869281046,1.3636363636363635,0.6577540106951871,0.0,1.3636363636363635
2025-10-29,long,2025-10-29 09:56:00-04:00,2025-10-29 09:55:00-04:00,win,1,1.065217391304348,11.5,60.0,2.75,12.0,4.0,1.0,3,3,0.39166666666666666,0.19166666666666668,0.8615384615384615,1.8846153846153846,0.8615384615384615,0.0
2025-10-29,long,2025-10-29 10:29:00-04:00,2025-10-29 10:20:00-04:00,loss,0,0.7171717171717171,24.75,540.0,2.25,75.0,3.9473684210526314,0.47368421052631576,2,19,0.32525951557093424,0.34256055363321797,3.4265734265734267,3.7692307692307696,3.4265734265734267,0.0
2025-10-29,short,2025-10-29 10:58:00-04:00,2025-10-29 10:53:00-04:00,win,1,0.4585987261146497,39.25,300.0,2.0,29.5,2.6818181818181817,0.6363636363636364,4,11,0.28313253012048195,0.47289156626506024,1.4227642276422765,1.5934959349593496,0.0,1.4227642276422765
2025-10-30,long,2025-10-30 09:57:00-04:00,2025-10-30 09:56:00-04:00,win,1,0.4076923076923077,32.5,60.0,9.75,24.0,8.0,0.3333333333333333,1,3,0.2782503037667072,0.15795868772782504,0.9820143884892086,0.6630695443645084,0.9820143884892086,0.0
2025-10-30,long,2025-10-30 10:06:00-04:00,2025-10-30 10:05:00-04:00,loss,0,1.0511627906976744,53.75,60.0,15.0,65.0,21.666666666666668,0.6666666666666666,2,3,0.24054621848739496,0.22584033613445378,1.34163508391987,1.576610720086627,1.34163508391987,0.0
2025-10-30,short,2025-10-30 10:20:00-04:00,2025-10-30 10:19:00-04:00,win,1,0.7657142857142857,43.75,60.0,0.75,25.75,8.583333333333334,1.0,3,3,0.24054621848739496,0.18382352941176472,3.2977777777777773,4.0055555555555555,0.0,3.2977777777777773
2025-10-30,short,2025-10-30 10:46:00-04:00,2025-10-30 10:44:00-04:00,win,1,0.7166666666666667,60.0,120.0,12.75,51.5,10.3,0.6,2,5,0.24054621848739496,0.25210084033613445,5.417624521072797,5.524904214559387,0.0,5.417624521072797
2025-10-31,short,2025-10-31 11:38:00-04:00,2025-10-31 11:20:00-04:00,forced_close,0,0.6547619047619048,126.0,1080.0,1.25,158.0,4.27027027027027,0.5945945945945946,4,37,0.17192982456140352,0.8842105263157894,3.3404825737265416,8.857908847184987,0.0,3.3404825737265416
2025-11-04,short,2025-11-04 09:39:00-05:00,2025-11-04 09:38:00-05:00,loss,0,0.6059322033898306,59.0,60.0,2.75,20.25,6.75,0.3333333333333333,1,3,0.38563829787234044,0.6276595744680851,0.8224442736356649,1.3066871637202153,0.0,0.8224442736356649
2025-11-04,long,2025-11-04 09:49:00-05:00,2025-11-04 09:48:00-05:00,win,1,0.851063829787234,47.0,60.0,1.75,36.5,12.166666666666666,1.0,3,3,0.29713114754098363,0.38524590163934425,0.25741399762752076,1.4365361803084222,0.25741399762752076,0.0
2025-11-04,long,2025-11-04 11:29:00-05:00,2025-11-04 11:27:00-05:00,loss,0,0.3988269794721407,85.25,120.0,1.75,29.5,5.9,0.6,2,5,0.1570964247020585,0.3694474539544962,7.333333333333333,9.007407407407408,7.333333333333333,0.0
2025-11-05,short,2025-11-05 09:42:00-05:00,2025-11-05 09:40:00-05:00,loss,0,0.5246376811594203,86.25,120.0,9.75,34.75,6.95,1.0,5,5,0.5195530726256983,0.9636871508379888,0.9556592765460911,1.3045507584597433,0.0,0.9556592765460911
2025-11-06,short,2025-11-06 09:40:00-05:00,2025-11-06 09:39:00-05:00,win,1,0.4631578947368421,47.5,60.0,3.0,18.0,6.0,1.0,3,3,0.6168582375478927,0.7279693486590039,0.75625,0.859375,0.0,0.75625
2025-11-07,short,2025-11-07 10:01:00-05:00,2025-11-07 09:59:00-05:00,win,1,0.5625,128.0,120.0,5.25,69.75,13.95,0.8,3,5,0.3402061855670103,0.6597938144329897,1.2340237990304097,3.159100925517849,0.0,1.2340237990304097
2025-11-10,short,2025-11-10 11:14:00-05:00,2025-11-10 11:13:00-05:00,win,1,0.3712121212121212,66.0,60.0,4.25,20.0,6.666666666666667,0.6666666666666666,2,3,0.22948717948717948,0.3384615384615385,2.2493415276558384,2.581211589113257,0.0,2.2493415276558384
2025-11-11,long,2025-11-11 09:36:00-05:00,2025-11-11 09:35:00-05:00,loss,0,0.589041095890411,36.5,60.0,6.5,17.25,5.75,0.6666666666666666,1,3,0.7358490566037735,0.9182389937106918,0.4117647058823529,0.49411764705882355,0.4117647058823529,0.0
2025-11-11,short,2025-11-11 10:15:00-05:00,2025-11-11 10:11:00-05:00,win,1,0.4792626728110599,54.25,240.0,9.5,59.0,6.555555555555555,0.5555555555555556,2,9,0.28536585365853656,0.5292682926829269,0.8100078186082877,2.2767787333854574,0.0,0.8100078186082877
2025-11-17,short,2025-11-17 11:19:00-05:00,2025-11-17 11:19:00-05:00,win,1,0.4186046511627907,32.25,0.0,1.25,1.25,1.25,1.0,1,1,0.14471544715447154,0.1048780487804878,0.8298969072164949,0.3848797250859107,0.0,0.8298969072164949
2025-11-18,short,2025-11-18 09:47:00-05:00,2025-11-18 09:46:00-05:00,win,1,0.7040816326530612,98.0,60.0,37.75,85.25,28.416666666666668,1.0,3,3,0.2577937649880096,0.47002398081534774,0.16831683168316833,1.613861386138614,0.0,0.16831683168316833
2025-11-19,long,2025-11-19 09:40:00-05:00,2025-11-19 09:39:00-05:00,win,1,0.8186968838526912,88.25,60.0,4.25,23.75,7.916666666666667,1.0,3,3,0.44834710743801653,0.7293388429752066,0.26687763713080165,1.386603375527426,0.26687763713080165,0.0
2025-11-20,long,2025-11-20 09:51:00-05:00,2025-11-20 09:50:00-05:00,win,1,0.5523465703971119,69.25,60.0,1.75,25.5,8.5,0.6666666666666666,2,3,0.709349593495935,0.5630081300813008,0.7691036761668733,0.5956216439487816,0.7691036761668733,0.0
2025-11-20,long,2025-11-20 10:21:00-05:00,2025-11-20 10:17:00-05:00,loss,0,0.6473214285714286,112.0,240.0,17.75,129.0,14.333333333333334,0.5555555555555556,3,9,0.5619967793880838,0.7214170692431562,2.847863247863248,1.8507122507122507,2.847863247863248,0.0
2025-11-21,short,2025-11-21 10:09:00-05:00,2025-11-21 10:07:00-05:00,win,1,0.51,150.0,120.0,2.0,103.75,20.75,0.8,3,5,0.46875,0.6696428571428571,1.4014447884416925,1.9408324733402134,0.0,1.4014447884416925
2025-11-25,long,2025-11-25 11:51:00-05:00,2025-11-25 11:46:00-05:00,win,1,0.7711442786069652,50.25,300.0,0.0,58.0,5.2727272727272725,0.6363636363636364,3,11,0.22493461203138623,0.17523975588491716,0.7627695800227015,0.42905788876276957,0.7627695800227015,0.0
2025-11-26,short,2025-11-26 09:44:00-05:00,2025-11-26 09:41:00-05:00,loss,0,0.5102040816326531,49.0,180.0,4.25,79.0,11.285714285714286,0.42857142857142855,1,7,0.4434250764525994,0.599388379204893,1.0094043887147335,0.658307210031348,0.0,1.0094043887147335
2025-11-26,short,2025-11-26 10:15:00-05:00,2025-11-26 10:10:00-05:00,loss,0,0.5337078651685393,89.0,300.0,6.5,61.75,5.613636363636363,0.5454545454545454,2,11,0.24701873935264054,0.606473594548552,1.826086956521739,2.8309178743961354,0.0,1.826086956521739
2025-11-26,long,2025-11-26 10:44:00-05:00,2025-11-26 10:43:00-05:00,loss,0,0.3841463414634146,41.0,60.0,1.25,4.75,1.5833333333333333,0.6666666666666666,2,3,0.24701873935264054,0.27938671209540034,3.6242840778923253,2.3894616265750286,3.6242840778923253,0.0
2025-11-27,short,2025-11-27 10:32:00-05:00,2025-11-27 10:14:00-05:00,win,1,0.6265060240963856,20.75,1080.0,1.25,42.0,1.135135135135135,0.4864864864864865,4,37,0.31451612903225806,0.6693548387096774,2.38,3.9899999999999998,0.0,2.38
2025-11-27,short,2025-11-27 11:50:00-05:00,2025-11-27 11:28:00-05:00,forced_close,0,0.5285714285714286,17.5,1320.0,0.25,37.5,0.8333333333333334,0.5111111111111111,3,45,0.3023255813953488,0.5426356589147286,4.555555555555555,6.888888888888889,0.0,4.555555555555555
2025-11-28,long,2025-11-28 09:54:00-05:00,2025-11-28 09:53:00-05:00,win,1,0.5921787709497207,44.75,60.0,0.5,8.75,2.9166666666666665,0.6666666666666666,2,3,0.19293478260869565,0.48641304347826086,2.0793357933579335,2.64760147601476,2.0793357933579335,0.0
2025-11-28,long,2025-11-28 10:34:00-05:00,2025-11-28 10:30:00-05:00,win,1,0.5823529411764706,42.5,240.0,7.75,34.5,3.8333333333333335,0.7777777777777778,4,9,0.19293478260869565,0.46195652173913043,2.5846153846153848,4.013986013986014,2.5846153846153848,0.0
2025-11-28,long,2025-11-28 11:29:00-05:00,2025-11-28 11:28:00-05:00,win,1,0.4444444444444444,31.5,60.0,7.0,16.75,5.583333333333333,1.0,3,3,0.16511627906976745,0.2930232558139535,4.396135265700483,6.019323671497585,4.396135265700483,0.0
2025-12-01,long,2025-12-01 10:39:00-05:00,2025-12-01 10:36:00-05:00,win,1,0.48582995951417,123.5,180.0,11.75,80.5,11.5,0.8571428571428571,3,7,0.20055325034578148,0.6832641770401107,2.2229007633587785,4.29618320610687,2.2229007633587785,0.0
2025-12-02,short,2025-12-02 11:28:00-05:00,2025-12-02 11:26:00-05:00,win,1,0.6171875,32.0,120.0,7.5,43.75,8.75,0.6,1,5,0.12004405286343613,0.14096916299559473,0.5788367203924316,1.196916608269096,0.0,0.5788367203924316
2025-12-02,long,2025-12-02 11:44:00-05:00,2025-12-02 11:44:00-05:00,loss,0,0.4330708661417323,31.75,0.0,3.75,3.75,3.75,0.0,0,1,0.10634146341463414,0.12390243902439024,7.4696485623003195,7.5702875399361025,7.4696485623003195,0.0
2025-12-02,long,2025-12-02 11:47:00-05:00,2025-12-02 11:47:00-05:00,forced_close,0,0.6081871345029239,42.75,0.0,1.0,1.0,1.0,0.0,0,1,0.10634146341463414,0.16682926829268294,8.220415537488709,8.561878952122855,8.220415537488709,0.0
2025-12-03,long,2025-12-03 09:37:00-05:00,2025-12-03 09:36:00-05:00,loss,0,0.6517241379310345,72.5,60.0,9.75,31.75,10.583333333333334,0.6666666666666666,2,3,0.6118012422360248,0.9006211180124224,0.7749128919860627,0.6968641114982579,0.7749128919860627,0.0
2025-12-03,long,2025-12-03 09:47:00-05:00,2025-12-03 09:45:00-05:00,loss,0,0.4691780821917808,73.0,120.0,2.5,29.25,5.85,0.8,4,5,0.569364161849711,0.8439306358381503,1.2845439650464228,0.9557618787547789,1.2845439650464228,0.0
2025-12-03,long,2025-12-03 10:18:00-05:00,2025-12-03 10:13:00-05:00,win,1,0.5901639344262295,76.25,300.0,13.25,77.5,7.045454545454546,0.5454545454545454,3,11,0.341421143847487,0.5285961871750433,0.8072669826224328,2.985781990521327,0.8072669826224328,0.0
2025-12-05,long,2025-12-05 09:37:00-05:00,2025-12-05 09:37:00-05:00,loss,0,0.527027027027027,37.0,0.0,11.0,11.0,11.0,1.0,1,1,0.6839506172839506,0.3654320987654321,0.23917525773195877,1.0556701030927835,0.23917525773195877,0.0
2025-12-05,long,2025-12-05 09:52:00-05:00,2025-12-05 09:52:00-05:00,win,1,0.9230769230769232,16.25,0.0,15.5,15.5,15.5,1.0,1,1,0.5906183368869936,0.13859275053304904,0.23696682464454977,1.2132701421800949,0.23696682464454977,0.0
2025-12-05,short,2025-12-05 11:35:00-05:00,2025-12-05 11:35:00-05:00,loss,0,0.369047619047619,42.0,0.0,6.25,6.25,6.25,0.0,0,1,0.31949250288350634,0.19377162629757785,1.495480690221857,1.1733771569433031,0.0,1.495480690221857
2025-12-05,short,2025-12-05 11:48:00-05:00,2025-12-05 11:47:00-05:00,loss,0,0.3504273504273504,58.5,60.0,3.75,17.75,5.916666666666667,0.3333333333333333,1,3,0.31949250288350634,0.2698961937716263,2.4758842443729905,1.5305466237942122,0.0,2.4758842443729905
2025-12-08,short,2025-12-08 09:57:00-05:00,2025-12-08 09:51:00-05:00,win,1,0.4810126582278481,59.25,360.0,1.5,61.75,4.75,0.6153846153846154,5,13,0.38738738738738737,0.42702702702702705,1.282780410742496,2.4881516587677726,0.0,1.282780410742496
2025-12-09,long,2025-12-09 10:13:00-05:00,2025-12-09 10:09:00-05:00,win,1,0.4611872146118721,54.75,240.0,3.25,51.5,5.722222222222222,0.7777777777777778,3,9,0.38636363636363635,0.49772727272727274,1.3381424706943192,1.565374211000902,1.3381424706943192,0.0
2025-12-10,long,2025-12-10 09:51:00-05:00,2025-12-10 09:50:00-05:00,loss,0,0.3764705882352941,42.5,60.0,2.5,14.5,4.833333333333333,1.0,3,3,0.3231132075471698,0.4009433962264151,1.1686956521739131,0.4747826086956522,1.1686956521739131,0.0
2025-12-10,short,2025-12-10 10:01:00-05:00,2025-12-10 10:00:00-05:00,loss,0,0.526829268292683,51.25,60.0,4.0,23.0,7.666666666666667,1.0,3,3,0.3231132075471698,0.4834905660377358,2.008748906386702,3.0376202974628175,0.0,2.008748906386702
2025-12-10,short,2025-12-10 10:35:00-05:00,2025-12-10 10:23:00-05:00,win,1,0.6859205776173285,69.25,720.0,11.75,126.0,5.04,0.56,3,25,0.3231132075471698,0.6533018867924528,2.298507462686567,4.710990502035278,0.0,2.298507462686567
2025-12-10,short,2025-12-10 11:43:00-05:00,2025-12-10 11:31:00-05:00,loss,0,0.4792452830188679,66.25,720.0,4.0,81.5,3.26,0.52,4,25,0.23661485319516407,0.45768566493955093,10.069724770642202,10.352293577981651,0.0,10.069724770642202
2025-12-11,short,2025-12-11 09:40:00-05:00,2025-12-11 09:39:00-05:00,win,1,0.6629213483146067,66.75,60.0,6.75,25.25,8.416666666666666,1.0,3,3,0.708092485549133,0.7716763005780347,0.45448676565526147,0.7172369270497095,0.0,0.45448676565526147
2025-12-12,long,2025-12-12 09:34:00-05:00,2025-12-12 09:33:00-05:00,win,1,0.8851351351351351,37.0,60.0,3.25,27.25,9.083333333333334,1.0,3,3,0.5152671755725191,0.5648854961832062,0.19970414201183434,0.8136094674556213,0.19970414201183434,0.0
2025-12-12,long,2025-12-12 09:58:00-05:00,2025-12-12 09:57:00-05:00,win,1,0.4351145038167939,32.75,60.0,2.0,28.75,9.583333333333334,0.3333333333333333,1,3,0.28361344537815125,0.27521008403361347,3.187551187551188,2.774774774774775,3.187551187551188,0.0
2025-12-12,short,2025-12-12 10:03:00-05:00,2025-12-12 10:03:00-05:00,win,1,0.9666666666666668,22.5,0.0,5.5,5.5,5.5,1.0,1,1,0.28361344537815125,0.18907563025210083,0.38202247191011235,1.1123595505617978,0.0,0.38202247191011235
2025-12-15,short,2025-12-15 09:39:00-05:00,2025-12-15 09:37:00-05:00,win,1,0.7981651376146789,54.5,120.0,17.0,78.5,15.7,0.8,3,5,0.38660907127429806,0.4708423326133909,0.40832049306625573,2.1879815100154083,0.0,0.40832049306625573
2025-12-16,long,2025-12-16 09:34:00-05:00,2025-12-16 09:34:00-05:00,win,1,0.630901287553648,58.25,0.0,15.25,15.25,15.25,0.0,0,1,0.8832951945080092,0.5331807780320366,0.6927426955702168,0.2403393025447691,0.6927426955702168,0.0
2025-12-16,long,2025-12-16 09:45:00-05:00,2025-12-16 09:45:00-05:00,loss,0,0.3545454545454545,82.5,0.0,29.5,29.5,29.5,0.0,0,1,0.6868327402135231,0.5871886120996441,2.8543076229138475,1.1114118177717636,2.8543076229138475,0.0
2025-12-16,short,2025-12-16 10:38:00-05:00,2025-12-16 10:33:00-05:00,loss,0,0.5395033860045146,110.75,300.0,6.5,95.5,8.681818181818182,0.7272727272727273,4,11,0.4232456140350877,0.4857456140350877,1.4828402366863906,0.9775147928994083,0.0,1.4828402366863906
2025-12-16,long,2025-12-16 10:59:00-05:00,2025-12-16 10:59:00-05:00,win,1,0.4098360655737705,45.75,0.0,9.25,9.25,9.25,1.0,1,1,0.4232456140350877,0.20065789473684212,2.9849056603773585,3.5924528301886793,2.9849056603773585,0.0
2025-12-16,long,2025-12-16 11:11:00-05:00,2025-12-16 11:11:00-05:00,loss,0,0.367816091954023,65.25,0.0,23.75,23.75,23.75,0.0,0,1,0.4232456140350877,0.28618421052631576,6.241379310344827,4.689655172413793,6.241379310344827,0.0
2025-12-16,long,2025-12-16 11:47:00-05:00,2025-12-16 11:29:00-05:00,forced_close,0,0.4772277227722772,126.25,1080.0,23.75,348.0,9.405405405405405,0.6216216216216216,6,37,0.4232456140350877,0.5537280701754386,7.3485232067510555,4.820253164556962,7.3485232067510555,0.0
2025-12-18,short,2025-12-18 10:11:00-05:00,2025-12-18 10:02:00-05:00,loss,0,0.593065693430657,137.0,540.0,5.0,195.0,10.263157894736842,0.6842105263157895,3,19,0.3413173652694611,0.8203592814371258,2.142424242424242,4.115151515151515,0.0,2.142424242424242
2025-12-22,short,2025-12-22 10:04:00-05:00,2025-12-22 09:56:00-05:00,win,1,0.4628571428571428,87.5,480.0,2.0,105.5,6.205882352941177,0.6470588235294118,4,17,0.24798387096774194,0.7056451612903226,2.506,4.662,0.0,2.506
2025-12-23,long,2025-12-23 09:44:00-05:00,2025-12-23 09:34:00-05:00,win,1,0.5539906103286385,53.25,600.0,6.5,127.75,6.083333333333333,0.42857142857142855,2,21,0.8266331658291457,0.535175879396985,0.865100087032202,0.8407310704960835,0.865100087032202,0.0
2025-12-23,short,2025-12-23 10:09:00-05:00,2025-12-23 10:08:00-05:00,loss,0,0.3884297520661157,30.25,60.0,2.0,3.25,1.0833333333333333,1.0,3,3,0.6633064516129032,0.2439516129032258,0.8280961182994454,0.5563770794824399,0.0,0.8280961182994454
2025-12-23,short,2025-12-23 10:12:00-05:00,2025-12-23 10:11:00-05:00,loss,0,0.8125,44.0,60.0,3.25,27.5,9.166666666666666,0.6666666666666666,2,3,0.6633064516129032,0.3548387096774194,0.6345975948196115,0.5568917668825162,0.0,0.6345975948196115
2025-12-23,long,2025-12-23 10:57:00-05:00,2025-12-23 10:56:00-05:00,win,1,1.068181818181818,11.0,60.0,0.0,14.0,4.666666666666667,0.3333333333333333,1,3,0.6633064516129032,0.08870967741935484,2.523605150214592,3.7253218884120174,2.523605150214592,0.0
2025-12-24,long,2025-12-24 10:42:00-05:00,2025-12-24 10:27:00-05:00,win,1,0.6074074074074074,33.75,900.0,1.5,60.5,1.9516129032258065,0.5161290322580645,3,31,0.7721518987341772,0.569620253164557,3.0121212121212118,2.2909090909090906,3.0121212121212118,0.0
2025-12-26,long,2025-12-26 09:39:00-05:00,2025-12-26 09:38:00-05:00,loss,0,0.6962962962962963,33.75,60.0,1.0,16.5,5.5,0.6666666666666666,2,3,0.5787401574803149,0.531496062992126,0.4678998911860718,0.750816104461371,0.4678998911860718,0.0
2025-12-26,short,2025-12-26 11:27:00-05:00,2025-12-26 11:24:00-05:00,loss,0,0.3706896551724138,29.0,180.0,0.0,12.0,1.7142857142857142,0.5714285714285714,3,7,0.36476426799007444,0.2878411910669975,4.116152450090745,4.039927404718694,0.0,4.116152450090745
2025-12-29,long,2025-12-29 10:21:00-05:00,2025-12-29 10:20:00-05:00,win,1,0.6428571428571429,17.5,60.0,9.5,17.25,5.75,0.6666666666666666,1,3,0.28139904610492844,0.11128775834658187,5.978213507625273,6.7254901960784315,5.978213507625273,0.0
2025-12-29,long,2025-12-29 10:53:00-05:00,2025-12-29 10:52:00-05:00,win,1,0.3609467455621302,42.25,60.0,9.0,23.25,7.75,1.0,3,3,0.28139904610492844,0.2686804451510334,8.553571428571429,7.875,8.553571428571429,0.0
2025-12-29,long,2025-12-29 11:46:00-05:00,2025-12-29 11:44:00-05:00,forced_close,0,0.4140625,32.0,120.0,2.5,14.5,2.9,0.8,3,5,0.28139904610492844,0.20349761526232116,12.087431693989071,11.245901639344263,12.087431693989071,0.0
2025-12-30,short,2025-12-30 09:48:00-05:00,2025-12-30 09:47:00-05:00,loss,0,0.4825174825174825,35.75,60.0,15.0,24.75,8.25,0.6666666666666666,2,3,0.7352941176470589,0.6008403361344538,1.693950177935943,0.7846975088967971,0.0,1.693950177935943
2025-12-30,long,2025-12-30 09:55:00-05:00,2025-12-30 09:54:00-05:00,win,1,0.7789473684210526,23.75,60.0,9.5,20.5,6.833333333333333,1.0,3,3,0.541795665634675,0.29411764705882354,0.014846235418875926,1.2619300106044538,0.014846235418875926,0.0
2025-12-30,long,2025-12-30 10:56:00-05:00,2025-12-30 10:55:00-05:00,win,1,0.851063829787234,11.75,60.0,1.5,8.0,2.6666666666666665,0.6666666666666666,2,3,0.43209876543209874,0.11604938271604938,4.051282051282051,4.282051282051282,4.051282051282051,0.0
